sale_id,order_id,customer_id,product_id,location_id,date_id,ship_mode,sales,quantity,discount,profit
1,CA-2016-152156,CG-12520,FUR-BO-10001798,1,1,Second Class,261.96,2,0.0,41.91
2,CA-2016-152156,CG-12520,FUR-CH-10000454,1,1,Second Class,731.94,3,0.0,219.58
3,CA-2016-138688,DV-13045,OFF-LA-10000240,2,2,Second Class,14.62,2,0.0,6.87
4,US-2015-108966,SO-20335,FUR-TA-10000577,3,3,Standard Class,957.58,5,0.45,-383.03
5,US-2015-108966,SO-20335,OFF-ST-10000760,3,3,Standard Class,22.37,2,0.2,2.52
6,CA-2014-115812,BH-11710,FUR-FU-10001487,4,4,Standard Class,48.86,7,0.0,14.17
7,CA-2014-115812,BH-11710,OFF-AR-10002833,4,4,Standard Class,7.28,4,0.0,1.97
8,CA-2014-115812,BH-11710,TEC-PH-10002275,4,4,Standard Class,907.15,6,0.2,90.72
9,CA-2014-115812,BH-11710,OFF-BI-10003910,4,4,Standard Class,18.5,3,0.2,5.78
10,CA-2014-115812,BH-11710,OFF-AP-10002892,4,4,Standard Class,114.9,5,0.0,34.47
11,CA-2014-115812,BH-11710,FUR-TA-10001539,4,4,Standard Class,1706.18,9,0.2,85.31
12,CA-2014-115812,BH-11710,TEC-PH-10002033,4,4,Standard Class,911.42,4,0.2,68.36
13,CA-2017-114412,AA-10480,OFF-PA-10002365,5,5,Standard Class,15.55,3,0.2,5.44
14,CA-2016-161389,IM-15070,OFF-BI-10003656,6,6,Standard Class,407.98,3,0.2,132.59
15,US-2015-118983,HP-14815,OFF-AP-10002311,7,7,Standard Class,68.81,5,0.8,-123.86
16,US-2015-118983,HP-14815,OFF-BI-10000756,7,7,Standard Class,2.54,3,0.8,-3.82
17,CA-2014-105893,PK-19075,OFF-ST-10004186,8,8,Standard Class,665.88,6,0.0,13.32
18,CA-2014-167164,AG-10270,OFF-ST-10000107,9,9,Second Class,55.5,2,0.0,9.99
19,CA-2014-143336,ZD-21925,OFF-AR-10003056,10,10,Second Class,8.56,2,0.0,2.48
20,CA-2014-143336,ZD-21925,TEC-PH-10001949,10,10,Second Class,213.48,3,0.2,16.01
21,CA-2014-143336,ZD-21925,OFF-BI-10002215,10,10,Second Class,22.72,4,0.2,7.38
22,CA-2016-137330,KB-16585,OFF-AR-10000246,11,11,Standard Class,19.46,7,0.0,5.06
23,CA-2016-137330,KB-16585,OFF-AP-10001492,11,11,Standard Class,60.34,7,0.0,15.69
24,US-2017-156909,SF-20065,FUR-CH-10002774,12,12,Second Class,71.37,2,0.3,-1.02
25,CA-2015-106320,EB-13870,FUR-TA-10000577,13,13,Standard Class,1044.63,3,0.0,240.26
26,CA-2016-121755,EH-13945,OFF-BI-10001634,14,14,Second Class,11.65,2,0.2,4.22
27,CA-2016-121755,EH-13945,TEC-AC-10003027,14,14,Second Class,90.57,3,0.0,11.77
28,US-2015-150630,TB-21520,FUR-BO-10004834,12,15,Standard Class,3083.43,7,0.5,-1665.05
29,US-2015-150630,TB-21520,OFF-BI-10000474,12,15,Standard Class,9.62,2,0.7,-7.05
30,US-2015-150630,TB-21520,FUR-FU-10004848,12,15,Standard Class,124.2,3,0.2,15.52
31,US-2015-150630,TB-21520,OFF-EN-10001509,12,15,Standard Class,3.26,2,0.2,1.1
32,US-2015-150630,TB-21520,OFF-AR-10004042,12,15,Standard Class,86.3,6,0.2,9.71
33,US-2015-150630,TB-21520,OFF-BI-10001525,12,15,Standard Class,6.86,6,0.7,-5.72
34,US-2015-150630,TB-21520,OFF-AR-10001683,12,15,Standard Class,15.76,2,0.2,3.55
35,CA-2017-107727,MA-17560,OFF-PA-10000249,15,16,Second Class,29.47,3,0.2,9.95
36,CA-2016-117590,GH-14485,TEC-PH-10004977,16,17,First Class,1097.54,7,0.2,123.47
37,CA-2016-117590,GH-14485,FUR-FU-10003664,16,17,First Class,190.92,5,0.6,-147.96
38,CA-2015-117415,SN-20710,OFF-EN-10002986,17,18,Standard Class,113.33,9,0.2,35.42
39,CA-2015-117415,SN-20710,FUR-BO-10002545,17,18,Standard Class,532.4,3,0.32,-46.98
40,CA-2015-117415,SN-20710,FUR-CH-10004218,17,18,Standard Class,212.06,3,0.3,-15.15
41,CA-2015-117415,SN-20710,TEC-PH-10000486,17,18,Standard Class,371.17,4,0.2,41.76
42,CA-2017-120999,LC-16930,TEC-PH-10004093,18,19,Standard Class,147.17,4,0.2,16.56
43,CA-2016-101343,RA-19885,OFF-ST-10003479,14,20,Standard Class,77.88,2,0.0,3.89
44,CA-2017-139619,ES-14080,OFF-ST-10003282,19,21,Standard Class,95.62,2,0.2,9.56
45,CA-2016-118255,ON-18715,TEC-AC-10000171,20,22,First Class,45.98,2,0.0,19.77
46,CA-2016-118255,ON-18715,OFF-BI-10003291,20,22,First Class,17.46,2,0.0,8.21
47,CA-2014-146703,PO-18865,OFF-ST-10001713,21,23,Second Class,211.96,4,0.0,8.48
48,CA-2016-169194,LH-16900,TEC-AC-10002167,22,24,Standard Class,45.0,3,0.0,4.95
49,CA-2016-169194,LH-16900,TEC-PH-10003988,22,24,Standard Class,21.8,2,0.0,6.1
50,CA-2015-115742,DP-13000,OFF-BI-10004410,23,25,Standard Class,38.22,6,0.0,17.96
51,CA-2015-115742,DP-13000,OFF-LA-10002762,23,25,Standard Class,75.18,6,0.0,35.33
52,CA-2015-115742,DP-13000,FUR-FU-10001706,23,25,Standard Class,6.16,2,0.0,2.96
53,CA-2015-115742,DP-13000,FUR-CH-10003061,23,25,Standard Class,89.99,1,0.0,17.1
54,CA-2016-105816,JM-15265,OFF-FA-10000304,24,26,Standard Class,15.26,7,0.0,6.26
55,CA-2016-105816,JM-15265,TEC-PH-10002447,24,26,Standard Class,1029.95,5,0.0,298.69
56,CA-2016-111682,TB-21055,OFF-ST-10000604,25,27,First Class,208.56,6,0.0,52.14
57,CA-2016-111682,TB-21055,OFF-PA-10001569,25,27,First Class,32.4,5,0.0,15.55
58,CA-2016-111682,TB-21055,FUR-CH-10003968,25,27,First Class,319.41,5,0.1,7.1
59,CA-2016-111682,TB-21055,OFF-PA-10000587,25,27,First Class,14.56,2,0.0,6.99
60,CA-2016-111682,TB-21055,TEC-AC-10002167,25,27,First Class,30.0,2,0.0,3.3
61,CA-2016-111682,TB-21055,OFF-BI-10001460,25,27,First Class,48.48,4,0.2,16.36
62,CA-2016-111682,TB-21055,OFF-AR-10001868,25,27,First Class,1.68,1,0.0,0.84
63,CA-2015-135545,KM-16720,TEC-AC-10004633,26,28,Standard Class,13.98,2,0.0,6.15
64,CA-2015-135545,KM-16720,OFF-BI-10001078,26,28,Standard Class,25.82,6,0.2,9.36
65,CA-2015-135545,KM-16720,OFF-PA-10003892,26,28,Standard Class,146.73,3,0.0,68.96
66,CA-2015-135545,KM-16720,FUR-FU-10000397,26,28,Standard Class,79.76,4,0.0,22.33
67,US-2015-164175,PS-18970,FUR-CH-10001146,27,29,Standard Class,213.12,5,0.3,-15.22
68,CA-2014-106376,BS-11590,OFF-AR-10002671,28,30,Standard Class,1113.02,8,0.2,111.3
69,CA-2014-106376,BS-11590,TEC-PH-10002726,28,30,Standard Class,167.97,4,0.2,62.99
70,CA-2016-119823,KD-16270,OFF-PA-10000482,29,31,First Class,75.88,2,0.0,35.66
71,CA-2016-106075,HM-14980,OFF-BI-10004654,30,32,Standard Class,4.62,1,0.2,1.73
72,CA-2017-114440,TB-21520,OFF-PA-10004675,31,33,Second Class,19.05,3,0.0,8.76
73,US-2015-134026,JE-15745,FUR-CH-10000513,32,34,Standard Class,831.94,8,0.2,-114.39
74,US-2015-134026,JE-15745,FUR-FU-10003708,32,34,Standard Class,97.04,2,0.2,1.21
75,US-2015-134026,JE-15745,OFF-ST-10004123,32,34,Standard Class,72.78,1,0.2,-18.2
76,US-2017-118038,KB-16600,OFF-BI-10004182,17,35,First Class,1.25,3,0.8,-1.93
77,US-2017-118038,KB-16600,FUR-FU-10000260,17,35,First Class,9.71,3,0.6,-5.82
78,US-2017-118038,KB-16600,OFF-ST-10000615,17,35,First Class,27.24,3,0.2,2.72
79,US-2014-147606,JE-15745,FUR-FU-10003194,33,36,Second Class,19.3,5,0.6,-14.48
80,CA-2016-127208,SC-20770,OFF-AP-10002118,34,2,First Class,208.16,1,0.0,56.2
81,CA-2016-127208,SC-20770,OFF-BI-10002309,34,2,First Class,16.74,3,0.0,8.04
82,CA-2014-139451,DN-13690,OFF-AR-10002053,35,37,Standard Class,14.9,5,0.0,4.17
83,CA-2014-139451,DN-13690,OFF-ST-10002370,35,37,Standard Class,21.39,1,0.0,6.2
84,CA-2015-149734,JC-16105,OFF-EN-10000927,36,38,Standard Class,200.98,7,0.2,62.81
85,US-2017-119662,CS-12400,OFF-ST-10003656,37,39,First Class,230.38,3,0.2,-48.95
86,CA-2017-140088,PO-18865,FUR-CH-10000863,38,40,Second Class,301.96,2,0.0,33.22
87,CA-2017-155558,PG-18895,TEC-AC-10001998,39,41,Standard Class,19.99,1,0.0,6.8
88,CA-2017-155558,PG-18895,OFF-LA-10000134,39,41,Standard Class,6.16,2,0.0,2.96
89,CA-2016-159695,GM-14455,OFF-ST-10003442,15,42,Second Class,158.37,7,0.2,13.86
90,CA-2016-109806,JS-15685,OFF-AR-10004930,2,43,Standard Class,20.1,3,0.0,6.63
91,CA-2016-109806,JS-15685,TEC-PH-10004093,2,43,Standard Class,73.58,2,0.2,8.28
92,CA-2016-109806,JS-15685,OFF-PA-10000304,2,43,Standard Class,6.48,1,0.0,3.11
93,CA-2015-149587,KB-16315,OFF-PA-10003177,40,44,Second Class,12.96,2,0.0,6.22
94,CA-2015-149587,KB-16315,FUR-FU-10003799,40,44,Second Class,53.34,3,0.0,16.54
95,CA-2015-149587,KB-16315,OFF-BI-10002852,40,44,Second Class,32.96,2,0.0,16.15
96,US-2017-109484,RB-19705,OFF-BI-10004738,41,45,Standard Class,5.68,1,0.7,-3.79
97,CA-2017-161018,PN-18775,FUR-FU-10000629,30,46,Second Class,96.53,7,0.0,40.54
98,CA-2017-157833,KD-16345,OFF-BI-10001721,35,47,First Class,51.31,3,0.2,17.96
99,CA-2016-149223,ER-13855,OFF-AP-10000358,42,48,Standard Class,77.88,6,0.0,22.59
100,CA-2016-158568,RB-19465,OFF-PA-10003256,27,49,Standard Class,64.62,7,0.2,22.62
101,CA-2016-158568,RB-19465,TEC-AC-10001767,27,49,Standard Class,95.98,3,0.2,-10.8
102,CA-2016-158568,RB-19465,OFF-BI-10002609,27,49,Standard Class,1.79,3,0.8,-3.04
103,CA-2016-129903,GZ-14470,OFF-PA-10004040,39,50,Second Class,23.92,4,0.0,11.72
104,US-2015-156867,LC-16870,TEC-AC-10001552,43,51,Standard Class,238.9,6,0.2,-26.88
105,US-2015-156867,LC-16870,FUR-FU-10004006,43,51,Standard Class,102.36,3,0.2,-3.84
106,US-2015-156867,LC-16870,OFF-BI-10002794,43,51,Standard Class,36.88,3,0.7,-25.82
107,CA-2017-119004,JM-15250,TEC-AC-10003499,44,52,Standard Class,74.11,8,0.2,17.6
108,CA-2017-119004,JM-15250,TEC-PH-10002844,44,52,Standard Class,27.99,1,0.2,2.1
109,CA-2017-119004,JM-15250,OFF-AR-10000390,44,52,Standard Class,3.3,1,0.2,1.07
110,CA-2015-129476,PA-19060,TEC-AC-10000844,45,53,Standard Class,339.96,5,0.2,67.99
111,CA-2017-146780,CV-12805,FUR-FU-10001934,46,54,Standard Class,41.96,2,0.0,10.91
112,CA-2016-128867,CL-12565,OFF-AR-10000380,47,55,Standard Class,75.96,2,0.0,22.79
113,CA-2016-128867,CL-12565,OFF-BI-10003981,47,55,Standard Class,27.24,6,0.0,13.35
114,CA-2014-115259,RC-19960,OFF-FA-10000621,48,56,Second Class,40.1,14,0.2,14.53
115,CA-2014-115259,RC-19960,OFF-EN-10002600,48,56,Second Class,4.72,2,0.2,1.65
116,CA-2014-115259,RC-19960,OFF-PA-10004965,48,56,Second Class,23.98,3,0.2,7.49
117,CA-2014-115259,RC-19960,OFF-EN-10002504,48,56,Second Class,130.46,6,0.2,44.03
118,CA-2015-110457,DK-13090,FUR-TA-10001768,6,57,Standard Class,787.53,3,0.0,165.38
119,US-2015-136476,GG-14650,OFF-BI-10003650,49,58,Standard Class,157.79,1,0.7,-115.72
120,CA-2016-103730,SC-20725,FUR-FU-10002157,50,2,First Class,47.04,3,0.0,18.35
121,CA-2016-103730,SC-20725,OFF-BI-10003910,50,2,First Class,30.84,4,0.0,13.88
122,CA-2016-103730,SC-20725,OFF-ST-10000777,50,2,First Class,226.56,6,0.0,63.44
123,CA-2016-103730,SC-20725,OFF-EN-10002500,50,2,First Class,115.02,9,0.0,51.76
124,CA-2016-103730,SC-20725,TEC-PH-10003875,50,2,First Class,68.04,7,0.0,19.73
125,US-2014-152030,AD-10180,FUR-CH-10004063,17,59,Second Class,600.56,3,0.3,-8.58
126,US-2014-134614,PF-19165,FUR-TA-10004534,51,60,Standard Class,617.7,6,0.5,-407.68
127,US-2017-107272,TS-21610,OFF-BI-10003274,52,61,Standard Class,2.39,2,0.7,-1.83
128,US-2017-107272,TS-21610,OFF-ST-10002974,52,61,Standard Class,243.99,7,0.2,30.5
129,US-2016-125969,LS-16975,FUR-CH-10001146,26,62,Second Class,81.42,2,0.2,-9.16
130,US-2016-125969,LS-16975,FUR-FU-10003773,26,62,Second Class,238.56,3,0.0,26.24
131,US-2017-164147,DW-13585,TEC-PH-10002293,48,63,First Class,59.97,5,0.4,-11.99
132,US-2017-164147,DW-13585,OFF-PA-10002377,48,63,First Class,78.3,2,0.2,29.36
133,US-2017-164147,DW-13585,OFF-FA-10002780,48,63,First Class,21.46,9,0.2,6.97
134,CA-2016-145583,LC-16885,OFF-PA-10001804,53,64,Standard Class,20.04,3,0.0,9.62
135,CA-2016-145583,LC-16885,OFF-PA-10001736,53,64,Standard Class,35.44,1,0.0,16.66
136,CA-2016-145583,LC-16885,OFF-AR-10001149,53,64,Standard Class,11.52,4,0.0,3.46
137,CA-2016-145583,LC-16885,OFF-FA-10002988,53,64,Standard Class,4.02,2,0.0,1.97
138,CA-2016-145583,LC-16885,OFF-BI-10004781,53,64,Standard Class,76.18,3,0.2,26.66
139,CA-2016-145583,LC-16885,OFF-SU-10001218,53,64,Standard Class,65.88,6,0.0,18.45
140,CA-2016-145583,LC-16885,FUR-FU-10001706,53,64,Standard Class,43.12,14,0.0,20.7
141,CA-2016-110366,JD-15895,FUR-FU-10004848,12,65,Second Class,82.8,2,0.2,10.35
142,CA-2017-106180,SH-19975,OFF-AR-10000940,35,66,Standard Class,8.82,3,0.0,2.38
143,CA-2017-106180,SH-19975,OFF-EN-10004030,35,66,Standard Class,10.86,3,0.0,5.1
144,CA-2017-106180,SH-19975,OFF-PA-10004327,35,66,Standard Class,143.7,3,0.0,68.98
145,CA-2017-155376,SG-20080,OFF-AP-10001058,54,67,Standard Class,839.43,3,0.0,218.25
146,CA-2015-110744,HA-14920,OFF-ST-10003656,55,68,Standard Class,671.93,7,0.0,20.16
147,CA-2014-110072,MG-17680,FUR-FU-10000521,56,69,Standard Class,93.89,4,0.2,12.91
148,CA-2016-114489,JE-16165,TEC-PH-10000215,57,6,Standard Class,384.45,11,0.0,103.8
149,CA-2016-114489,JE-16165,TEC-PH-10001448,57,6,Standard Class,149.97,3,0.0,6.0
150,CA-2016-114489,JE-16165,FUR-CH-10000454,57,6,Standard Class,1951.84,8,0.0,585.55
151,CA-2016-114489,JE-16165,OFF-BI-10002735,57,6,Standard Class,171.55,5,0.0,80.63
152,CA-2016-158834,TW-21025,OFF-AP-10000326,58,70,First Class,157.92,5,0.2,17.77
153,CA-2016-158834,TW-21025,TEC-PH-10001254,58,70,First Class,203.18,2,0.2,15.24
154,CA-2015-124919,SP-20650,OFF-PA-10001950,59,71,First Class,58.38,7,0.0,26.27
155,CA-2015-124919,SP-20650,OFF-PA-10002254,59,71,First Class,105.52,4,0.0,48.54
156,CA-2015-124919,SP-20650,OFF-ST-10001590,59,71,First Class,80.88,6,0.0,21.03
157,CA-2015-118948,NK-18490,OFF-AR-10001547,60,72,Standard Class,6.63,3,0.0,1.79
158,CA-2014-104269,DB-13060,FUR-CH-10004063,61,73,Second Class,457.57,2,0.2,51.48
159,CA-2016-114104,NP-18670,OFF-LA-10002475,62,74,Standard Class,14.62,2,0.0,6.87
160,CA-2016-114104,NP-18670,TEC-PH-10004536,62,74,Standard Class,944.93,7,0.0,236.23
161,CA-2016-162733,TT-21070,OFF-PA-10002751,63,75,First Class,5.98,1,0.0,2.69
162,CA-2015-119697,EM-13960,TEC-AC-10003657,64,76,Second Class,54.38,2,0.2,1.36
163,CA-2016-154508,RD-19900,OFF-EN-10001990,65,77,Standard Class,28.4,5,0.0,13.35
164,CA-2016-113817,MJ-17740,OFF-BI-10004002,61,78,Standard Class,27.68,2,0.2,9.69
165,CA-2014-139892,BM-11140,OFF-AR-10004441,66,79,Standard Class,9.94,3,0.2,2.73
166,CA-2014-139892,BM-11140,TEC-MA-10000822,66,79,Standard Class,8159.95,8,0.4,-1359.99
167,CA-2014-139892,BM-11140,OFF-ST-10000991,66,79,Standard Class,275.93,3,0.2,-58.63
168,CA-2014-139892,BM-11140,FUR-CH-10004287,66,79,Standard Class,1740.06,9,0.3,-24.86
169,CA-2014-139892,BM-11140,OFF-AR-10002656,66,79,Standard Class,32.06,6,0.2,6.81
170,CA-2014-139892,BM-11140,OFF-AP-10002518,66,79,Standard Class,177.98,5,0.8,-453.85
171,CA-2014-139892,BM-11140,TEC-PH-10003931,66,79,Standard Class,143.98,3,0.2,9.0
172,CA-2014-118962,CS-12130,OFF-PA-10000659,26,80,Standard Class,20.94,3,0.0,9.84
173,CA-2014-118962,CS-12130,OFF-PA-10001144,26,80,Standard Class,110.96,2,0.0,53.26
174,CA-2014-118962,CS-12130,FUR-CH-10003817,26,80,Standard Class,340.14,7,0.2,21.26
175,US-2014-100853,JB-15400,OFF-AP-10000891,37,81,Standard Class,52.45,2,0.8,-131.12
176,US-2014-100853,JB-15400,OFF-LA-10003148,37,81,Standard Class,20.16,4,0.2,6.55
177,US-2017-152366,SJ-20500,OFF-AP-10002684,67,82,Second Class,97.26,4,0.8,-243.16
178,US-2015-101511,JE-15745,FUR-CH-10004698,56,83,Second Class,396.8,7,0.3,-11.34
179,US-2015-101511,JE-15745,OFF-SU-10002189,56,83,Second Class,15.88,5,0.2,-3.77
180,CA-2015-137225,JK-15640,OFF-AR-10001940,30,84,Standard Class,3.28,1,0.0,1.41
181,CA-2014-166191,DK-13150,OFF-ST-10003455,68,30,Second Class,24.82,2,0.2,1.86
182,CA-2014-166191,DK-13150,TEC-AC-10004659,68,30,Second Class,408.74,7,0.2,76.64
183,CA-2014-158274,RM-19675,TEC-PH-10003273,69,85,Second Class,503.96,4,0.0,131.03
184,CA-2014-158274,RM-19675,TEC-PH-10004896,69,85,Second Class,149.95,5,0.0,41.99
185,CA-2014-158274,RM-19675,TEC-AC-10002345,69,85,Second Class,29.0,2,0.0,7.25
186,CA-2016-105018,SK-19990,OFF-BI-10001890,70,86,Standard Class,7.16,2,0.0,3.44
187,CA-2014-123260,FM-14290,TEC-AC-10002323,4,87,Standard Class,176.8,8,0.0,22.98
188,CA-2016-157000,AM-10360,OFF-ST-10001328,71,88,Standard Class,37.22,3,0.2,3.72
189,CA-2016-157000,AM-10360,OFF-PA-10001950,71,88,Standard Class,20.02,3,0.2,6.26
190,CA-2015-102281,MP-17470,FUR-BO-10002613,46,89,First Class,899.14,4,0.2,112.39
191,CA-2015-102281,MP-17470,TEC-PH-10001552,46,89,First Class,71.76,6,0.0,20.09
192,CA-2015-102281,MP-17470,OFF-PA-10000061,46,89,First Class,51.84,8,0.0,24.88
193,CA-2015-102281,MP-17470,FUR-BO-10002545,46,89,First Class,626.35,3,0.2,46.98
194,CA-2015-102281,MP-17470,OFF-AR-10003514,46,89,First Class,19.9,5,0.0,6.57
195,CA-2015-131457,MZ-17515,OFF-EN-10001509,72,90,Standard Class,14.28,7,0.0,6.71
196,CA-2014-140004,CB-12025,OFF-AR-10004685,73,91,Standard Class,7.41,2,0.2,1.2
197,CA-2014-140004,CB-12025,OFF-AR-10004027,73,91,Standard Class,6.05,3,0.2,1.59
198,CA-2017-107720,VM-21685,OFF-ST-10001414,74,45,Standard Class,46.26,3,0.0,12.03
199,US-2017-124303,FH-14365,OFF-BI-10000343,75,92,Standard Class,2.95,2,0.7,-2.26
200,US-2017-124303,FH-14365,OFF-PA-10002749,75,92,Standard Class,16.06,3,0.2,5.82
201,CA-2017-105074,MB-17305,OFF-PA-10002666,76,93,Standard Class,21.74,3,0.2,6.8
202,CA-2014-133690,BS-11755,FUR-TA-10004289,77,94,First Class,218.75,2,0.5,-161.88
203,CA-2014-133690,BS-11755,OFF-AP-10003622,77,94,First Class,2.6,1,0.2,0.29
204,US-2017-116701,LC-17140,OFF-AP-10003217,78,95,Second Class,66.28,2,0.8,-178.97
205,CA-2017-126382,HK-14890,FUR-FU-10002960,79,96,Standard Class,35.17,7,0.2,9.67
206,CA-2017-108329,LE-16810,TEC-PH-10001918,80,35,Standard Class,444.77,4,0.2,44.48
207,CA-2017-135860,JH-15985,OFF-ST-10000642,81,97,Standard Class,83.92,4,0.0,5.87
208,CA-2017-135860,JH-15985,TEC-PH-10001700,81,97,Standard Class,131.98,2,0.0,35.63
209,CA-2017-135860,JH-15985,OFF-BI-10003274,81,97,Standard Class,15.92,4,0.0,7.48
210,CA-2017-135860,JH-15985,OFF-FA-10000134,81,97,Standard Class,52.29,9,0.0,16.21
211,CA-2017-135860,JH-15985,OFF-ST-10001522,81,97,Standard Class,91.99,1,0.0,3.68
212,CA-2015-101007,MS-17980,TEC-AC-10001266,78,98,Second Class,20.8,2,0.2,6.5
213,CA-2015-146262,VW-21775,OFF-LA-10004544,82,99,Standard Class,23.68,2,0.2,8.88
214,CA-2015-146262,VW-21775,FUR-BO-10004695,82,99,Standard Class,452.45,5,0.5,-244.32
215,CA-2015-146262,VW-21775,TEC-PH-10002844,82,99,Standard Class,62.98,3,0.4,-14.7
216,CA-2015-146262,VW-21775,TEC-MA-10000864,82,99,Standard Class,1188.0,9,0.7,-950.4
217,CA-2015-146262,VW-21775,TEC-AC-10000109,82,99,Standard Class,89.58,2,0.2,4.48
218,CA-2016-130162,JH-15910,OFF-ST-10001328,4,100,Standard Class,93.06,6,0.0,26.06
219,CA-2016-130162,JH-15910,TEC-PH-10002563,4,100,Standard Class,302.38,3,0.2,22.68
220,CA-2015-169397,JB-15925,OFF-FA-10000585,83,101,First Class,5.58,2,0.2,1.81
221,CA-2015-169397,JB-15925,OFF-PA-10004000,83,101,First Class,22.7,6,0.2,8.23
222,CA-2015-169397,JB-15925,OFF-BI-10002852,83,101,First Class,19.78,4,0.7,-13.84
223,CA-2015-169397,JB-15925,FUR-FU-10000087,83,101,First Class,72.7,4,0.2,19.08
224,CA-2015-169397,JB-15925,TEC-MA-10001148,83,101,First Class,479.99,4,0.7,-383.99
225,CA-2015-169397,JB-15925,OFF-AR-10001958,83,101,First Class,27.17,2,0.2,2.72
226,CA-2015-163055,DS-13180,OFF-AR-10001026,84,102,Standard Class,2.2,1,0.0,0.97
227,CA-2015-163055,DS-13180,FUR-TA-10003748,84,102,Standard Class,622.45,5,0.0,136.94
228,CA-2015-163055,DS-13180,OFF-ST-10002485,84,102,Standard Class,21.98,1,0.0,0.22
229,US-2015-145436,VD-21670,FUR-CH-10004860,85,103,Standard Class,161.57,2,0.2,-28.27
230,US-2015-145436,VD-21670,FUR-CH-10004477,85,103,Standard Class,389.7,8,0.2,43.84
231,US-2014-156216,EA-14035,OFF-BI-10001679,44,104,Standard Class,18.65,7,0.7,-12.43
232,US-2017-100930,CS-12400,FUR-TA-10001705,86,105,Standard Class,233.86,2,0.45,-102.05
233,US-2017-100930,CS-12400,FUR-TA-10003473,86,105,Standard Class,620.61,3,0.45,-248.25
234,US-2017-100930,CS-12400,OFF-BI-10001679,86,105,Standard Class,5.33,2,0.7,-3.55
235,US-2017-100930,CS-12400,FUR-FU-10004017,86,105,Standard Class,258.07,3,0.2,0.0
236,US-2017-100930,CS-12400,TEC-AC-10003832,86,105,Standard Class,617.98,3,0.2,-7.72
237,CA-2017-160514,DB-13120,OFF-PA-10002479,87,106,Standard Class,10.56,2,0.0,4.75
238,CA-2016-157749,KL-16645,OFF-PA-10003349,27,31,Second Class,25.92,5,0.2,9.4
239,CA-2016-157749,KL-16645,FUR-FU-10000576,27,31,Second Class,419.68,5,0.6,-356.73
240,CA-2016-157749,KL-16645,FUR-FU-10004351,27,31,Second Class,11.69,3,0.6,-4.68
241,CA-2016-157749,KL-16645,TEC-PH-10000011,27,31,Second Class,31.98,2,0.2,11.19
242,CA-2016-157749,KL-16645,FUR-TA-10002607,27,31,Second Class,177.22,5,0.5,-120.51
243,CA-2016-157749,KL-16645,FUR-FU-10002505,27,31,Second Class,4.04,3,0.6,-2.83
244,CA-2016-157749,KL-16645,OFF-AR-10004685,27,31,Second Class,7.41,2,0.2,1.2
245,CA-2014-131926,DW-13480,FUR-CH-10004063,88,107,Second Class,2001.86,7,0.0,580.54
246,CA-2014-131926,DW-13480,OFF-ST-10002276,88,107,Second Class,166.72,2,0.0,41.68
247,CA-2014-131926,DW-13480,OFF-PA-10004082,88,107,Second Class,47.88,6,0.0,23.94
248,CA-2014-131926,DW-13480,OFF-AP-10002945,88,107,Second Class,1503.25,5,0.0,496.07
249,CA-2014-131926,DW-13480,OFF-PA-10000061,88,107,Second Class,25.92,4,0.0,12.44
250,CA-2016-154739,LH-17155,FUR-CH-10002965,10,108,Second Class,321.57,2,0.2,28.14
251,CA-2016-145625,KC-16540,OFF-PA-10004569,89,109,Standard Class,7.61,1,0.0,3.58
252,CA-2016-145625,KC-16540,TEC-AC-10003832,89,109,Standard Class,3347.37,13,0.0,636.0
253,CA-2016-146941,DL-13315,OFF-ST-10001228,24,108,First Class,80.58,6,0.0,22.56
254,CA-2016-146941,DL-13315,OFF-EN-10003296,24,108,First Class,361.92,4,0.0,162.86
255,US-2015-159982,DR-12880,FUR-FU-10002505,37,110,Standard Class,12.13,9,0.6,-8.49
256,US-2015-159982,DR-12880,OFF-ST-10004804,37,110,Standard Class,82.37,2,0.2,-19.56
257,US-2015-159982,DR-12880,OFF-ST-10001590,37,110,Standard Class,53.92,5,0.2,4.04
258,US-2015-159982,DR-12880,TEC-PH-10001580,37,110,Standard Class,647.9,6,0.2,56.69
259,CA-2017-163139,CC-12670,TEC-AC-10000290,30,97,Second Class,20.37,3,0.0,6.93
260,CA-2017-163139,CC-12670,OFF-ST-10002790,30,97,Second Class,221.55,3,0.0,6.65
261,CA-2017-163139,CC-12670,OFF-BI-10003460,30,97,Second Class,17.52,5,0.2,6.13
262,US-2017-155299,Dl-13600,OFF-AP-10002203,90,111,Standard Class,1.62,2,0.8,-4.47
263,US-2014-106992,SB-20290,TEC-MA-10000822,67,112,Second Class,3059.98,3,0.4,-510.0
264,US-2014-106992,SB-20290,TEC-MA-10003353,67,112,Second Class,2519.96,7,0.4,-252.0
265,CA-2016-125318,RC-19825,TEC-PH-10001433,27,113,Standard Class,328.22,4,0.2,28.72
266,CA-2015-155040,AH-10210,TEC-AC-10004469,91,114,Standard Class,79.9,2,0.0,35.16
267,CA-2017-136826,CB-12535,OFF-AR-10003602,92,115,Standard Class,14.02,3,0.2,4.73
268,CA-2016-111010,PG-18895,OFF-FA-10003472,93,116,Standard Class,7.56,6,0.0,0.3
269,US-2017-145366,CA-12310,OFF-ST-10004180,94,35,Standard Class,37.21,1,0.2,-7.44
270,US-2017-145366,CA-12310,OFF-EN-10004386,94,35,Standard Class,57.58,3,0.2,21.59
271,CA-2017-163979,KH-16690,OFF-ST-10003208,95,117,Second Class,725.84,4,0.0,210.49
272,CA-2015-155334,HA-14920,TEC-AC-10003628,10,118,First Class,209.93,7,0.0,92.37
273,CA-2015-155334,HA-14920,FUR-FU-10003274,10,118,First Class,5.28,3,0.0,2.32
274,CA-2015-155334,HA-14920,OFF-BI-10002557,10,118,First Class,10.92,3,0.2,4.1
275,CA-2017-118136,BB-10990,OFF-PA-10002615,96,119,First Class,8.82,2,0.0,4.06
276,CA-2017-118136,BB-10990,OFF-AR-10001427,96,119,First Class,5.98,1,0.0,1.55
277,CA-2017-132976,AG-10495,OFF-PA-10000673,12,120,Standard Class,11.65,2,0.2,4.08
278,CA-2017-132976,AG-10495,OFF-PA-10004470,12,120,Standard Class,18.18,4,0.2,5.91
279,CA-2017-132976,AG-10495,OFF-ST-10000876,12,120,Standard Class,59.71,6,0.2,5.97
280,CA-2017-132976,AG-10495,OFF-LA-10002043,12,120,Standard Class,24.84,3,0.2,8.69
281,US-2015-161991,SC-20725,OFF-BI-10004967,33,121,Second Class,2.08,5,0.8,-3.43
282,US-2015-161991,SC-20725,TEC-PH-10001760,33,121,Second Class,1114.4,7,0.2,376.11
283,CA-2015-130890,JO-15280,FUR-TA-10002903,26,122,Standard Class,1038.84,5,0.2,51.94
284,CA-2015-130883,TB-21520,OFF-PA-10000474,41,121,Standard Class,141.76,5,0.2,47.84
285,CA-2015-130883,TB-21520,TEC-AC-10001956,41,121,Standard Class,239.8,5,0.2,47.96
286,CA-2015-130883,TB-21520,OFF-PA-10004100,41,121,Standard Class,31.1,6,0.2,10.89
287,CA-2016-112697,AH-10195,OFF-BI-10000778,97,123,Second Class,254.06,7,0.7,-169.37
288,CA-2016-112697,AH-10195,OFF-AP-10002684,97,123,Second Class,194.53,2,0.2,24.32
289,CA-2016-112697,AH-10195,OFF-SU-10000646,97,123,Second Class,961.48,5,0.2,-204.31
290,CA-2016-110772,NZ-18565,OFF-FA-10002983,48,74,Second Class,19.1,7,0.2,6.68
291,CA-2016-110772,NZ-18565,OFF-LA-10004689,48,74,Second Class,18.5,8,0.2,6.24
292,CA-2016-110772,NZ-18565,TEC-AC-10002001,48,74,Second Class,255.98,2,0.2,54.4
293,CA-2016-110772,NZ-18565,FUR-BO-10004709,48,74,Second Class,86.97,3,0.5,-48.7
294,CA-2014-111451,KL-16555,FUR-FU-10004091,98,59,First Class,300.42,8,0.2,78.86
295,CA-2014-111451,KL-16555,FUR-CH-10001891,98,59,First Class,230.35,3,0.2,20.16
296,CA-2014-111451,KL-16555,FUR-FU-10002918,98,59,First Class,218.35,3,0.2,-24.56
297,CA-2014-111451,KL-16555,OFF-BI-10004593,98,59,First Class,78.6,5,0.7,-62.88
298,CA-2014-111451,KL-16555,OFF-FA-10004854,98,59,First Class,27.55,3,0.2,9.3
299,CA-2016-142545,JD-15895,OFF-PA-10002105,99,100,Standard Class,32.4,5,0.0,15.55
300,CA-2016-142545,JD-15895,OFF-ST-10002756,99,100,Standard Class,1082.48,8,0.0,10.82
301,CA-2016-142545,JD-15895,OFF-PA-10004243,99,100,Standard Class,56.91,3,0.0,27.32
302,CA-2016-142545,JD-15895,FUR-FU-10001861,99,100,Standard Class,77.6,4,0.0,38.02
303,CA-2016-142545,JD-15895,OFF-BI-10002706,99,100,Standard Class,14.28,1,0.0,6.57
304,US-2017-152380,JH-15910,FUR-TA-10002533,37,124,Standard Class,219.08,3,0.5,-131.44
305,CA-2015-144253,AS-10225,FUR-FU-10002671,24,125,Second Class,26.8,2,0.0,12.86
306,CA-2014-130960,KB-16600,OFF-AR-10003651,100,126,Standard Class,9.84,3,0.0,2.85
307,CA-2014-111003,CR-12625,OFF-BI-10001072,101,107,Standard Class,45.48,3,0.0,20.92
308,CA-2014-111003,CR-12625,OFF-AR-10002135,101,107,Standard Class,289.2,6,0.0,83.87
309,CA-2017-126774,SH-20395,OFF-AR-10002804,102,5,First Class,4.89,1,0.0,2.0
310,CA-2016-142902,BP-11185,FUR-FU-10001918,103,127,Second Class,15.14,4,0.2,3.59
311,CA-2016-142902,BP-11185,FUR-CH-10004086,103,127,Second Class,466.77,2,0.2,52.51
312,CA-2016-142902,BP-11185,FUR-FU-10001756,103,127,Second Class,15.23,1,0.2,1.71
313,CA-2016-142902,BP-11185,OFF-LA-10000634,103,127,Second Class,6.26,3,0.2,2.04
314,CA-2014-120887,TS-21205,FUR-FU-10001588,104,128,Standard Class,87.54,3,0.0,37.64
315,CA-2014-167850,AG-10525,TEC-PH-10002398,105,129,Standard Class,178.38,2,0.2,22.3
316,CA-2014-167850,AG-10525,OFF-PA-10001937,105,129,Standard Class,15.55,3,0.2,5.44
317,CA-2014-164259,SP-20860,OFF-AR-10003373,106,130,First Class,99.14,4,0.2,8.67
318,CA-2014-164973,NM-18445,FUR-CH-10002602,24,131,Standard Class,135.88,1,0.1,24.16
319,CA-2014-164973,NM-18445,TEC-MA-10002927,24,131,Standard Class,3991.98,2,0.0,1995.99
320,CA-2014-164973,NM-18445,TEC-PH-10004093,24,131,Standard Class,275.94,6,0.0,80.02
321,CA-2014-164973,NM-18445,TEC-AC-10000892,24,131,Standard Class,360.0,4,0.0,129.6
322,CA-2014-164973,NM-18445,OFF-ST-10002974,24,131,Standard Class,43.57,1,0.0,13.07
323,CA-2014-156601,FA-14230,OFF-FA-10000624,107,112,Standard Class,7.16,2,0.0,3.58
324,CA-2016-162138,GK-14620,OFF-BI-10004593,108,132,Standard Class,251.52,6,0.2,81.74
325,CA-2016-162138,GK-14620,TEC-AC-10001908,108,132,Standard Class,99.99,1,0.0,35.0
326,CA-2017-153339,DJ-13510,FUR-FU-10001967,109,133,Second Class,15.99,1,0.2,1.0
327,US-2016-141544,PO-18850,TEC-PH-10003645,106,134,First Class,290.9,3,0.4,-67.88
328,US-2016-141544,PO-18850,OFF-ST-10000675,106,134,First Class,54.22,2,0.2,3.39
329,US-2016-141544,PO-18850,FUR-CH-10003312,106,134,First Class,786.74,4,0.3,-258.5
330,US-2016-141544,PO-18850,OFF-LA-10001074,106,134,First Class,100.24,10,0.2,33.83
331,US-2016-141544,PO-18850,OFF-BI-10001524,106,134,First Class,37.76,6,0.7,-27.69
332,US-2016-150147,JL-15850,TEC-PH-10004614,64,135,Second Class,82.8,2,0.4,-20.7
333,US-2016-150147,JL-15850,OFF-BI-10001153,64,135,Second Class,20.72,2,0.7,-13.82
334,US-2016-150147,JL-15850,OFF-BI-10001982,64,135,Second Class,4.9,3,0.7,-3.43
335,CA-2015-137946,DB-13615,OFF-BI-10001922,63,136,Second Class,4.75,1,0.2,1.6
336,CA-2015-137946,DB-13615,TEC-CO-10001449,63,136,Second Class,959.98,2,0.2,335.99
337,CA-2015-137946,DB-13615,OFF-BI-10004140,63,136,Second Class,14.37,4,0.2,4.49
338,CA-2014-129924,AC-10420,OFF-BI-10003314,35,137,Standard Class,7.71,2,0.2,2.8
339,CA-2014-129924,AC-10420,FUR-TA-10004575,35,137,Standard Class,698.35,3,0.2,-17.46
340,CA-2015-128167,KL-16645,OFF-FA-10000490,110,138,Second Class,4.96,4,0.0,2.33
341,CA-2014-122336,JD-15895,OFF-AR-10000122,12,139,Second Class,17.86,4,0.2,1.12
342,CA-2014-122336,JD-15895,OFF-BI-10003656,12,139,Second Class,509.97,10,0.7,-407.98
343,CA-2014-122336,JD-15895,OFF-FA-10002780,12,139,Second Class,30.99,13,0.2,10.07
344,CA-2014-122336,JD-15895,TEC-PH-10000702,12,139,Second Class,71.93,12,0.4,8.39
345,US-2015-120712,CS-12130,OFF-ST-10000107,111,140,Standard Class,88.8,4,0.2,-2.22
346,CA-2017-169901,CC-12550,TEC-PH-10002293,35,141,Standard Class,47.98,3,0.2,4.8
347,CA-2017-134306,TD-20995,OFF-AR-10004027,112,142,Standard Class,7.56,3,0.0,3.1
348,CA-2017-134306,TD-20995,OFF-PA-10000249,112,142,Standard Class,24.56,2,0.0,11.54
349,CA-2017-134306,TD-20995,OFF-AR-10001374,112,142,Standard Class,12.96,2,0.0,4.15
350,CA-2016-129714,AB-10060,TEC-AC-10000290,30,143,First Class,6.79,1,0.0,2.31
351,CA-2016-129714,AB-10060,OFF-PA-10001970,30,143,First Class,24.56,2,0.0,11.54
352,CA-2016-129714,AB-10060,OFF-BI-10002160,30,143,First Class,3.05,1,0.2,1.07
353,CA-2016-129714,AB-10060,OFF-PA-10001970,30,143,First Class,49.12,4,0.0,23.09
354,CA-2016-129714,AB-10060,OFF-BI-10004995,30,143,First Class,4355.17,4,0.2,1415.43
355,CA-2016-138520,JL-15505,FUR-BO-10002268,46,144,Standard Class,388.7,6,0.2,-4.86
356,CA-2016-138520,JL-15505,OFF-EN-10001137,46,144,Standard Class,8.26,2,0.0,3.8
357,CA-2016-138520,JL-15505,OFF-AR-10002399,46,144,Standard Class,17.04,4,0.0,6.99
358,CA-2016-138520,JL-15505,OFF-PA-10002713,46,144,Standard Class,34.4,5,0.0,15.82
359,CA-2016-130001,HK-14890,OFF-PA-10002666,44,132,Standard Class,36.24,5,0.2,11.32
360,CA-2017-155698,VB-21745,OFF-AP-10001124,113,145,First Class,647.84,8,0.0,168.44
361,CA-2017-155698,VB-21745,OFF-LA-10001158,113,145,First Class,20.7,2,0.0,9.94
362,CA-2017-144904,KW-16435,OFF-LA-10001158,30,146,Standard Class,20.7,2,0.0,9.94
363,CA-2017-144904,KW-16435,FUR-CH-10000785,30,146,Standard Class,488.65,3,0.1,86.87
364,CA-2017-144904,KW-16435,OFF-AR-10003732,30,146,Standard Class,5.56,2,0.0,1.45
365,CA-2017-144904,KW-16435,FUR-FU-10000023,30,146,Standard Class,47.12,8,0.0,20.73
366,CA-2014-123344,JD-16060,OFF-ST-10001713,10,147,Standard Class,211.96,4,0.0,8.48
367,CA-2016-155516,MK-17905,OFF-BI-10002412,114,148,Same Day,23.2,4,0.0,10.44
368,CA-2016-155516,MK-17905,OFF-SU-10001225,114,148,Same Day,7.36,2,0.0,0.15
369,CA-2016-155516,MK-17905,OFF-ST-10002406,114,148,Same Day,104.79,7,0.0,29.34
370,CA-2016-155516,MK-17905,FUR-BO-10002545,114,148,Same Day,1043.92,4,0.0,271.42
371,CA-2017-104745,GT-14755,OFF-PA-10002036,115,149,Standard Class,25.92,5,0.2,9.4
372,CA-2017-104745,GT-14755,OFF-ST-10002205,115,149,Standard Class,53.42,3,0.2,4.67
373,US-2014-119137,AG-10900,OFF-BI-10001982,116,150,Standard Class,8.16,5,0.7,-5.71
374,US-2014-119137,AG-10900,TEC-AC-10003911,116,150,Standard Class,1023.94,8,0.2,179.19
375,US-2014-119137,AG-10900,OFF-AR-10000658,116,150,Standard Class,9.24,1,0.2,0.92
376,US-2014-119137,AG-10900,TEC-AC-10002076,116,150,Standard Class,479.04,10,0.2,-29.94
377,US-2016-134656,MM-18280,OFF-PA-10003039,117,151,First Class,99.14,4,0.2,30.98
378,US-2017-134481,AR-10405,FUR-TA-10004915,118,152,Standard Class,1488.42,7,0.3,-297.68
379,CA-2015-130792,RA-19915,OFF-AP-10000696,15,153,Standard Class,8.65,3,0.8,-20.33
380,CA-2015-130792,RA-19915,OFF-ST-10003327,15,153,Standard Class,23.83,3,0.2,2.68
381,CA-2015-130792,RA-19915,OFF-BI-10000309,15,153,Standard Class,12.18,4,0.8,-18.87
382,CA-2016-134775,AS-10285,OFF-PA-10004734,10,100,First Class,50.96,7,0.0,25.48
383,CA-2016-134775,AS-10285,OFF-BI-10002225,10,100,First Class,49.54,3,0.2,17.34
384,CA-2015-125395,LA-16780,TEC-AC-10004708,100,154,Second Class,41.9,2,0.0,8.8
385,US-2015-168935,DO-13435,FUR-TA-10000617,119,155,Standard Class,375.46,3,0.45,-157.01
386,US-2015-168935,DO-13435,TEC-AC-10002335,119,155,Standard Class,83.98,3,0.2,-1.05
387,CA-2015-122756,DK-13225,TEC-MA-10001681,12,156,Standard Class,482.34,4,0.7,-337.64
388,CA-2015-122756,DK-13225,FUR-FU-10001935,12,156,Standard Class,2.96,1,0.2,0.78
389,CA-2014-115973,NG-18430,OFF-AR-10004757,94,157,First Class,2.62,1,0.2,0.43
390,CA-2017-101798,MV-18190,OFF-BI-10000050,30,158,Standard Class,23.36,4,0.2,7.88
391,CA-2017-101798,MV-18190,TEC-AC-10001998,30,158,Standard Class,39.98,2,0.0,13.59
392,US-2014-135972,JG-15115,TEC-PH-10003012,120,159,Second Class,246.38,2,0.2,27.72
393,US-2014-135972,JG-15115,TEC-CO-10002313,120,159,Second Class,1799.97,3,0.0,701.99
394,US-2014-134971,BP-11095,OFF-BI-10003982,121,160,Second Class,12.46,3,0.8,-20.56
395,CA-2017-102946,VP-21730,OFF-BI-10004492,122,161,Standard Class,75.79,3,0.2,25.58
396,CA-2017-165603,SS-20140,OFF-ST-10000798,123,162,Second Class,49.96,2,0.0,9.49
397,CA-2017-165603,SS-20140,OFF-PA-10002552,123,162,Second Class,12.96,2,0.0,6.22
398,CA-2015-122259,HP-14815,OFF-SU-10002573,31,90,Standard Class,70.12,4,0.0,21.04
399,CA-2016-108987,AG-10675,OFF-ST-10001580,67,163,Second Class,35.95,3,0.2,3.6
400,CA-2016-108987,AG-10675,FUR-BO-10004834,67,163,Second Class,2396.27,4,0.32,-317.15
401,CA-2016-108987,AG-10675,OFF-ST-10000934,67,163,Second Class,131.14,4,0.2,-32.78
402,CA-2016-108987,AG-10675,TEC-AC-10000158,67,163,Second Class,57.58,2,0.2,0.72
403,CA-2014-113166,LF-17185,OFF-PA-10001947,124,164,First Class,9.57,2,0.2,3.47
404,CA-2014-155208,SP-20650,OFF-AR-10003478,125,165,Standard Class,39.07,6,0.2,9.77
405,CA-2017-117933,RF-19840,OFF-AP-10004249,24,166,Standard Class,35.91,3,0.0,9.7
406,CA-2017-117457,KH-16510,TEC-AC-10000158,95,167,Standard Class,179.95,5,0.0,37.79
407,CA-2017-117457,KH-16510,TEC-CO-10004115,95,167,Standard Class,1199.98,3,0.2,434.99
408,CA-2017-117457,KH-16510,OFF-PA-10003724,95,167,Standard Class,27.15,5,0.0,13.3
409,CA-2017-117457,KH-16510,FUR-TA-10002041,95,167,Standard Class,1004.02,7,0.2,-112.95
410,CA-2017-117457,KH-16510,OFF-PA-10002893,95,167,Standard Class,9.68,1,0.0,4.65
411,CA-2017-117457,KH-16510,OFF-LA-10003766,95,167,Standard Class,28.35,9,0.0,13.61
412,CA-2017-117457,KH-16510,OFF-PA-10001970,95,167,Standard Class,55.98,1,0.0,27.43
413,CA-2017-117457,KH-16510,FUR-BO-10001972,95,167,Standard Class,1336.83,13,0.15,31.45
414,CA-2017-117457,KH-16510,FUR-CH-10003956,95,167,Standard Class,113.57,2,0.2,-18.45
415,CA-2017-142636,KC-16675,OFF-PA-10000157,60,133,Standard Class,139.86,7,0.0,65.73
416,CA-2017-142636,KC-16675,FUR-CH-10001891,60,133,Standard Class,307.14,4,0.2,26.87
417,CA-2017-122105,CJ-12010,OFF-AR-10004344,126,93,Standard Class,95.92,8,0.0,25.9
418,CA-2016-148796,PB-19150,FUR-CH-10004886,26,168,Standard Class,383.8,5,0.2,38.38
419,CA-2017-154816,VB-21745,OFF-PA-10003845,127,45,Standard Class,5.78,1,0.0,2.83
420,CA-2017-110478,SP-20860,OFF-AR-10001573,63,169,Standard Class,9.32,4,0.0,2.7
421,CA-2017-110478,SP-20860,OFF-EN-10000483,63,169,Standard Class,15.25,1,0.0,7.02
422,CA-2014-142048,JE-15745,TEC-AC-10004114,128,170,First Class,196.75,6,0.2,56.57
423,CA-2017-125388,MP-17965,FUR-FU-10004712,129,16,Standard Class,56.56,4,0.0,14.71
424,CA-2017-125388,MP-17965,OFF-ST-10000918,129,16,Standard Class,32.7,3,0.0,8.5
425,CA-2017-155705,NF-18385,FUR-CH-10000015,130,171,Second Class,866.4,4,0.0,225.26
426,CA-2017-149160,JM-15265,FUR-FU-10003347,131,52,Second Class,28.4,2,0.0,11.08
427,CA-2017-149160,JM-15265,OFF-BI-10001543,131,52,Second Class,287.92,8,0.0,138.2
428,CA-2014-101476,SD-20485,TEC-MA-10000029,132,172,First Class,69.99,1,0.0,30.1
429,CA-2017-152275,KH-16630,OFF-AR-10000369,66,173,Standard Class,6.67,6,0.2,0.5
430,US-2016-123750,RB-19795,OFF-BI-10004584,133,174,Standard Class,189.59,2,0.7,-145.35
431,US-2016-123750,RB-19795,TEC-AC-10004659,133,174,Standard Class,408.74,7,0.2,76.64
432,US-2016-123750,RB-19795,TEC-AC-10004659,133,174,Standard Class,291.96,5,0.2,54.74
433,US-2016-123750,RB-19795,OFF-ST-10000617,133,174,Standard Class,4.77,2,0.2,-0.77
434,CA-2016-127369,DB-13060,OFF-ST-10003306,112,113,First Class,714.3,5,0.0,207.15
435,US-2014-150574,MK-18160,OFF-BI-10000773,134,175,Standard Class,4.81,2,0.7,-3.69
436,US-2014-150574,MK-18160,TEC-AC-10002600,134,175,Standard Class,247.8,5,0.2,-18.58
437,CA-2016-147375,PO-19180,TEC-MA-10002937,37,2,Second Class,1007.98,3,0.3,43.2
438,CA-2016-147375,PO-19180,OFF-PA-10001970,37,2,Second Class,313.49,7,0.2,113.64
439,CA-2017-130043,BB-11545,OFF-PA-10002230,33,176,Standard Class,31.87,8,0.2,11.55
440,CA-2017-157252,CV-12805,FUR-CH-10003396,24,177,Second Class,207.85,3,0.1,2.31
441,CA-2016-115756,PK-19075,FUR-FU-10000246,84,65,Second Class,12.22,1,0.0,3.67
442,CA-2016-115756,PK-19075,OFF-ST-10000060,84,65,Second Class,194.94,3,0.0,23.39
443,CA-2016-115756,PK-19075,OFF-ST-10003058,84,65,Second Class,70.95,3,0.0,20.58
444,CA-2016-115756,PK-19075,OFF-PA-10002222,84,65,Second Class,91.36,4,0.0,42.03
445,CA-2016-115756,PK-19075,FUR-CH-10002372,84,65,Second Class,242.94,3,0.0,29.15
446,CA-2016-115756,PK-19075,OFF-LA-10001317,84,65,Second Class,22.05,7,0.0,10.58
447,CA-2017-154214,TB-21595,FUR-FU-10000206,135,178,Second Class,2.91,1,0.0,1.37
448,CA-2016-166674,RB-19360,OFF-AR-10000588,136,179,Second Class,59.52,3,0.0,15.48
449,CA-2016-166674,RB-19360,OFF-ST-10001469,136,179,Second Class,161.94,3,0.0,9.72
450,CA-2016-166674,RB-19360,OFF-AR-10001953,136,179,Second Class,263.88,6,0.0,71.25
451,CA-2016-166674,RB-19360,OFF-AR-10003156,136,179,Second Class,30.48,3,0.0,7.92
452,CA-2016-166674,RB-19360,OFF-AR-10004974,136,179,Second Class,9.84,3,0.0,2.85
453,CA-2016-166674,RB-19360,TEC-PH-10002365,136,179,Second Class,35.12,4,0.0,9.13
454,CA-2017-147277,EB-13705,FUR-TA-10001539,76,180,Standard Class,284.36,2,0.4,-75.83
455,CA-2017-147277,EB-13705,OFF-ST-10000142,76,180,Standard Class,665.41,2,0.2,66.54
456,CA-2016-100153,KH-16630,TEC-AC-10001772,137,181,Standard Class,63.88,4,0.0,24.91
457,US-2014-110674,SC-20095,FUR-CH-10000225,138,182,Standard Class,129.57,2,0.2,-24.29
458,US-2016-157945,NF-18385,FUR-CH-10002331,68,183,Standard Class,747.56,3,0.3,-96.11
459,US-2016-157945,NF-18385,OFF-EN-10001415,68,183,Standard Class,8.93,2,0.2,3.35
460,CA-2015-109638,JH-15985,OFF-AP-10002472,61,84,Standard Class,103.92,4,0.0,36.37
461,CA-2015-109638,JH-15985,TEC-AC-10004571,61,84,Standard Class,899.91,9,0.0,377.96
462,CA-2015-109638,JH-15985,OFF-BI-10001098,61,84,Standard Class,51.31,3,0.2,18.6
463,CA-2016-109869,TN-21040,FUR-FU-10000023,52,184,Standard Class,23.56,5,0.2,7.07
464,CA-2016-109869,TN-21040,FUR-TA-10001889,52,184,Standard Class,1272.63,6,0.5,-814.48
465,CA-2016-109869,TN-21040,OFF-BI-10000315,52,184,Standard Class,28.48,5,0.7,-20.89
466,CA-2016-109869,TN-21040,OFF-SU-10003505,52,184,Standard Class,185.38,2,0.2,-34.76
467,CA-2016-109869,TN-21040,OFF-AP-10002578,52,184,Standard Class,78.27,2,0.2,5.87
468,US-2015-101399,JS-15940,FUR-FU-10002918,139,185,Standard Class,254.74,7,0.6,-312.06
469,CA-2017-154907,DS-13180,FUR-BO-10002824,140,186,Standard Class,205.33,2,0.32,-36.24
470,US-2016-100419,CC-12670,OFF-BI-10002194,27,187,Second Class,4.79,3,0.8,-7.9
471,CA-2015-154144,MH-17785,OFF-PA-10004071,141,140,Standard Class,55.48,1,0.0,26.63
472,CA-2014-144666,JP-15520,OFF-ST-10002743,95,188,Second Class,340.92,3,0.0,3.41
473,CA-2014-144666,JP-15520,FUR-BO-10001601,95,188,Second Class,222.67,2,0.15,10.48
474,CA-2014-144666,JP-15520,TEC-PH-10002680,95,188,Second Class,703.97,4,0.2,88.0
475,CA-2014-144666,JP-15520,OFF-ST-10001321,95,188,Second Class,92.52,6,0.0,24.98
476,CA-2014-144666,JP-15520,OFF-PA-10001509,95,188,Second Class,62.65,7,0.0,28.82
477,CA-2014-144666,JP-15520,OFF-PA-10003465,95,188,Second Class,94.85,5,0.0,45.53
478,CA-2016-103891,KH-16690,TEC-PH-10000149,142,189,Standard Class,95.76,6,0.2,7.18
479,CA-2016-152632,JE-15475,FUR-FU-10002671,25,190,Standard Class,40.2,3,0.0,19.3
480,CA-2016-100790,JG-15805,OFF-AR-10003045,24,191,Standard Class,14.7,5,0.0,6.62
481,CA-2016-100790,JG-15805,OFF-ST-10000689,24,191,Standard Class,704.25,5,0.0,84.51
482,CA-2014-134677,XP-21865,TEC-AC-10001445,143,192,Standard Class,9.09,3,0.0,1.91
483,CA-2014-127691,EM-14065,OFF-AR-10002053,24,193,Standard Class,5.96,2,0.0,1.67
484,CA-2014-127691,EM-14065,TEC-AC-10002567,24,193,Standard Class,159.98,2,0.0,57.59
485,CA-2017-140963,MT-18070,OFF-LA-10003923,63,194,First Class,29.6,2,0.0,14.8
486,CA-2017-140963,MT-18070,FUR-BO-10001337,63,194,First Class,514.16,5,0.15,-30.24
487,CA-2017-140963,MT-18070,TEC-PH-10001924,63,194,First Class,279.96,5,0.2,17.5
488,CA-2014-154627,SA-20830,TEC-PH-10001363,27,195,First Class,2735.95,6,0.2,341.99
489,CA-2014-133753,CW-11905,TEC-PH-10000376,144,4,Second Class,7.99,1,0.2,0.6
490,CA-2014-133753,CW-11905,TEC-AC-10000303,144,4,Second Class,63.98,2,0.2,10.4
491,CA-2014-133753,CW-11905,OFF-AR-10001953,144,4,Second Class,70.37,2,0.2,6.16
492,CA-2014-113362,AJ-10960,OFF-ST-10001809,145,81,Standard Class,449.15,5,0.0,8.98
493,CA-2014-113362,AJ-10960,OFF-EN-10003845,145,81,Standard Class,11.07,3,0.0,5.09
494,CA-2016-169166,SS-20590,TEC-AC-10000991,61,196,Standard Class,93.98,2,0.0,13.16
495,US-2016-120929,RO-19780,FUR-TA-10001857,32,197,Second Class,189.88,3,0.4,-94.94
496,CA-2015-134782,MD-17350,OFF-EN-10001434,146,18,Standard Class,105.42,2,0.0,51.66
497,CA-2016-126158,SC-20095,OFF-BI-10002498,147,198,Standard Class,119.62,8,0.2,40.37
498,CA-2016-126158,SC-20095,FUR-FU-10004864,147,198,Standard Class,255.76,4,0.0,81.84
499,CA-2016-126158,SC-20095,FUR-CH-10002602,147,198,Standard Class,241.57,2,0.2,18.12
500,CA-2016-126158,SC-20095,FUR-FU-10000073,147,198,Standard Class,69.3,9,0.0,22.87
501,US-2016-105578,MY-17380,OFF-BI-10001670,148,199,Standard Class,22.62,2,0.7,-15.08
502,US-2016-105578,MY-17380,OFF-BI-10001658,148,199,Standard Class,14.95,2,0.7,-11.96
503,US-2016-105578,MY-17380,FUR-CH-10001215,148,199,Standard Class,801.57,2,0.2,50.1
504,US-2016-105578,MY-17380,OFF-BI-10000831,148,199,Standard Class,2.38,3,0.7,-1.9
505,US-2016-105578,MY-17380,OFF-PA-10000357,148,199,Standard Class,32.79,1,0.2,11.89
506,CA-2017-134978,EB-13705,OFF-BI-10003274,24,106,Second Class,15.92,5,0.2,5.37
507,CA-2015-145352,CM-12385,OFF-AR-10001662,149,200,Standard Class,2.74,1,0.0,0.74
508,CA-2015-145352,CM-12385,OFF-AR-10003856,149,200,Standard Class,8.34,3,0.0,2.17
509,CA-2015-145352,CM-12385,OFF-ST-10001228,149,200,Standard Class,46.74,3,0.0,11.68
510,CA-2015-145352,CM-12385,OFF-BI-10003527,149,200,Standard Class,6354.95,5,0.0,3177.48
511,CA-2017-135307,LS-17245,FUR-FU-10001290,150,201,First Class,126.3,3,0.0,40.42
512,CA-2017-135307,LS-17245,TEC-AC-10002399,150,201,First Class,38.04,2,0.0,12.17
513,CA-2016-106341,LF-17185,OFF-AR-10002053,56,202,First Class,7.15,3,0.2,0.72
514,CA-2017-163405,BN-11515,OFF-AR-10003811,14,203,Standard Class,6.63,3,0.0,1.79
515,CA-2017-163405,BN-11515,OFF-AR-10001246,14,203,Standard Class,5.88,2,0.0,1.71
516,CA-2017-127432,AD-10180,TEC-CO-10003236,151,204,Standard Class,2999.95,5,0.0,1379.98
517,CA-2017-127432,AD-10180,OFF-ST-10004507,151,204,Standard Class,51.45,3,0.0,13.89
518,CA-2017-127432,AD-10180,OFF-PA-10001667,151,204,Standard Class,11.96,2,0.0,5.38
519,CA-2017-127432,AD-10180,OFF-ST-10004459,151,204,Standard Class,1126.02,3,0.0,56.3
520,CA-2015-157812,DB-13210,TEC-AC-10000171,17,205,Standard Class,18.39,1,0.2,5.29
521,CA-2015-157812,DB-13210,OFF-ST-10000736,17,205,Standard Class,129.57,2,0.2,-25.91
522,CA-2015-157812,DB-13210,OFF-BI-10000285,17,205,Standard Class,14.11,9,0.8,-21.17
523,CA-2017-145142,MC-17605,FUR-TA-10001857,152,206,First Class,210.98,2,0.0,21.1
524,US-2016-139486,LH-17155,TEC-PH-10003555,4,207,First Class,55.18,3,0.2,-12.41
525,US-2016-139486,LH-17155,TEC-AC-10003832,4,207,First Class,66.26,2,0.0,27.17
526,CA-2015-158792,BD-11605,OFF-FA-10002815,129,208,Standard Class,22.2,5,0.0,10.43
527,CA-2017-113558,PH-18790,FUR-CH-10003379,153,209,Standard Class,683.95,3,0.2,42.75
528,CA-2017-113558,PH-18790,FUR-FU-10001756,153,209,Standard Class,45.7,3,0.2,5.14
529,US-2015-138303,MG-18145,OFF-ST-10004963,64,38,Standard Class,36.34,3,0.2,-7.27
530,US-2015-138303,MG-18145,OFF-SU-10002881,64,38,Standard Class,666.25,1,0.2,-149.91
531,US-2015-138303,MG-18145,OFF-EN-10001335,64,38,Standard Class,52.51,6,0.2,19.69
532,CA-2015-102848,KB-16240,FUR-CH-10000595,2,210,Second Class,190.72,1,0.2,11.92
533,US-2017-129441,JC-15340,FUR-FU-10000448,4,211,Standard Class,47.94,3,0.0,2.4
534,CA-2016-168753,RL-19615,TEC-PH-10000984,154,212,Second Class,979.95,5,0.0,274.39
535,CA-2016-168753,RL-19615,OFF-BI-10002557,154,212,Second Class,22.75,5,0.0,11.38
536,CA-2016-126613,AA-10375,OFF-ST-10001325,155,213,Standard Class,16.77,2,0.2,1.47
537,US-2017-122637,EP-13915,OFF-BI-10002429,156,214,Second Class,42.62,7,0.8,-68.19
538,CA-2015-147851,MP-17470,OFF-BI-10004528,30,156,Standard Class,10.75,4,0.2,3.36
539,CA-2015-134894,DK-12985,OFF-AP-10001271,1,215,Standard Class,152.94,3,0.0,41.29
540,CA-2015-134894,DK-12985,FUR-CH-10002647,1,215,Standard Class,283.92,4,0.0,70.98
541,CA-2014-140795,BD-11500,TEC-AC-10001432,157,216,First Class,468.9,6,0.0,206.32
542,CA-2016-136924,ES-14080,TEC-PH-10002262,116,217,First Class,380.86,8,0.2,38.09
543,US-2015-120161,LM-17065,OFF-ST-10001809,158,218,Standard Class,646.78,9,0.2,-145.52
544,CA-2014-103849,PG-18895,TEC-AC-10001465,7,219,Standard Class,58.11,2,0.2,7.26
545,CA-2014-103849,PG-18895,TEC-PH-10002597,7,219,Standard Class,100.79,1,0.2,6.3
546,CA-2014-103849,PG-18895,FUR-FU-10000723,7,219,Standard Class,66.11,4,0.6,-84.29
547,CA-2017-162929,AS-10135,OFF-BI-10000404,46,124,First Class,41.28,6,0.2,13.93
548,CA-2017-162929,AS-10135,OFF-PA-10002986,46,124,First Class,13.36,2,0.0,6.41
549,CA-2015-113173,DK-13225,OFF-ST-10000604,156,220,Second Class,250.27,9,0.2,15.64
550,CA-2015-113173,DK-13225,OFF-BI-10004738,156,220,Second Class,11.36,3,0.8,-17.05
551,CA-2015-113173,DK-13225,OFF-SU-10001935,156,220,Second Class,8.72,5,0.2,-1.74
552,CA-2016-136406,BD-11320,FUR-CH-10002024,95,174,Second Class,1121.57,2,0.2,0.0
553,CA-2017-112774,RC-19960,FUR-FU-10003039,134,221,First Class,34.5,1,0.2,6.04
554,CA-2017-101945,GT-14710,OFF-FA-10004248,33,222,Standard Class,10.82,3,0.2,2.57
555,CA-2017-100650,DK-13225,OFF-ST-10001780,159,223,Second Class,1295.78,2,0.0,310.99
556,CA-2014-155852,AJ-10945,OFF-AR-10003560,125,224,Second Class,19.46,4,0.2,3.4
557,CA-2016-113243,OT-18730,OFF-LA-10001297,63,225,Standard Class,20.7,2,0.0,9.94
558,CA-2016-113243,OT-18730,FUR-TA-10004256,63,225,Standard Class,1335.68,4,0.2,-217.05
559,CA-2016-113243,OT-18730,OFF-PA-10003441,63,225,Standard Class,32.4,5,0.0,15.55
560,CA-2017-118731,LP-17080,FUR-FU-10003347,95,226,Second Class,42.6,3,0.0,16.61
561,CA-2017-118731,LP-17080,OFF-BI-10000069,95,226,Second Class,84.06,7,0.2,27.32
562,CA-2014-145576,CA-12775,OFF-AP-10003914,86,81,Second Class,13.0,5,0.2,1.3
563,CA-2014-145576,CA-12775,FUR-FU-10004020,86,81,Second Class,13.13,3,0.2,3.77
564,CA-2015-130736,JF-15490,OFF-FA-10003467,60,215,First Class,3.96,2,0.0,0.0
565,CA-2015-130736,JF-15490,OFF-LA-10000634,60,215,First Class,2.61,1,0.0,1.2
566,CA-2017-137099,FP-14320,TEC-PH-10002496,142,227,First Class,374.38,3,0.2,46.8
567,CA-2017-156951,EB-13840,OFF-PA-10004530,60,173,Standard Class,91.84,8,0.0,45.0
568,CA-2017-156951,EB-13840,OFF-BI-10001107,60,173,Standard Class,81.09,7,0.2,27.37
569,CA-2017-156951,EB-13840,OFF-PA-10004451,60,173,Standard Class,19.44,3,0.0,9.33
570,CA-2017-156951,EB-13840,FUR-CH-10004997,60,173,Standard Class,451.15,3,0.2,0.0
571,CA-2017-164826,JF-15415,OFF-LA-10001297,24,117,Standard Class,72.45,7,0.0,34.78
572,CA-2017-164826,JF-15415,OFF-FA-10000585,24,117,Standard Class,13.96,4,0.0,6.42
573,CA-2017-164826,JF-15415,OFF-BI-10001922,24,117,Standard Class,33.26,7,0.2,11.23
574,CA-2017-164826,JF-15415,TEC-PH-10000347,24,117,Standard Class,14.85,3,0.0,4.01
575,CA-2016-127250,SF-20200,OFF-AR-10003394,160,55,Standard Class,8.82,3,0.0,2.38
576,CA-2015-149713,TG-21640,OFF-PA-10004530,107,228,Second Class,160.72,14,0.0,78.75
577,CA-2015-149713,TG-21640,OFF-PA-10001450,107,228,Second Class,19.92,4,0.0,9.76
578,CA-2015-149713,TG-21640,OFF-SU-10001574,107,228,Second Class,7.3,2,0.0,2.19
579,CA-2017-118640,CS-11950,OFF-ST-10002974,27,229,Standard Class,69.71,2,0.2,8.71
580,CA-2017-118640,CS-11950,FUR-FU-10001475,27,229,Standard Class,8.79,1,0.6,-5.71
581,CA-2015-132906,CC-12145,OFF-SU-10004498,26,230,Standard Class,51.52,4,0.0,1.55
582,CA-2017-145233,DV-13465,TEC-PH-10004977,77,97,Standard Class,470.38,3,0.2,52.92
583,CA-2017-145233,DV-13465,TEC-PH-10000586,77,97,Standard Class,105.58,2,0.2,9.24
584,CA-2017-145233,DV-13465,OFF-AP-10000358,77,97,Standard Class,31.15,3,0.2,3.5
585,CA-2017-145233,DV-13465,OFF-BI-10002764,77,97,Standard Class,6.78,7,0.7,-4.75
586,CA-2017-145233,DV-13465,TEC-PH-10001254,77,97,Standard Class,406.37,4,0.2,30.48
587,CA-2015-128139,BD-11725,FUR-CH-10003956,127,231,Standard Class,70.98,1,0.0,4.97
588,CA-2015-128139,BD-11725,OFF-LA-10003930,127,231,Standard Class,294.93,3,0.0,144.52
589,US-2016-156986,ZC-21910,TEC-PH-10003800,161,232,Standard Class,84.78,2,0.2,-20.14
590,US-2016-156986,ZC-21910,OFF-PA-10002005,161,232,Standard Class,20.74,4,0.2,7.26
591,US-2016-156986,ZC-21910,OFF-BI-10002498,161,232,Standard Class,16.82,3,0.7,-12.9
592,US-2016-156986,ZC-21910,OFF-PA-10004101,161,232,Standard Class,10.37,2,0.2,3.63
593,CA-2014-135405,MS-17830,OFF-AR-10004078,162,233,Standard Class,9.34,2,0.2,1.17
594,CA-2014-135405,MS-17830,TEC-AC-10001266,162,233,Standard Class,31.2,3,0.2,9.75
595,CA-2014-131450,LR-16915,OFF-AP-10004708,143,234,Standard Class,76.12,2,0.0,22.07
596,CA-2014-131450,LR-16915,TEC-CO-10004115,143,234,Standard Class,1199.98,3,0.2,434.99
597,CA-2014-131450,LR-16915,TEC-PH-10002398,143,234,Standard Class,445.96,5,0.2,55.74
598,CA-2014-131450,LR-16915,FUR-FU-10001979,143,234,Standard Class,327.76,8,0.0,91.77
599,CA-2016-120180,TP-21130,OFF-SU-10004115,64,217,First Class,11.63,2,0.2,1.02
600,US-2016-100720,CK-12205,TEC-PH-10001425,75,88,Standard Class,143.98,3,0.4,-28.8
601,US-2016-100720,CK-12205,TEC-PH-10003963,75,88,Standard Class,494.38,4,0.4,-115.35
602,US-2016-100720,CK-12205,OFF-SU-10001574,75,88,Standard Class,5.84,2,0.2,0.73
603,CA-2014-149958,AS-10240,OFF-ST-10001490,86,235,Standard Class,142.78,1,0.2,17.85
604,CA-2014-149958,AS-10240,FUR-FU-10001756,86,235,Standard Class,45.7,3,0.2,5.14
605,CA-2014-149958,AS-10240,OFF-BI-10000773,86,235,Standard Class,7.22,3,0.7,-5.53
606,CA-2014-149958,AS-10240,OFF-BI-10001543,86,235,Standard Class,43.19,4,0.7,-31.67
607,CA-2014-149958,AS-10240,OFF-PA-10002120,86,235,Standard Class,131.9,3,0.2,47.82
608,US-2014-105767,AR-10510,OFF-BI-10000848,64,236,Standard Class,3.28,2,0.7,-2.63
609,US-2014-105767,AR-10510,OFF-AR-10001246,64,236,Standard Class,21.17,9,0.2,2.38
610,US-2014-105767,AR-10510,TEC-PH-10003092,64,236,Standard Class,55.19,2,0.4,-10.12
611,CA-2016-161816,NB-18655,TEC-PH-10003012,163,237,First Class,369.58,3,0.2,41.58
612,CA-2016-161816,NB-18655,OFF-LA-10004345,163,237,First Class,15.71,4,0.2,5.7
613,CA-2016-121223,GD-14590,OFF-PA-10001204,106,109,Second Class,8.45,2,0.2,2.64
614,CA-2016-121223,GD-14590,TEC-PH-10004667,106,109,Second Class,728.95,9,0.4,-157.94
615,CA-2017-138611,CK-12595,TEC-PH-10000011,164,238,Second Class,119.94,10,0.4,15.99
616,CA-2017-138611,CK-12595,OFF-BI-10002949,164,238,Second Class,3.65,2,0.7,-2.8
617,CA-2017-117947,NG-18355,FUR-FU-10003849,165,239,Second Class,40.48,2,0.0,15.79
618,CA-2017-117947,NG-18355,FUR-FU-10000010,165,239,Second Class,9.94,2,0.0,3.08
619,CA-2017-117947,NG-18355,OFF-BI-10002824,165,239,Second Class,107.42,9,0.2,33.57
620,CA-2017-117947,NG-18355,TEC-PH-10002538,165,239,Second Class,37.91,1,0.0,10.99
621,CA-2017-117947,NG-18355,FUR-FU-10000521,165,239,Second Class,88.02,3,0.0,27.29
622,US-2014-111171,CA-12265,OFF-BI-10002103,27,59,Standard Class,8.69,5,0.8,-14.77
623,CA-2015-138009,SF-20965,FUR-CH-10004853,166,240,Standard Class,301.96,2,0.0,87.57
624,CA-2015-138009,SF-20965,OFF-AP-10000179,166,240,Standard Class,555.21,5,0.1,178.9
625,CA-2015-138009,SF-20965,OFF-ST-10001272,166,240,Standard Class,523.48,4,0.0,130.87
626,CA-2015-138009,SF-20965,OFF-AR-10004042,166,240,Standard Class,161.82,9,0.0,46.93
627,CA-2017-163020,MO-17800,FUR-FU-10000221,30,176,Standard Class,35.56,7,0.0,12.09
628,CA-2017-153787,AT-10735,OFF-AP-10001563,61,241,Standard Class,97.16,2,0.0,28.18
629,CA-2017-133431,LC-17140,OFF-BI-10000605,35,95,Standard Class,15.24,5,0.2,5.14
630,CA-2017-133431,LC-17140,OFF-PA-10002615,35,95,Standard Class,13.23,3,0.0,6.09
631,US-2016-135720,FM-14380,OFF-ST-10001963,43,26,Second Class,243.38,3,0.2,-51.72
632,US-2016-135720,FM-14380,TEC-AC-10001267,43,26,Second Class,119.8,5,0.2,29.95
633,US-2016-135720,FM-14380,TEC-PH-10002103,43,26,Second Class,300.77,4,0.2,30.08
634,CA-2017-144694,BD-11605,TEC-AC-10002857,124,242,Second Class,17.88,3,0.2,2.46
635,CA-2017-144694,BD-11605,OFF-LA-10003930,124,242,Second Class,235.94,3,0.2,85.53
636,CA-2015-168004,DJ-13420,FUR-CH-10001482,167,243,Second Class,392.94,3,0.0,43.22
637,US-2016-123470,ME-17725,OFF-BI-10001989,43,244,Standard Class,18.88,3,0.7,-13.85
638,US-2016-123470,ME-17725,OFF-AP-10003287,43,244,Standard Class,122.33,3,0.2,12.23
639,CA-2016-115917,RB-19465,FUR-FU-10000576,168,245,Standard Class,1049.2,5,0.0,272.79
640,CA-2016-115917,RB-19465,OFF-BI-10004728,168,245,Standard Class,15.42,4,0.2,5.01
641,CA-2016-147067,JD-16150,FUR-FU-10000732,40,123,Standard Class,18.84,3,0.0,6.03
642,CA-2017-167913,JL-15835,OFF-ST-10000585,169,246,Second Class,330.4,2,0.0,85.9
643,CA-2017-167913,JL-15835,OFF-LA-10002787,169,246,Second Class,26.25,7,0.0,12.6
644,CA-2017-106103,SC-20305,TEC-AC-10003832,170,194,Standard Class,132.52,4,0.0,54.33
645,US-2017-127719,TW-21025,OFF-PA-10001934,171,247,Standard Class,6.48,1,0.0,3.18
646,CA-2017-126221,CC-12430,OFF-AP-10002457,135,248,Standard Class,209.3,2,0.0,56.51
647,CA-2016-103947,BB-10990,OFF-FA-10003112,172,179,Standard Class,31.56,5,0.2,9.86
648,CA-2016-103947,BB-10990,OFF-AP-10002350,172,179,Standard Class,30.14,2,0.2,3.01
649,CA-2016-160745,AR-10825,FUR-FU-10001935,173,26,Second Class,14.8,4,0.0,6.07
650,CA-2016-160745,AR-10825,TEC-PH-10003273,173,26,Second Class,302.38,3,0.2,22.68
651,CA-2016-160745,AR-10825,TEC-AC-10001142,173,26,Second Class,316.0,4,0.0,31.6
652,CA-2016-132661,SR-20740,OFF-PA-10000482,24,249,Standard Class,379.4,10,0.0,178.32
653,CA-2017-140844,AR-10405,OFF-PA-10003892,46,250,Standard Class,97.82,2,0.0,45.98
654,CA-2017-140844,AR-10405,TEC-AC-10001101,46,250,Standard Class,103.12,8,0.0,10.31
655,CA-2016-137239,CR-12730,OFF-AP-10002439,48,251,Standard Class,113.55,2,0.2,8.52
656,CA-2016-137239,CR-12730,OFF-BI-10002827,48,251,Standard Class,3.32,2,0.7,-2.65
657,CA-2016-137239,CR-12730,OFF-EN-10002230,48,251,Standard Class,134.29,2,0.2,45.32
658,US-2016-156097,EH-14125,FUR-CH-10001215,174,252,Same Day,701.37,2,0.3,-50.1
659,US-2016-156097,EH-14125,OFF-BI-10004654,174,252,Same Day,2.31,2,0.8,-3.46
660,CA-2015-146563,CB-12025,OFF-ST-10001490,175,253,Standard Class,999.43,7,0.2,124.93
661,CA-2015-146563,CB-12025,OFF-ST-10001511,175,253,Standard Class,724.08,14,0.2,-135.76
662,CA-2015-146563,CB-12025,FUR-TA-10001768,175,253,Standard Class,918.78,5,0.3,-118.13
663,CA-2015-146563,CB-12025,OFF-BI-10003981,175,253,Standard Class,2.72,3,0.8,-4.22
664,CA-2016-123666,SP-20545,OFF-ST-10001522,165,254,Standard Class,459.95,5,0.0,18.4
665,CA-2016-143308,RC-19825,OFF-FA-10000621,176,255,Same Day,10.74,3,0.0,5.26
666,CA-2017-132682,TH-21235,OFF-SU-10004231,177,111,Second Class,23.76,3,0.2,2.08
667,CA-2017-132682,TH-21235,OFF-PA-10000474,177,111,Second Class,85.06,3,0.2,28.71
668,CA-2017-132682,TH-21235,TEC-PH-10004042,177,111,Second Class,381.58,3,0.2,28.62
669,CA-2014-156314,RP-19390,FUR-FU-10003096,178,164,First Class,30.36,5,0.2,8.73
670,US-2017-106663,MO-17800,FUR-FU-10002759,156,256,Standard Class,23.98,3,0.6,-14.39
671,US-2017-106663,MO-17800,FUR-TA-10000688,156,256,Standard Class,108.92,1,0.5,-71.89
672,US-2017-106663,MO-17800,OFF-PA-10002377,156,256,Standard Class,36.35,8,0.2,11.36
673,CA-2017-111178,TD-20995,OFF-AR-10001954,117,141,Standard Class,19.56,5,0.2,1.71
674,CA-2017-130351,RB-19570,OFF-AP-10004532,135,257,First Class,61.44,3,0.0,16.59
675,CA-2017-130351,RB-19570,OFF-PA-10002137,135,257,First Class,38.9,5,0.0,17.5
676,CA-2017-130351,RB-19570,TEC-AC-10003832,135,257,First Class,99.39,3,0.0,40.75
677,US-2017-119438,CD-11980,OFF-AP-10000804,179,258,Standard Class,2.69,3,0.8,-7.39
678,US-2017-119438,CD-11980,TEC-AC-10003614,179,258,Standard Class,27.82,3,0.2,4.52
679,US-2017-119438,CD-11980,FUR-FU-10003553,179,258,Standard Class,82.52,3,0.6,-41.26
680,US-2017-119438,CD-11980,OFF-BI-10004632,179,258,Standard Class,182.99,3,0.8,-320.24
681,CA-2016-164511,DJ-13630,OFF-BI-10003305,24,259,Standard Class,14.35,3,0.2,4.66
682,CA-2016-164511,DJ-13630,OFF-ST-10002583,24,259,Standard Class,64.96,2,0.0,2.6
683,CA-2016-164511,DJ-13630,OFF-ST-10004507,24,259,Standard Class,68.6,4,0.0,18.52
684,US-2017-168116,GT-14635,TEC-MA-10004125,180,260,Same Day,7999.98,4,0.5,-3839.99
685,US-2017-168116,GT-14635,OFF-AP-10002457,180,260,Same Day,167.44,2,0.2,14.65
686,CA-2014-157784,MC-17845,TEC-AC-10003911,130,261,First Class,479.97,3,0.0,163.19
687,CA-2014-157784,MC-17845,OFF-LA-10001934,130,261,First Class,14.62,2,0.0,6.87
688,CA-2014-157784,MC-17845,OFF-PA-10000304,130,261,First Class,19.44,3,0.0,9.33
689,CA-2017-161480,RA-19285,FUR-BO-10004015,46,54,Standard Class,191.98,2,0.2,4.8
690,US-2014-117135,NP-18325,FUR-FU-10004071,181,262,Second Class,104.01,1,0.0,14.56
691,US-2014-117135,NP-18325,TEC-PH-10002033,181,262,Second Class,284.82,1,0.0,74.05
692,US-2014-117135,NP-18325,OFF-ST-10002444,181,262,Second Class,36.84,3,0.0,10.32
693,CA-2015-131534,AB-10165,TEC-AC-10002253,2,263,Standard Class,166.24,1,0.0,24.94
694,CA-2015-131534,AB-10165,OFF-PA-10000743,2,263,Standard Class,33.4,5,0.0,16.03
695,CA-2015-119291,JO-15550,OFF-AR-10003373,182,264,First Class,198.27,8,0.2,17.35
696,CA-2015-119291,JO-15550,OFF-LA-10002312,182,264,First Class,47.36,4,0.2,17.76
697,CA-2015-119291,JO-15550,OFF-EN-10000927,182,264,First Class,200.98,7,0.2,62.81
698,CA-2015-119291,JO-15550,OFF-LA-10003510,182,264,First Class,97.7,4,0.2,31.75
699,CA-2015-119291,JO-15550,OFF-AR-10001118,182,264,First Class,2.7,1,0.2,0.81
700,CA-2015-119291,JO-15550,OFF-BI-10001575,182,264,First Class,18.59,2,0.7,-13.63
701,CA-2015-119291,JO-15550,OFF-BI-10001982,182,264,First Class,4.9,3,0.7,-3.43
702,CA-2017-114552,Dl-13600,FUR-FU-10002960,178,265,Standard Class,15.07,3,0.2,4.14
703,CA-2016-163755,AS-10285,FUR-FU-10003394,6,255,Second Class,209.88,3,0.0,35.68
704,CA-2015-142027,JK-15370,FUR-TA-10002774,107,266,Standard Class,369.91,3,0.2,-13.87
705,CA-2014-138527,BN-11470,OFF-PA-10001800,183,172,Standard Class,10.37,2,0.2,3.63
706,CA-2014-138527,BN-11470,OFF-AP-10001469,183,172,Standard Class,166.84,5,0.2,18.77
707,CA-2014-138527,BN-11470,TEC-AC-10002399,183,172,Standard Class,15.22,1,0.2,2.28
708,CA-2014-112158,DP-13165,TEC-AC-10003628,46,267,First Class,119.96,4,0.0,52.78
709,CA-2014-112158,DP-13165,FUR-BO-10003272,46,267,First Class,883.92,5,0.2,-110.49
710,CA-2014-112158,DP-13165,OFF-BI-10000050,46,267,First Class,46.72,8,0.2,15.77
711,CA-2014-113887,TH-21550,OFF-PA-10004071,46,268,First Class,55.48,1,0.0,26.63
712,CA-2017-146136,AP-10915,OFF-EN-10001219,184,214,Standard Class,24.45,4,0.2,8.86
713,US-2017-100048,RS-19765,OFF-AP-10001154,185,241,Standard Class,281.34,6,0.0,109.72
714,US-2017-100048,RS-19765,TEC-PH-10003012,185,241,Standard Class,307.98,2,0.0,89.31
715,US-2017-100048,RS-19765,TEC-AC-10001606,185,241,Standard Class,299.97,3,0.0,113.99
716,CA-2014-153150,Dl-13600,OFF-BI-10003355,60,269,Second Class,19.92,5,0.2,6.97
717,CA-2014-130092,SV-20365,FUR-FU-10000010,22,270,First Class,9.94,2,0.0,3.08
718,CA-2017-108910,KC-16540,FUR-FU-10002253,56,242,Standard Class,103.06,3,0.2,24.48
719,CA-2014-104472,CK-12325,OFF-BI-10001658,13,271,Standard Class,59.81,3,0.2,19.44
720,CA-2014-104472,CK-12325,FUR-FU-10000246,13,271,Standard Class,73.32,6,0.0,22.0
721,CA-2016-112942,RD-19810,OFF-PA-10004092,63,272,Standard Class,146.82,3,0.0,73.41
722,CA-2016-142335,MP-17965,FUR-TA-10000198,186,273,Standard Class,1652.94,3,0.0,231.41
723,CA-2016-142335,MP-17965,OFF-ST-10000036,186,273,Standard Class,296.37,3,0.0,80.02
724,CA-2014-117429,MR-17545,FUR-FU-10000222,12,274,Standard Class,129.92,5,0.2,21.11
725,CA-2016-114713,SC-20695,OFF-SU-10004664,187,275,Standard Class,45.58,7,0.2,5.13
726,CA-2017-144113,JF-15355,OFF-EN-10001141,111,119,Standard Class,17.57,2,0.2,6.37
727,CA-2017-144113,JF-15355,TEC-PH-10002170,111,119,Standard Class,55.99,1,0.2,5.6
728,US-2016-150861,EG-13900,OFF-PA-10001954,188,276,First Class,182.72,8,0.0,84.05
729,US-2016-150861,EG-13900,FUR-TA-10002228,188,276,First Class,400.03,2,0.4,-153.35
730,US-2016-150861,EG-13900,OFF-ST-10004634,188,276,First Class,33.63,3,0.0,10.09
731,US-2016-150861,EG-13900,FUR-CH-10002965,188,276,First Class,542.65,3,0.1,102.5
732,US-2016-150861,EG-13900,OFF-LA-10001317,188,276,First Class,6.3,2,0.0,3.02
733,CA-2017-131954,DS-13030,OFF-ST-10000736,61,277,Standard Class,242.94,3,0.0,9.72
734,CA-2017-131954,DS-13030,TEC-AC-10003610,61,277,Standard Class,179.97,3,0.0,86.39
735,CA-2017-131954,DS-13030,OFF-BI-10003982,61,277,Standard Class,99.7,6,0.2,33.65
736,CA-2017-131954,DS-13030,OFF-BI-10003291,61,277,Standard Class,27.94,4,0.2,9.43
737,CA-2017-131954,DS-13030,FUR-BO-10001619,61,277,Standard Class,84.98,1,0.0,18.7
738,CA-2017-131954,DS-13030,OFF-BI-10000138,61,277,Standard Class,18.72,5,0.2,6.55
739,CA-2014-132500,GZ-14470,TEC-AC-10001383,95,79,Standard Class,49.98,2,0.0,8.5
740,CA-2014-112326,PO-19195,OFF-LA-10003223,18,278,Standard Class,11.78,3,0.2,4.27
741,CA-2014-112326,PO-19195,OFF-ST-10002743,18,278,Standard Class,272.74,3,0.2,-64.77
742,CA-2014-112326,PO-19195,OFF-BI-10004094,18,278,Standard Class,3.54,2,0.8,-5.49
743,US-2016-146710,SS-20875,OFF-SU-10004498,78,279,Standard Class,51.52,5,0.2,-10.95
744,US-2016-146710,SS-20875,OFF-PA-10002615,78,279,Standard Class,3.53,1,0.2,1.15
745,US-2016-146710,SS-20875,OFF-PA-10004971,78,279,Standard Class,4.62,1,0.2,1.68
746,US-2016-146710,SS-20875,OFF-SU-10004261,78,279,Standard Class,55.17,4,0.2,6.21
747,CA-2014-124429,MH-17785,FUR-TA-10002607,189,280,Same Day,567.12,10,0.2,-28.36
748,CA-2014-124429,MH-17785,OFF-ST-10001809,189,280,Same Day,359.32,4,0.0,7.19
749,CA-2016-150889,PB-19105,TEC-PH-10000004,190,232,Second Class,11.99,1,0.2,0.9
750,CA-2017-126074,RF-19735,OFF-BI-10003638,191,281,Standard Class,58.05,3,0.0,26.7
751,CA-2017-126074,RF-19735,FUR-FU-10003577,191,281,Standard Class,157.74,11,0.0,56.79
752,CA-2017-126074,RF-19735,OFF-AR-10003478,191,281,Standard Class,56.98,7,0.0,22.79
753,CA-2017-126074,RF-19735,OFF-BI-10000546,191,281,Standard Class,2.88,1,0.0,1.41
754,CA-2016-110499,YC-21895,TEC-CO-10002095,95,282,First Class,1199.98,3,0.2,374.99
755,CA-2015-135272,MS-17830,FUR-FU-10002759,2,215,Standard Class,79.92,4,0.0,28.77
756,CA-2016-140928,NB-18655,FUR-TA-10001095,134,32,Standard Class,383.44,4,0.45,-167.32
757,CA-2014-106803,DC-13285,OFF-ST-10002444,192,283,Standard Class,24.56,2,0.0,6.88
758,CA-2014-106803,DC-13285,TEC-AC-10001267,192,283,Standard Class,119.8,4,0.0,47.92
759,CA-2017-117240,CP-12340,OFF-BI-10000848,30,284,Standard Class,13.13,3,0.2,4.27
760,CA-2017-133333,BF-11020,OFF-PA-10002377,157,66,Standard Class,22.72,4,0.0,10.22
761,CA-2015-112319,AR-10510,OFF-PA-10003441,26,285,Standard Class,58.32,9,0.0,27.99
762,CA-2017-126046,JC-16105,OFF-LA-10004484,149,133,Standard Class,12.39,3,0.0,5.7
763,CA-2015-114923,LH-17020,TEC-PH-10003931,48,286,Standard Class,107.98,3,0.4,-27.0
764,CA-2014-162775,CS-12250,OFF-EN-10001990,193,287,Second Class,11.36,2,0.0,5.34
765,CA-2014-162775,CS-12250,OFF-EN-10001532,193,287,Second Class,50.94,3,0.0,25.47
766,CA-2014-162775,CS-12250,TEC-AC-10003174,193,287,Second Class,646.74,6,0.0,258.7
767,CA-2014-162775,CS-12250,OFF-BI-10004187,193,287,Second Class,5.64,3,0.0,2.71
768,CA-2014-162775,CS-12250,OFF-ST-10000025,193,287,Second Class,572.58,6,0.0,34.35
769,CA-2014-106810,AJ-10795,FUR-FU-10004306,105,288,Standard Class,310.88,2,0.2,23.32
770,CA-2016-157245,LE-16810,FUR-CH-10003746,102,289,Standard Class,641.96,2,0.0,179.75
771,CA-2017-104220,BV-11245,OFF-BI-10001036,194,290,Standard Class,18.28,2,0.0,9.14
772,CA-2017-104220,BV-11245,TEC-PH-10004614,194,290,Standard Class,207.0,3,0.0,51.75
773,CA-2017-104220,BV-11245,OFF-BI-10000301,194,290,Standard Class,32.35,5,0.0,16.18
774,CA-2017-104220,BV-11245,OFF-BI-10003910,194,290,Standard Class,7.71,1,0.0,3.47
775,CA-2017-104220,BV-11245,OFF-AR-10004648,194,290,Standard Class,40.3,2,0.0,10.88
776,CA-2017-104220,BV-11245,FUR-FU-10002597,194,290,Standard Class,34.58,7,0.0,14.52
777,CA-2014-165974,DL-12865,OFF-AR-10003405,94,291,Standard Class,32.76,7,0.2,3.69
778,CA-2015-144267,NZ-18565,FUR-CH-10002335,95,292,First Class,544.01,3,0.2,40.8
779,CA-2015-144267,NZ-18565,OFF-PA-10000157,95,292,First Class,59.94,3,0.0,28.17
780,CA-2015-144267,NZ-18565,OFF-PA-10001947,95,292,First Class,23.92,4,0.0,11.72
781,CA-2015-144267,NZ-18565,OFF-PA-10003657,95,292,First Class,4.28,1,0.0,1.93
782,US-2015-157014,BM-11785,OFF-BI-10001098,48,293,Second Class,32.07,5,0.7,-22.45
783,US-2015-157014,BM-11785,TEC-AC-10002167,48,293,Second Class,24.0,2,0.2,-2.7
784,US-2015-157014,BM-11785,FUR-BO-10004409,48,293,Second Class,35.49,1,0.5,-15.62
785,US-2015-157014,BM-11785,TEC-AC-10000057,48,293,Second Class,47.98,2,0.2,0.6
786,CA-2015-154921,EA-14035,OFF-EN-10000056,38,294,Standard Class,186.69,3,0.0,87.74
787,CA-2017-129567,CL-12565,OFF-BI-10000014,195,295,Second Class,17.46,2,0.2,5.89
788,CA-2015-154620,LT-17110,FUR-CH-10004675,195,296,Standard Class,348.93,2,0.2,34.89
789,CA-2015-115938,SA-20830,OFF-BI-10001543,196,154,Standard Class,143.96,4,0.0,69.1
790,CA-2015-115938,SA-20830,OFF-ST-10001321,196,154,Standard Class,15.42,1,0.0,4.16
791,CA-2015-115938,SA-20830,OFF-BI-10001132,196,154,Standard Class,43.04,8,0.0,21.09
792,CA-2015-115938,SA-20830,FUR-CH-10003199,196,154,Standard Class,332.94,3,0.0,79.91
793,CA-2016-105256,JK-15730,TEC-PH-10001530,197,245,Same Day,1363.96,5,0.2,85.25
794,CA-2014-156433,ES-14020,OFF-LA-10001569,95,60,Standard Class,9.96,2,0.0,4.58
795,CA-2014-156433,ES-14020,OFF-PA-10003724,95,60,Standard Class,21.72,4,0.0,10.64
796,CA-2017-151428,RH-19495,OFF-BI-10000546,39,297,Standard Class,20.16,7,0.0,9.88
797,CA-2015-124653,DB-13120,OFF-PA-10000176,145,101,First Class,132.79,7,0.0,63.74
798,CA-2015-124653,DB-13120,OFF-PA-10002365,145,101,First Class,12.96,2,0.0,6.22
799,CA-2015-124653,DB-13120,OFF-LA-10002271,145,101,First Class,21.56,7,0.0,10.35
800,CA-2015-101910,CD-11920,FUR-CH-10002647,198,155,Standard Class,283.92,5,0.2,17.74
801,CA-2017-105809,HW-14935,FUR-FU-10004090,189,298,First Class,22.23,1,0.0,7.34
802,CA-2017-105809,HW-14935,TEC-PH-10001580,189,298,First Class,215.97,2,0.2,18.9
803,CA-2016-136133,HW-14935,OFF-AP-10000576,24,299,Second Class,355.32,9,0.0,99.49
804,CA-2016-115504,MC-18130,OFF-PA-10003953,69,300,Standard Class,12.96,2,0.0,6.22
805,CA-2017-135783,GM-14440,FUR-FU-10000794,35,301,First Class,18.28,2,0.0,6.22
806,CA-2014-134313,RA-19915,OFF-AR-10001897,77,302,Standard Class,43.18,3,0.2,4.32
807,CA-2014-134313,RA-19915,TEC-PH-10001795,77,302,Standard Class,1983.97,4,0.2,248.0
808,CA-2015-140921,AA-10375,FUR-FU-10003347,199,303,First Class,28.4,2,0.0,11.08
809,CA-2015-140921,AA-10375,TEC-AC-10004901,199,303,First Class,149.97,3,0.0,50.99
810,CA-2014-151995,ZC-21910,OFF-AR-10003190,200,304,First Class,11.52,4,0.0,3.23
811,CA-2014-151995,ZC-21910,FUR-TA-10002903,200,304,First Class,1298.55,5,0.0,311.65
812,CA-2014-151995,ZC-21910,OFF-AP-10000240,200,304,First Class,213.92,4,0.0,62.04
813,CA-2014-151995,ZC-21910,TEC-AC-10001101,200,304,First Class,25.78,2,0.0,2.58
814,CA-2017-143686,PJ-19015,FUR-FU-10000794,201,305,Same Day,18.28,2,0.0,6.22
815,CA-2017-143686,PJ-19015,TEC-AC-10001838,201,305,Same Day,1399.93,7,0.0,601.97
816,CA-2015-106565,BW-11110,OFF-PA-10000061,202,306,First Class,51.84,8,0.0,24.88
817,CA-2016-149370,DB-13210,OFF-PA-10003651,12,307,Standard Class,5.34,1,0.2,1.87
818,CA-2014-140858,CA-12775,OFF-PA-10000304,12,308,Standard Class,41.47,8,0.2,14.52
819,CA-2014-140858,CA-12775,OFF-BI-10003094,12,308,Standard Class,3.17,3,0.7,-2.43
820,CA-2014-140858,CA-12775,FUR-CH-10001394,12,308,Standard Class,1228.46,5,0.3,0.0
821,CA-2014-140858,CA-12775,OFF-BI-10004230,12,308,Standard Class,31.09,3,0.7,-22.8
822,CA-2014-140858,CA-12775,OFF-PA-10003395,12,308,Standard Class,335.52,4,0.2,117.43
823,CA-2017-101434,TR-21325,TEC-AC-10002402,99,309,Standard Class,239.97,3,0.0,71.99
824,CA-2017-101434,TR-21325,OFF-LA-10003223,99,309,Standard Class,9.82,2,0.0,4.81
825,US-2014-102071,PG-18820,TEC-AC-10003441,95,310,Standard Class,67.8,4,0.0,4.07
826,US-2014-102071,PG-18820,TEC-AC-10000109,95,310,Standard Class,167.97,3,0.0,40.31
827,CA-2017-126956,GT-14710,OFF-FA-10002280,88,171,Standard Class,35.0,7,0.0,16.8
828,CA-2017-126956,GT-14710,OFF-SU-10000381,88,171,Standard Class,37.24,4,0.0,10.8
829,CA-2017-126956,GT-14710,OFF-EN-10004459,88,171,Standard Class,15.28,2,0.0,7.49
830,CA-2017-129462,JE-15745,FUR-CH-10000665,203,115,Second Class,301.96,2,0.0,90.59
831,CA-2017-129462,JE-15745,OFF-AP-10003884,203,115,Second Class,180.66,3,0.0,50.58
832,CA-2017-129462,JE-15745,TEC-PH-10001557,203,115,Second Class,191.98,2,0.0,51.83
833,CA-2017-129462,JE-15745,TEC-PH-10002085,203,115,Second Class,65.99,1,0.0,17.16
834,CA-2016-165316,JB-15400,OFF-AR-10002956,86,311,Standard Class,35.22,2,0.2,2.64
835,CA-2016-165316,JB-15400,OFF-AP-10003266,86,311,Standard Class,23.7,2,0.2,6.52
836,CA-2016-165316,JB-15400,TEC-MA-10004002,86,311,Standard Class,265.48,1,0.5,-111.5
837,US-2014-115987,LH-17020,OFF-BI-10001071,179,79,Second Class,51.18,4,0.8,-79.34
838,US-2017-156083,JL-15175,OFF-PA-10001560,85,260,Standard Class,9.66,2,0.2,3.26
839,US-2016-137547,EB-13705,TEC-PH-10002365,7,312,Standard Class,21.07,3,0.2,1.58
840,CA-2015-100454,BM-11650,OFF-AR-10004648,46,313,Standard Class,60.45,3,0.0,16.32
841,CA-2015-100454,BM-11650,OFF-AR-10002578,46,313,Standard Class,11.52,4,0.0,3.34
842,CA-2015-100454,BM-11650,FUR-BO-10001519,46,313,Standard Class,186.05,4,0.2,9.3
843,CA-2016-161669,EM-14095,OFF-BI-10001294,2,78,First Class,37.44,4,0.2,11.7
844,CA-2016-161669,EM-14095,OFF-BI-10001636,2,78,First Class,26.98,4,0.2,8.77
845,CA-2016-161669,EM-14095,OFF-SU-10002503,2,78,First Class,11.36,2,0.0,3.29
846,CA-2016-161669,EM-14095,OFF-LA-10004093,2,78,First Class,14.62,2,0.0,6.87
847,CA-2015-114300,AF-10885,TEC-PH-10001552,176,314,Standard Class,83.72,7,0.0,23.44
848,CA-2015-114300,AF-10885,FUR-CH-10001891,176,314,Standard Class,287.94,3,0.0,77.74
849,CA-2017-107503,GA-14725,FUR-FU-10003878,204,315,Standard Class,48.9,4,0.2,8.56
850,CA-2014-107755,CK-12760,TEC-AC-10000710,205,316,Standard Class,115.36,7,0.0,49.6
851,CA-2016-152534,DP-13105,OFF-AR-10002335,206,24,Second Class,5.16,2,0.0,1.34
852,CA-2016-152534,DP-13105,OFF-PA-10001870,206,24,Second Class,38.88,6,0.0,18.66
853,CA-2016-113747,VD-21670,OFF-AR-10003373,130,317,Standard Class,185.88,6,0.0,50.19
854,CA-2016-123274,GT-14710,FUR-FU-10004090,46,318,Standard Class,44.46,2,0.0,14.67
855,CA-2016-123274,GT-14710,OFF-ST-10000736,46,318,Standard Class,242.94,3,0.0,9.72
856,CA-2014-125612,BK-11260,OFF-PA-10001019,46,94,Standard Class,39.96,2,0.0,18.78
857,CA-2014-125612,BK-11260,OFF-SU-10002537,46,94,Standard Class,102.3,10,0.0,26.6
858,CA-2014-125612,BK-11260,OFF-ST-10003221,46,94,Standard Class,21.36,2,0.0,5.77
859,CA-2017-161984,SJ-20125,OFF-PA-10004569,207,319,Standard Class,7.61,1,0.0,3.58
860,CA-2017-161984,SJ-20125,OFF-FA-10000624,207,319,Standard Class,7.16,2,0.0,3.58
861,CA-2014-133851,CM-12445,OFF-SU-10001225,35,4,Standard Class,7.36,2,0.0,0.15
862,CA-2014-133851,CM-12445,OFF-AR-10003752,35,4,Standard Class,23.1,2,0.0,10.63
863,CA-2016-134474,AJ-10795,TEC-AC-10001714,134,320,Second Class,191.47,6,0.2,40.69
864,CA-2016-134474,AJ-10795,OFF-AR-10003958,134,320,Second Class,5.25,2,0.2,0.59
865,CA-2016-134474,AJ-10795,TEC-PH-10002923,134,320,Second Class,59.18,2,0.2,5.18
866,CA-2014-149020,AJ-10780,OFF-LA-10004272,29,321,Standard Class,2.89,1,0.0,1.36
867,CA-2014-149020,AJ-10780,FUR-FU-10000965,29,321,Standard Class,51.94,1,0.0,21.3
868,CA-2016-134362,LS-16945,OFF-LA-10004853,12,322,First Class,15.94,4,0.2,5.18
869,CA-2014-136742,GP-14740,OFF-BI-10003719,208,323,Standard Class,44.91,6,0.7,-35.93
870,CA-2016-158099,PK-18910,OFF-BI-10000545,106,324,First Class,1141.47,5,0.7,-760.98
871,CA-2016-158099,PK-18910,TEC-PH-10002496,106,324,First Class,280.78,3,0.4,-46.8
872,CA-2015-131128,TB-21520,OFF-PA-10003591,209,325,First Class,34.44,3,0.0,17.22
873,CA-2014-148488,SM-20005,OFF-PA-10004470,30,326,Standard Class,11.36,2,0.0,5.23
874,CA-2014-148488,SM-20005,OFF-BI-10000315,30,326,Standard Class,106.34,7,0.2,37.22
875,CA-2017-114636,GA-14725,OFF-PA-10001790,44,327,Standard Class,192.16,5,0.2,67.26
876,CA-2016-116736,CC-12430,FUR-FU-10004017,209,328,Standard Class,322.59,3,0.0,64.52
877,CA-2016-116736,CC-12430,TEC-AC-10003628,209,328,Standard Class,29.99,1,0.0,13.2
878,CA-2016-116736,CC-12430,TEC-AC-10002049,209,328,Standard Class,371.97,3,0.0,66.95
879,US-2014-158638,AG-10765,OFF-BI-10003712,75,329,Standard Class,5.89,4,0.7,-4.12
880,CA-2017-111689,HP-14815,OFF-BI-10003984,24,330,Second Class,68.47,3,0.2,23.11
881,CA-2017-111689,HP-14815,FUR-CH-10004287,24,330,Second Class,1242.9,5,0.1,262.39
882,CA-2015-129098,DK-13090,OFF-ST-10001321,29,331,Standard Class,30.84,2,0.0,8.33
883,US-2017-123463,GZ-14470,OFF-AR-10001118,10,332,Same Day,13.48,4,0.0,5.93
884,CA-2016-165148,PM-19135,FUR-FU-10000732,84,333,First Class,31.4,5,0.0,10.05
885,CA-2014-134061,LL-16840,FUR-FU-10001424,145,334,Standard Class,17.46,2,0.0,5.94
886,CA-2015-143602,JS-15595,OFF-BI-10002071,63,335,Second Class,13.94,3,0.2,4.53
887,CA-2017-115364,OT-18730,OFF-ST-10002486,189,336,Standard Class,83.76,12,0.0,1.68
888,CA-2017-150707,EL-13735,OFF-BI-10001078,210,337,Standard Class,37.66,7,0.0,18.45
889,CA-2014-104976,CK-12760,OFF-PA-10003845,35,338,Standard Class,34.68,6,0.0,16.99
890,CA-2017-132934,JE-15475,TEC-AC-10000927,132,309,Standard Class,149.95,5,0.0,15.0
891,CA-2017-132934,JE-15475,OFF-BI-10001098,132,309,Standard Class,51.31,3,0.2,18.6
892,CA-2017-133256,TH-21550,OFF-PA-10001622,84,336,First Class,4.54,1,0.0,2.04
893,CA-2017-133256,TH-21550,OFF-AR-10003158,84,336,First Class,15.92,4,0.0,5.41
894,CA-2017-133256,TH-21550,TEC-PH-10002660,84,336,First Class,543.92,8,0.0,135.98
895,CA-2016-105494,PC-18745,OFF-ST-10002205,35,339,First Class,155.82,7,0.0,42.07
896,CA-2016-105494,PC-18745,OFF-BI-10003364,35,339,First Class,70.01,3,0.2,24.5
897,CA-2016-140634,HL-15040,OFF-EN-10001099,15,340,Second Class,15.65,2,0.2,5.09
898,CA-2014-144407,MS-17365,OFF-LA-10003923,84,341,Standard Class,103.6,7,0.0,51.8
899,CA-2017-160983,GB-14530,OFF-PA-10002250,136,342,Second Class,46.96,8,0.0,22.54
900,US-2016-114622,JR-16210,OFF-BI-10004716,158,343,First Class,8.9,2,0.7,-6.53
901,CA-2017-150959,TD-20995,OFF-LA-10001045,211,344,First Class,10.44,5,0.2,3.39
902,CA-2017-150959,TD-20995,OFF-BI-10001510,211,344,First Class,18.34,4,0.8,-32.09
903,CA-2017-132353,DB-13060,TEC-PH-10004536,156,176,First Class,323.98,3,0.2,20.25
904,CA-2016-130477,LC-17140,OFF-PA-10002947,4,144,Standard Class,20.04,3,0.0,9.62
905,CA-2016-130477,LC-17140,OFF-ST-10002583,4,144,Standard Class,64.96,2,0.0,2.6
906,CA-2016-130477,LC-17140,OFF-PA-10000019,4,144,Standard Class,12.96,2,0.0,6.22
907,CA-2017-143259,PO-18865,FUR-BO-10003441,30,248,Standard Class,323.14,4,0.2,12.12
908,CA-2017-143259,PO-18865,TEC-PH-10004774,30,248,Standard Class,90.93,7,0.0,2.73
909,CA-2017-143259,PO-18865,OFF-BI-10003684,30,248,Standard Class,52.78,3,0.2,19.79
910,CA-2017-137596,BE-11335,TEC-PH-10001494,31,265,Standard Class,1199.8,4,0.0,323.95
911,CA-2017-137596,BE-11335,TEC-AC-10004666,31,265,Standard Class,1928.78,7,0.0,829.38
912,CA-2017-137596,BE-11335,OFF-ST-10003816,31,265,Standard Class,352.38,2,0.0,81.05
913,CA-2015-133627,SC-20050,FUR-FU-10001935,212,71,Standard Class,22.2,6,0.0,9.1
914,CA-2017-102519,BM-11650,FUR-FU-10004091,202,345,First Class,46.94,1,0.0,19.25
915,CA-2017-102519,BM-11650,TEC-AC-10001772,202,345,First Class,143.73,9,0.0,56.05
916,US-2014-141215,KL-16555,FUR-TA-10001520,66,346,Standard Class,99.92,2,0.3,-18.56
917,US-2014-141215,KL-16555,FUR-CH-10003379,66,346,Standard Class,797.94,4,0.3,-57.0
918,US-2014-141215,KL-16555,OFF-BI-10002706,66,346,Standard Class,8.57,3,0.8,-14.57
919,CA-2016-165218,RW-19630,OFF-EN-10000056,78,347,Standard Class,149.35,3,0.2,50.41
920,CA-2016-165218,RW-19630,OFF-ST-10001558,78,347,Standard Class,12.99,1,0.2,-0.81
921,CA-2014-138296,RC-19825,OFF-ST-10002444,213,30,Standard Class,24.56,2,0.0,6.88
922,CA-2015-111164,SE-20110,TEC-AC-10002473,30,348,Standard Class,85.14,3,0.0,34.91
923,CA-2015-111164,SE-20110,TEC-PH-10004531,30,348,Standard Class,21.99,1,0.0,10.56
924,CA-2015-111164,SE-20110,OFF-AP-10004487,30,348,Standard Class,406.6,5,0.0,113.85
925,CA-2016-149797,AH-10075,OFF-BI-10003650,165,307,Standard Class,841.57,2,0.2,294.55
926,CA-2014-132962,JM-15535,OFF-PA-10003543,106,104,First Class,15.55,3,0.2,5.44
927,CA-2014-132962,JM-15535,TEC-AC-10004353,106,104,First Class,252.0,5,0.2,53.55
928,CA-2015-115091,JJ-15760,OFF-AR-10000658,29,349,Standard Class,46.2,4,0.0,12.94
929,CA-2015-115091,JJ-15760,OFF-AP-10000696,29,349,Standard Class,28.84,2,0.0,9.52
930,CA-2017-144932,AB-10165,OFF-AR-10003560,214,350,First Class,14.59,3,0.2,2.55
931,CA-2017-144932,AB-10165,OFF-AR-10001468,214,350,First Class,89.86,3,0.2,21.34
932,CA-2017-144932,AB-10165,OFF-PA-10004971,214,350,First Class,13.87,3,0.2,5.03
933,CA-2017-114216,RK-19300,OFF-PA-10002195,12,265,Standard Class,12.19,3,0.2,4.11
934,CA-2016-140081,CG-12040,OFF-PA-10001745,75,24,Standard Class,45.06,8,0.2,15.21
935,CA-2016-140081,CG-12040,OFF-BI-10004826,75,24,Standard Class,29.72,6,0.7,-21.79
936,CA-2016-140081,CG-12040,OFF-PA-10001870,75,24,Standard Class,15.55,3,0.2,5.44
937,CA-2016-140081,CG-12040,OFF-AP-10001058,75,24,Standard Class,447.7,2,0.2,33.58
938,US-2017-111745,RA-19885,TEC-AC-10003911,215,61,First Class,159.99,1,0.0,54.4
939,CA-2015-148250,RP-19270,OFF-PA-10000289,216,351,Standard Class,12.96,2,0.0,6.22
940,CA-2015-148250,RP-19270,OFF-AP-10003040,216,351,Standard Class,134.48,4,0.0,34.96
941,CA-2016-105760,KC-16255,OFF-PA-10000350,95,352,First Class,17.12,2,0.0,8.05
942,CA-2016-142958,RW-19630,OFF-BI-10001759,217,181,Standard Class,6.1,2,0.2,2.21
943,CA-2016-142958,RW-19630,FUR-TA-10000577,217,181,Standard Class,1114.27,4,0.2,41.79
944,CA-2015-120880,JL-15850,OFF-PA-10004101,60,353,Standard Class,32.4,5,0.0,15.55
945,CA-2015-120880,JL-15850,OFF-ST-10001496,60,353,Standard Class,540.57,3,0.0,140.55
946,CA-2015-120880,JL-15850,OFF-BI-10002931,60,353,Standard Class,167.76,5,0.2,62.91
947,US-2015-140200,CA-12775,FUR-TA-10002356,155,354,First Class,393.16,3,0.5,-204.45
948,US-2017-110576,RB-19795,FUR-FU-10003601,75,355,Standard Class,516.49,7,0.2,-12.91
949,US-2017-110576,RB-19795,FUR-FU-10000576,75,355,Standard Class,1007.23,6,0.2,75.54
950,US-2017-110576,RB-19795,FUR-TA-10004154,75,355,Standard Class,2065.32,12,0.4,-619.6
951,US-2017-110576,RB-19795,OFF-PA-10000788,75,355,Standard Class,15.55,3,0.2,5.44
952,US-2017-110576,RB-19795,OFF-PA-10002479,75,355,Standard Class,25.34,6,0.2,7.92
953,CA-2017-131156,KH-16360,FUR-FU-10001940,106,356,Standard Class,25.47,4,0.2,7.64
954,CA-2017-136539,GH-14665,OFF-AR-10001958,218,117,Standard Class,27.17,2,0.2,2.72
955,CA-2017-136539,GH-14665,FUR-BO-10004709,218,117,Standard Class,78.85,2,0.32,-11.6
956,CA-2017-119305,SW-20275,OFF-ST-10000604,130,330,Standard Class,173.8,5,0.0,43.45
957,CA-2017-102414,JA-15970,TEC-PH-10002923,52,357,Second Class,29.59,1,0.2,2.59
958,CA-2017-102414,JA-15970,OFF-BI-10004465,52,357,Second Class,4.75,2,0.7,-3.17
959,CA-2017-102414,JA-15970,OFF-PA-10002333,52,357,Second Class,15.55,3,0.2,5.64
960,CA-2015-112571,DL-12925,FUR-FU-10004188,219,358,Same Day,204.6,2,0.0,53.2
961,CA-2017-152142,LW-16990,FUR-CH-10002965,95,238,Standard Class,321.57,2,0.2,28.14
962,CA-2015-160059,TB-21190,OFF-BI-10000145,146,155,Standard Class,6.24,2,0.0,3.06
963,CA-2016-120859,CV-12805,OFF-EN-10001335,95,143,First Class,21.88,2,0.0,10.94
964,CA-2014-127488,MS-17365,OFF-LA-10001613,220,359,Second Class,4.61,2,0.2,1.67
965,CA-2017-135279,BS-11800,OFF-LA-10004055,165,360,First Class,9.82,2,0.0,4.81
966,CA-2017-135279,BS-11800,OFF-AR-10004344,165,360,First Class,35.97,3,0.0,9.71
967,CA-2017-135279,BS-11800,OFF-PA-10004621,165,360,First Class,12.96,2,0.0,6.22
968,CA-2017-135279,BS-11800,OFF-PA-10001281,165,360,First Class,191.6,4,0.0,91.97
969,CA-2017-135279,BS-11800,OFF-LA-10001613,165,360,First Class,8.64,3,0.0,4.23
970,CA-2017-135279,BS-11800,OFF-ST-10001097,165,360,First Class,501.81,3,0.0,0.0
971,CA-2014-115791,DL-13315,FUR-FU-10001095,64,361,Second Class,127.1,6,0.2,28.6
972,CA-2014-115791,DL-13315,TEC-PH-10004614,64,361,Second Class,124.2,3,0.4,-31.05
973,CA-2014-115791,DL-13315,OFF-BI-10001575,64,361,Second Class,18.59,2,0.7,-13.63
974,CA-2014-115791,DL-13315,OFF-LA-10001074,64,361,Second Class,30.07,3,0.2,10.15
975,US-2017-103247,PO-19195,TEC-PH-10003555,165,362,Second Class,160.93,7,0.0,3.22
976,US-2017-103247,PO-19195,OFF-BI-10004492,165,362,Second Class,75.79,3,0.2,25.58
977,US-2017-100209,TD-20995,OFF-BI-10002012,41,363,Standard Class,1.08,2,0.7,-0.79
978,CA-2017-159366,BW-11110,TEC-MA-10000822,186,364,First Class,3059.98,2,0.1,680.0
979,CA-2016-145499,RW-19690,OFF-BI-10000848,125,199,First Class,3.28,2,0.7,-2.63
980,CA-2015-157035,KB-16600,OFF-PA-10004156,135,365,First Class,34.02,3,0.0,16.67
981,CA-2016-144939,EB-13870,FUR-CH-10003199,46,340,Standard Class,599.29,6,0.1,93.22
982,CA-2014-163419,TZ-21580,OFF-AR-10000034,128,8,Second Class,3.39,1,0.2,0.81
983,CA-2014-163419,TZ-21580,TEC-PH-10000560,128,8,Second Class,559.98,2,0.2,56.0
984,CA-2014-163419,TZ-21580,FUR-CH-10000665,128,8,Second Class,603.92,5,0.2,75.49
985,CA-2017-100314,AS-10630,OFF-LA-10001569,90,366,Standard Class,7.97,2,0.2,2.59
986,CA-2017-100314,AS-10630,OFF-EN-10000461,90,366,Standard Class,27.97,4,0.2,9.44
987,CA-2017-100314,AS-10630,TEC-MA-10003066,90,366,Standard Class,336.51,3,0.4,44.87
988,CA-2015-146829,TS-21340,OFF-BI-10004022,17,367,Same Day,1.11,2,0.8,-1.89
989,CA-2017-167899,JG-15805,FUR-FU-10004071,136,368,Standard Class,520.05,5,0.0,72.81
990,CA-2017-167899,JG-15805,OFF-AR-10001988,136,368,Standard Class,17.97,3,0.0,5.21
991,CA-2015-153549,SL-20155,FUR-CH-10004086,134,369,Second Class,1166.92,5,0.2,131.28
992,CA-2016-110023,TS-21610,OFF-BI-10001036,24,370,First Class,14.62,2,0.2,5.48
993,CA-2016-105585,RF-19735,OFF-FA-10002983,59,371,First Class,10.23,3,0.0,4.91
994,CA-2016-105585,RF-19735,OFF-PA-10003625,59,371,First Class,154.9,5,0.0,69.7
995,CA-2014-117639,MW-18235,OFF-BI-10003925,221,372,Standard Class,2715.93,7,0.0,1276.49
996,CA-2014-117639,MW-18235,TEC-PH-10001530,221,372,Standard Class,617.97,3,0.0,173.03
997,CA-2015-162537,RD-19585,OFF-EN-10003862,1,373,Standard Class,10.67,1,0.0,4.91
998,CA-2015-162537,RD-19585,OFF-ST-10004258,1,373,Standard Class,36.63,3,0.0,9.89
999,CA-2015-162537,RD-19585,FUR-FU-10002885,1,373,Standard Class,24.1,5,0.0,9.16
1000,CA-2015-162537,RD-19585,FUR-FU-10001918,1,373,Standard Class,33.11,7,0.0,12.91
1001,CA-2016-155488,FM-14290,OFF-AR-10002956,173,374,Standard Class,44.02,2,0.0,11.45
1002,CA-2015-124891,RH-19495,TEC-AC-10003033,24,375,Same Day,2309.65,7,0.0,762.18
1003,CA-2015-124891,RH-19495,FUR-TA-10002903,24,375,Same Day,1090.78,7,0.4,-290.88
1004,CA-2015-124891,RH-19495,OFF-PA-10004621,24,375,Same Day,19.44,3,0.0,9.33
1005,CA-2015-126445,RA-19945,OFF-ST-10000046,222,376,Standard Class,484.65,3,0.0,92.08
1006,CA-2015-111199,JK-15730,OFF-PA-10001790,223,51,Standard Class,115.3,3,0.2,40.35
1007,CA-2015-105312,MT-17815,OFF-EN-10002600,58,377,First Class,7.08,3,0.2,2.48
1008,CA-2015-105312,MT-17815,OFF-BI-10002049,58,377,First Class,4.4,3,0.7,-3.52
1009,US-2017-106705,PO-18850,OFF-PA-10001509,224,378,Standard Class,44.75,5,0.0,20.58
1010,CA-2017-135034,AT-10735,TEC-PH-10003931,156,379,First Class,95.98,2,0.2,6.0
1011,CA-2014-158540,VG-21790,FUR-FU-10001602,89,157,First Class,151.72,4,0.0,27.31
1012,CA-2017-118437,PF-19165,FUR-FU-10004848,225,47,Second Class,155.25,3,0.0,46.58
1013,CA-2017-118437,PF-19165,OFF-ST-10003722,225,47,Second Class,14.03,1,0.0,4.07
1014,US-2015-126214,JS-15880,FUR-TA-10003748,6,380,Second Class,1618.37,13,0.0,356.04
1015,US-2015-126214,JS-15880,TEC-AC-10003198,6,380,Second Class,99.6,1,0.0,36.85
1016,CA-2015-133025,MO-17800,OFF-PA-10004100,2,15,Second Class,32.4,5,0.0,15.55
1017,CA-2015-108665,KM-16225,FUR-FU-10002191,165,381,Standard Class,13.96,2,0.0,6.7
1018,CA-2015-108665,KM-16225,FUR-FU-10000965,165,381,Standard Class,155.82,3,0.0,63.89
1019,CA-2015-108665,KM-16225,TEC-PH-10004188,165,381,Standard Class,124.95,5,0.0,2.5
1020,CA-2015-108665,KM-16225,OFF-ST-10001526,165,381,Standard Class,601.65,5,0.0,156.43
1021,CA-2015-124450,GT-14710,OFF-AR-10001166,226,382,Standard Class,22.74,3,0.0,8.87
1022,CA-2015-124450,GT-14710,FUR-CH-10000309,226,382,Standard Class,1267.53,3,0.0,316.88
1023,CA-2015-124450,GT-14710,TEC-MA-10004212,226,382,Standard Class,1379.92,8,0.0,648.56
1024,CA-2015-167269,PB-19150,OFF-EN-10003072,64,383,Standard Class,6.21,2,0.2,2.17
1025,CA-2017-106964,HR-14770,OFF-BI-10000320,63,95,First Class,11.81,2,0.2,4.28
1026,CA-2016-126529,DE-13255,OFF-PA-10001166,158,384,Second Class,15.55,3,0.2,5.44
1027,CA-2016-126529,DE-13255,OFF-PA-10003656,158,384,Second Class,63.31,3,0.2,20.58
1028,CA-2016-126529,DE-13255,TEC-PH-10000148,158,384,Second Class,15.59,2,0.4,-9.87
1029,CA-2014-163552,LA-16780,OFF-PA-10000474,104,385,Standard Class,177.2,5,0.0,83.28
1030,CA-2014-163552,LA-16780,TEC-PH-10003885,104,385,Standard Class,197.97,3,0.0,57.41
1031,CA-2014-163552,LA-16780,FUR-CH-10003379,104,385,Standard Class,854.94,3,0.0,213.74
1032,CA-2014-163552,LA-16780,FUR-FU-10000629,104,385,Standard Class,124.11,9,0.0,52.13
1033,CA-2014-163552,LA-16780,OFF-LA-10001175,104,385,Standard Class,14.4,5,0.0,7.06
1034,CA-2016-109820,AG-10390,OFF-PA-10000955,94,74,First Class,15.7,3,0.2,5.1
1035,CA-2016-109820,AG-10390,OFF-BI-10003460,94,74,First Class,2.63,2,0.7,-1.93
1036,CA-2016-109820,AG-10390,OFF-BI-10000474,94,74,First Class,14.43,3,0.7,-10.58
1037,CA-2016-113061,EL-13735,FUR-FU-10003975,227,184,Standard Class,86.62,2,0.0,8.66
1038,CA-2015-127418,JJ-15445,OFF-BI-10003707,26,386,First Class,36.62,3,0.2,13.73
1039,CA-2017-121818,JH-15430,OFF-AR-10000203,180,226,First Class,23.97,7,0.2,2.7
1040,CA-2017-121818,JH-15430,OFF-AR-10004790,180,226,First Class,28.73,3,0.2,1.8
1041,CA-2016-127670,RD-19660,FUR-TA-10001095,228,232,Standard Class,697.16,4,0.0,146.4
1042,CA-2016-102981,MO-17500,TEC-AC-10004761,46,48,Second Class,31.86,2,0.0,11.15
1043,CA-2016-102981,MO-17500,FUR-BO-10001811,46,48,Second Class,722.35,3,0.2,90.29
1044,CA-2017-115651,NS-18640,OFF-AR-10001130,27,363,First Class,8.84,5,0.2,2.98
1045,CA-2017-115651,NS-18640,OFF-AP-10000055,27,363,First Class,58.46,9,0.8,-146.16
1046,CA-2017-152702,SN-20710,FUR-CH-10002304,229,387,Standard Class,254.6,14,0.3,-18.19
1047,CA-2016-169103,ZC-21910,TEC-PH-10001530,230,388,Standard Class,1363.96,5,0.2,85.25
1048,CA-2016-169103,ZC-21910,FUR-FU-10004006,230,388,Standard Class,102.36,3,0.2,-3.84
1049,CA-2014-139192,LC-16885,TEC-PH-10000486,10,280,Second Class,1113.5,12,0.2,125.27
1050,CA-2014-139192,LC-16885,TEC-AC-10001606,10,280,Second Class,99.99,1,0.0,38.0
1051,US-2015-153500,DG-13300,FUR-FU-10000293,64,231,First Class,168.46,2,0.2,-29.48
1052,US-2015-153500,DG-13300,OFF-PA-10001307,64,231,First Class,6.72,2,0.2,2.44
1053,US-2015-153500,DG-13300,FUR-FU-10004460,64,231,First Class,282.89,9,0.2,56.58
1054,CA-2015-110667,NF-18595,OFF-AR-10000716,30,389,Standard Class,11.16,2,0.0,4.35
1055,CA-2015-110667,NF-18595,FUR-FU-10004622,30,389,Standard Class,108.4,2,0.0,22.76
1056,CA-2015-110667,NF-18595,OFF-BI-10002735,30,389,Standard Class,82.34,3,0.2,27.79
1057,CA-2015-110667,NF-18595,OFF-BI-10003529,30,389,Standard Class,9.09,4,0.2,3.29
1058,CA-2017-167150,BP-11185,OFF-BI-10001097,89,390,Standard Class,19.94,4,0.2,7.23
1059,CA-2017-167150,BP-11185,OFF-BI-10001597,89,390,Standard Class,65.57,2,0.2,22.95
1060,CA-2016-105284,MG-17650,OFF-FA-10001754,106,391,Standard Class,4.42,3,0.2,1.6
1061,US-2015-125374,JD-16060,FUR-CH-10003396,15,392,Standard Class,107.77,2,0.3,-29.25
1062,CA-2015-161263,TS-21160,OFF-AP-10002350,214,393,Standard Class,45.22,3,0.2,4.52
1063,CA-2015-161263,TS-21160,OFF-FA-10004838,214,393,Standard Class,10.42,7,0.2,-2.21
1064,CA-2015-161263,TS-21160,OFF-AR-10004757,214,393,Standard Class,7.87,3,0.2,1.28
1065,CA-2015-161263,TS-21160,TEC-PH-10002115,214,393,Standard Class,118.78,3,0.4,-27.72
1066,CA-2015-161263,TS-21160,OFF-FA-10003059,214,393,Standard Class,1.45,1,0.2,0.24
1067,CA-2015-161263,TS-21160,OFF-BI-10004330,214,393,Standard Class,55.47,5,0.7,-46.22
1068,CA-2016-157686,BD-11620,FUR-CH-10001146,35,394,First Class,194.85,4,0.2,12.18
1069,US-2017-139955,CM-12160,OFF-SU-10001935,231,395,Second Class,1.74,1,0.2,-0.35
1070,US-2015-150161,RB-19795,OFF-BI-10001524,106,396,Standard Class,25.18,4,0.7,-18.46
1071,CA-2015-144652,SN-20560,OFF-AR-10003732,142,313,Standard Class,19.46,7,0.0,5.06
1072,CA-2016-152814,EH-14005,OFF-PA-10001970,77,237,Standard Class,29.47,3,0.2,9.95
1073,CA-2017-106943,FO-14305,OFF-BI-10003669,46,238,Standard Class,8.64,2,0.2,3.02
1074,CA-2016-134348,MS-17710,OFF-BI-10003727,155,397,Standard Class,6.27,5,0.7,-4.6
1075,CA-2016-134348,MS-17710,OFF-BI-10004967,155,397,Standard Class,4.37,7,0.7,-3.35
1076,CA-2016-134348,MS-17710,TEC-AC-10003447,155,397,Standard Class,31.98,2,0.2,2.0
1077,CA-2016-161781,CC-12100,OFF-AR-10000255,135,322,First Class,40.88,7,0.0,10.63
1078,CA-2017-132521,DW-13540,OFF-AP-10002191,60,398,Second Class,119.96,2,0.0,33.59
1079,CA-2017-132521,DW-13540,OFF-ST-10001325,60,398,Second Class,31.44,3,0.0,8.49
1080,CA-2017-132521,DW-13540,OFF-BI-10000404,60,398,Second Class,6.88,1,0.2,2.32
1081,CA-2015-110016,BT-11395,OFF-PA-10000349,84,240,Standard Class,19.92,4,0.0,9.36
1082,CA-2015-110016,BT-11395,FUR-CH-10002880,84,240,Standard Class,1106.91,9,0.0,121.76
1083,US-2016-143819,KD-16270,FUR-TA-10001095,232,399,Standard Class,836.59,8,0.4,-264.92
1084,US-2016-143819,KD-16270,OFF-PA-10003127,232,399,Standard Class,26.38,1,0.0,12.13
1085,US-2016-143819,KD-16270,OFF-ST-10003208,232,399,Standard Class,362.92,2,0.0,105.25
1086,US-2016-143819,KD-16270,TEC-MA-10003979,232,399,Standard Class,4899.93,7,0.0,2400.97
1087,CA-2016-167584,LC-16870,OFF-PA-10000029,194,400,Same Day,6.48,1,0.0,3.11
1088,CA-2016-166163,CY-12745,TEC-PH-10004896,233,244,Second Class,71.98,3,0.2,7.2
1089,CA-2016-166163,CY-12745,OFF-LA-10000452,233,244,Second Class,3.15,1,0.0,1.51
1090,CA-2017-158407,LW-16990,FUR-FU-10001967,234,401,Standard Class,31.98,2,0.2,2.0
1091,CA-2017-158407,LW-16990,TEC-PH-10001819,234,401,Standard Class,71.98,2,0.2,25.19
1092,CA-2015-143490,NP-18325,OFF-AR-10002952,189,402,Standard Class,120.15,9,0.0,33.64
1093,CA-2015-143490,NP-18325,TEC-PH-10000576,189,402,Standard Class,219.18,2,0.2,19.18
1094,CA-2015-165085,BT-11485,OFF-PA-10000605,235,18,Standard Class,28.9,5,0.0,14.16
1095,CA-2015-165085,BT-11485,OFF-AP-10002518,235,18,Standard Class,355.96,2,0.0,103.23
1096,CA-2017-160423,PS-19045,OFF-ST-10004340,44,277,Standard Class,348.21,7,0.2,30.47
1097,CA-2017-160423,PS-19045,OFF-BI-10004001,44,277,Standard Class,35.78,7,0.7,-28.63
1098,CA-2014-159338,NS-18640,FUR-TA-10004147,14,403,First Class,447.84,5,0.2,11.2
1099,CA-2016-107216,PV-18985,OFF-AR-10001545,35,404,First Class,7.04,4,0.0,2.04
1100,CA-2016-107216,PV-18985,FUR-FU-10000206,35,404,First Class,8.73,3,0.0,4.1
1101,CA-2016-107216,PV-18985,TEC-AC-10001013,35,404,First Class,29.29,1,0.0,9.67
1102,CA-2016-107216,PV-18985,OFF-AR-10002255,35,404,First Class,8.64,3,0.0,2.51
1103,US-2017-145863,RP-19390,OFF-BI-10004140,17,82,Standard Class,2.69,3,0.8,-4.71
1104,US-2017-145863,RP-19390,OFF-BI-10002049,17,82,Standard Class,2.93,3,0.8,-4.99
1105,CA-2016-112340,NM-18520,OFF-PA-10001892,216,148,Standard Class,22.92,3,0.0,11.23
1106,US-2016-110156,EH-13945,OFF-ST-10000642,17,259,Standard Class,100.7,6,0.2,-16.36
1107,US-2016-110156,EH-13945,FUR-FU-10000206,17,259,Standard Class,2.33,2,0.6,-0.76
1108,US-2016-110156,EH-13945,OFF-BI-10003676,17,259,Standard Class,10.78,5,0.8,-17.25
1109,US-2016-110156,EH-13945,OFF-FA-10003495,17,259,Standard Class,58.37,12,0.2,21.89
1110,US-2016-110156,EH-13945,OFF-EN-10003798,17,259,Standard Class,40.97,3,0.2,13.83
1111,US-2016-110156,EH-13945,TEC-PH-10003589,17,259,Standard Class,71.96,5,0.2,25.19
1112,US-2016-110156,EH-13945,OFF-PA-10004735,17,259,Standard Class,10.37,2,0.2,3.63
1113,US-2016-110156,EH-13945,OFF-BI-10002609,17,259,Standard Class,1.19,2,0.8,-2.03
1114,CA-2017-140585,RA-19915,OFF-BI-10003364,236,405,Second Class,46.67,2,0.2,16.34
1115,CA-2017-140585,RA-19915,FUR-BO-10002206,236,405,Second Class,119.83,1,0.15,-12.69
1116,CA-2017-140585,RA-19915,TEC-AC-10003610,236,405,Second Class,119.98,2,0.0,57.59
1117,CA-2016-144855,DL-13495,OFF-LA-10003766,95,406,Second Class,6.3,2,0.0,3.02
1118,CA-2015-142755,CS-12355,OFF-PA-10001970,237,407,Standard Class,279.9,5,0.0,137.15
1119,CA-2015-142755,CS-12355,TEC-AC-10002049,237,407,Standard Class,619.95,5,0.0,111.59
1120,CA-2015-142755,CS-12355,OFF-PA-10000141,237,407,Standard Class,4.36,2,0.0,2.05
1121,CA-2015-142755,CS-12355,OFF-EN-10004459,237,407,Standard Class,15.28,2,0.0,7.49
1122,US-2014-147627,HL-15040,TEC-PH-10001061,238,408,Standard Class,699.93,7,0.0,181.98
1123,US-2014-147627,HL-15040,OFF-AR-10002375,238,408,Standard Class,22.96,7,0.0,6.66
1124,US-2014-147627,HL-15040,FUR-FU-10003194,238,408,Standard Class,38.6,4,0.0,11.58
1125,US-2014-147627,HL-15040,OFF-AR-10003811,238,408,Standard Class,6.63,3,0.0,1.79
1126,US-2014-147627,HL-15040,OFF-EN-10001539,238,408,Standard Class,23.34,3,0.0,10.97
1127,US-2014-147627,HL-15040,FUR-CH-10002331,238,408,Standard Class,1067.94,3,0.0,224.27
1128,CA-2015-105970,PA-19060,OFF-AR-10003156,239,57,Standard Class,10.16,1,0.0,2.64
1129,CA-2015-105970,PA-19060,OFF-EN-10001532,239,57,Standard Class,101.88,6,0.0,50.94
1130,CA-2016-112102,BD-11605,FUR-TA-10004086,29,409,Standard Class,343.92,4,0.0,75.66
1131,CA-2016-112102,BD-11605,OFF-PA-10000100,29,409,Standard Class,40.99,1,0.0,20.09
1132,CA-2016-112102,BD-11605,OFF-EN-10002500,29,409,Standard Class,63.9,5,0.0,28.76
1133,US-2016-114776,GG-14650,OFF-PA-10004100,240,410,First Class,19.44,3,0.0,9.33
1134,US-2016-134908,JS-15940,OFF-ST-10003479,64,411,Standard Class,124.61,4,0.2,-23.36
1135,US-2016-134908,JS-15940,OFF-LA-10000973,64,411,Standard Class,7.56,3,0.2,2.65
1136,US-2016-148803,LR-16915,OFF-ST-10001476,241,26,Same Day,85.22,3,0.2,7.46
1137,CA-2016-152170,FH-14275,OFF-EN-10002831,242,397,Second Class,287.52,8,0.0,129.38
1138,CA-2016-152170,FH-14275,OFF-AP-10002350,242,397,Second Class,37.68,2,0.0,10.55
1139,CA-2016-152170,FH-14275,OFF-PA-10001763,242,397,Second Class,19.98,2,0.0,8.99
1140,CA-2016-152170,FH-14275,OFF-AR-10003394,242,397,Second Class,20.58,7,0.0,5.56
1141,CA-2016-152170,FH-14275,OFF-BI-10002072,242,397,Second Class,17.38,2,0.0,8.69
1142,CA-2014-146969,AP-10915,FUR-FU-10004188,63,412,Standard Class,204.6,2,0.0,53.2
1143,CA-2014-146969,AP-10915,OFF-FA-10001561,63,412,Standard Class,8.72,4,0.0,2.88
1144,CA-2014-146969,AP-10915,OFF-PA-10002105,63,412,Standard Class,6.48,1,0.0,3.11
1145,CA-2014-146969,AP-10915,TEC-MA-10004241,63,412,Standard Class,686.32,2,0.2,223.05
1146,CA-2014-146969,AP-10915,OFF-ST-10004340,63,412,Standard Class,62.18,1,0.0,16.79
1147,CA-2015-112452,NC-18340,OFF-AP-10003849,243,389,Same Day,644.08,2,0.1,107.35
1148,CA-2015-112452,NC-18340,OFF-FA-10000735,243,389,Same Day,5.84,2,0.0,2.63
1149,CA-2015-112452,NC-18340,OFF-BI-10003350,243,389,Same Day,12.76,2,0.0,5.87
1150,CA-2015-112452,NC-18340,TEC-PH-10000307,243,389,Same Day,10.95,1,0.0,0.44
1151,CA-2015-112452,NC-18340,TEC-CO-10004202,243,389,Same Day,599.98,2,0.0,209.99
1152,CA-2015-113971,CB-12535,FUR-FU-10001852,244,413,Standard Class,8.35,6,0.2,1.25
1153,CA-2017-160395,KL-16555,OFF-AR-10003759,245,414,Standard Class,3.64,2,0.0,1.64
1154,CA-2017-160395,KL-16555,OFF-BI-10003984,245,414,Standard Class,159.77,7,0.2,53.92
1155,CA-2014-136567,PS-19045,OFF-ST-10004337,246,415,First Class,122.48,2,0.0,0.0
1156,CA-2014-136567,PS-19045,FUR-TA-10001932,246,415,First Class,2244.48,7,0.0,493.79
1157,CA-2014-136567,PS-19045,OFF-BI-10003982,246,415,First Class,62.31,3,0.0,29.29
1158,CA-2014-136567,PS-19045,FUR-TA-10000617,246,415,First Class,455.1,2,0.0,100.12
1159,CA-2016-149314,GB-14530,FUR-CH-10002126,26,416,Second Class,195.18,1,0.2,19.52
1160,CA-2017-147039,AA-10315,OFF-AP-10000576,40,223,Standard Class,362.94,3,0.0,90.74
1161,CA-2017-147039,AA-10315,OFF-BI-10004654,40,223,Standard Class,11.54,2,0.0,5.77
1162,CA-2014-126522,LT-16765,OFF-AR-10004042,247,417,Second Class,53.94,3,0.0,15.64
1163,CA-2014-127964,AP-10720,TEC-PH-10004700,46,224,Standard Class,9.99,1,0.0,4.6
1164,CA-2014-127964,AP-10720,OFF-BI-10004593,46,224,Standard Class,125.76,3,0.2,40.87
1165,CA-2014-127964,AP-10720,OFF-BI-10003429,46,224,Standard Class,25.32,5,0.2,9.18
1166,CA-2014-117709,PM-18940,OFF-BI-10001294,31,418,Standard Class,46.8,4,0.0,21.06
1167,CA-2015-125416,KC-16540,TEC-AC-10001552,61,122,Same Day,447.93,9,0.0,49.27
1168,CA-2017-145226,DL-13315,FUR-FU-10004952,46,167,Second Class,109.48,2,0.0,33.94
1169,CA-2017-145226,DL-13315,OFF-ST-10004123,46,167,Second Class,272.94,3,0.0,0.0
1170,CA-2017-145226,DL-13315,OFF-PA-10003172,46,167,Second Class,19.44,3,0.0,9.33
1171,CA-2017-145226,DL-13315,OFF-ST-10002352,46,167,Second Class,31.92,4,0.0,8.3
1172,US-2014-100279,SW-20275,OFF-PA-10002259,248,419,Standard Class,22.38,2,0.0,10.74
1173,CA-2014-158064,AA-10375,OFF-BI-10002976,142,420,Standard Class,16.52,5,0.2,5.58
1174,US-2015-104430,LT-17110,OFF-BI-10000301,51,421,Standard Class,5.18,4,0.8,-7.76
1175,CA-2015-132080,DP-13105,OFF-BI-10003694,46,422,First Class,50.11,6,0.2,16.29
1176,CA-2016-161207,AB-10060,OFF-SU-10000381,209,49,Standard Class,27.93,3,0.0,8.1
1177,CA-2014-120243,AT-10435,OFF-LA-10004425,26,423,Second Class,11.56,4,0.0,5.43
1178,CA-2016-113621,JE-15745,FUR-CH-10001270,249,50,Standard Class,172.5,2,0.0,51.75
1179,CA-2016-113621,JE-15745,TEC-PH-10003931,249,50,Standard Class,179.97,3,0.0,44.99
1180,CA-2016-168081,CA-12055,TEC-AC-10003174,33,424,Second Class,258.7,3,0.2,64.67
1181,CA-2014-128146,DB-13060,TEC-PH-10004539,101,262,Standard Class,1322.93,7,0.0,357.19
1182,CA-2014-128146,DB-13060,OFF-AR-10001919,101,262,Standard Class,3.76,2,0.0,1.09
1183,CA-2017-138779,RB-19570,OFF-EN-10002504,223,425,First Class,21.74,1,0.2,7.34
1184,CA-2017-138779,RB-19570,TEC-PH-10003655,223,425,First Class,7.92,5,0.2,0.69
1185,CA-2014-127131,HR-14830,OFF-BI-10004656,6,157,Standard Class,12.1,7,0.2,4.23
1186,CA-2014-127131,HR-14830,OFF-ST-10002344,6,157,Standard Class,485.88,6,0.0,9.72
1187,CA-2014-127131,HR-14830,OFF-PA-10001800,6,157,Standard Class,25.92,4,0.0,12.44
1188,CA-2014-127131,HR-14830,OFF-ST-10000036,6,157,Standard Class,197.58,2,0.0,53.35
1189,CA-2017-117212,BT-11530,OFF-AP-10004532,2,426,Second Class,81.92,4,0.0,22.12
1190,CA-2017-117212,BT-11530,TEC-PH-10004447,2,426,Second Class,889.54,8,0.2,66.72
1191,CA-2017-117212,BT-11530,FUR-CH-10003973,2,426,Second Class,892.22,3,0.2,89.22
1192,CA-2017-117212,BT-11530,OFF-PA-10001970,2,426,Second Class,223.92,4,0.0,109.72
1193,CA-2017-117212,BT-11530,OFF-PA-10000682,2,426,Second Class,23.12,4,0.0,11.33
1194,US-2015-130519,NG-18355,OFF-PA-10001937,250,427,Same Day,15.55,3,0.2,5.44
1195,US-2015-130519,NG-18355,FUR-FU-10002268,250,427,Same Day,15.71,4,0.2,2.55
1196,US-2015-130519,NG-18355,OFF-ST-10001321,250,427,Same Day,24.67,2,0.2,2.16
1197,US-2015-130519,NG-18355,FUR-FU-10003394,250,427,Same Day,55.97,1,0.2,-2.1
1198,CA-2016-130946,ZC-21910,TEC-AC-10001990,17,144,Standard Class,431.93,9,0.2,64.79
1199,CA-2016-130946,ZC-21910,FUR-CH-10004540,17,144,Standard Class,95.98,4,0.3,-4.11
1200,CA-2016-130946,ZC-21910,OFF-BI-10004995,17,144,Standard Class,1088.79,4,0.8,-1850.95
1201,CA-2016-114727,LS-16945,FUR-CH-10002335,77,428,Standard Class,544.01,3,0.2,40.8
1202,CA-2016-114727,LS-16945,OFF-BI-10004967,77,428,Standard Class,1.87,3,0.7,-1.44
1203,CA-2016-114727,LS-16945,FUR-CH-10002331,77,428,Standard Class,854.35,3,0.2,10.68
1204,CA-2016-114727,LS-16945,OFF-ST-10002292,77,428,Standard Class,593.57,2,0.2,0.0
1205,CA-2016-114727,LS-16945,OFF-ST-10000689,77,428,Standard Class,338.04,3,0.2,-33.8
1206,CA-2017-133235,LH-16750,TEC-PH-10002660,44,379,First Class,271.96,5,0.2,17.0
1207,CA-2016-137050,SW-20755,OFF-ST-10004634,30,217,Second Class,11.21,1,0.0,3.36
1208,CA-2016-137050,SW-20755,OFF-BI-10002160,30,217,Second Class,9.14,3,0.2,3.2
1209,CA-2016-137050,SW-20755,OFF-FA-10002988,30,217,Second Class,14.07,7,0.0,6.89
1210,CA-2016-137050,SW-20755,OFF-AR-10004999,30,217,Second Class,41.86,7,0.0,10.46
1211,CA-2016-137050,SW-20755,OFF-BI-10001031,30,217,Second Class,8.54,2,0.2,2.88
1212,CA-2016-137050,SW-20755,FUR-BO-10004695,30,217,Second Class,579.14,4,0.2,21.72
1213,US-2017-118087,SP-20620,FUR-CH-10004860,64,429,Standard Class,141.37,2,0.3,-48.47
1214,US-2017-118087,SP-20620,OFF-BI-10002432,64,429,Standard Class,3.04,2,0.7,-2.33
1215,US-2017-118087,SP-20620,OFF-BI-10000069,64,429,Standard Class,4.5,1,0.7,-3.6
1216,US-2017-118087,SP-20620,OFF-AR-10003602,64,429,Standard Class,4.67,1,0.2,1.58
1217,US-2017-118087,SP-20620,TEC-AC-10004469,64,429,Standard Class,95.88,3,0.2,28.76
1218,US-2017-118087,SP-20620,FUR-FU-10001867,64,429,Standard Class,17.02,2,0.2,1.7
1219,US-2017-118087,SP-20620,TEC-AC-10003174,64,429,Standard Class,258.7,3,0.2,64.67
1220,US-2017-118087,SP-20620,TEC-PH-10002200,64,429,Standard Class,1931.96,7,0.4,-386.39
1221,CA-2014-110184,BF-11170,OFF-ST-10000107,2,137,Standard Class,249.75,9,0.0,44.96
1222,CA-2014-110184,BF-11170,TEC-PH-10000439,2,137,Standard Class,255.94,8,0.2,28.79
1223,CA-2016-126004,BM-11140,FUR-FU-10001602,24,430,First Class,113.79,3,0.0,20.48
1224,CA-2016-126004,BM-11140,TEC-AC-10001432,24,430,First Class,78.15,1,0.0,34.39
1225,CA-2016-126004,BM-11140,OFF-BI-10004656,24,430,First Class,1.73,1,0.2,0.6
1226,CA-2016-126004,BM-11140,OFF-PA-10001685,24,430,First Class,40.56,4,0.0,19.87
1227,CA-2016-126004,BM-11140,OFF-ST-10001418,24,430,First Class,182.94,3,0.0,3.66
1228,CA-2016-126004,BM-11140,OFF-ST-10000676,24,430,First Class,193.86,2,0.0,11.63
1229,CA-2017-100013,ZC-21910,OFF-EN-10001219,63,45,Standard Class,15.28,2,0.0,7.49
1230,CA-2017-100013,ZC-21910,FUR-FU-10001424,63,45,Standard Class,8.73,1,0.0,2.97
1231,CA-2017-100013,ZC-21910,OFF-AR-10001022,63,45,Standard Class,5.68,2,0.0,1.76
1232,CA-2015-132570,KT-16480,OFF-AR-10000369,251,90,Second Class,2.78,2,0.0,0.72
1233,CA-2015-132570,KT-16480,OFF-EN-10003055,251,90,Second Class,79.96,2,0.0,35.98
1234,CA-2016-153682,BG-11695,TEC-CO-10001046,94,199,First Class,839.99,2,0.4,70.0
1235,CA-2016-144344,PG-18820,FUR-FU-10000076,252,100,Same Day,47.95,3,0.2,13.79
1236,CA-2016-144344,PG-18820,OFF-BI-10003719,252,100,Same Day,37.42,5,0.7,-29.94
1237,CA-2016-144344,PG-18820,FUR-FU-10003268,252,100,Same Day,63.97,2,0.2,0.0
1238,CA-2016-144344,PG-18820,FUR-FU-10003553,252,100,Same Day,165.05,3,0.2,41.26
1239,CA-2014-127012,GM-14680,FUR-FU-10003691,60,431,Standard Class,12.35,1,0.0,5.43
1240,CA-2014-127012,GM-14680,OFF-AR-10003903,60,431,Standard Class,40.97,1,0.0,10.65
1241,CA-2014-127012,GM-14680,OFF-FA-10004854,60,431,Standard Class,22.96,2,0.0,10.79
1242,CA-2016-128727,MO-17800,TEC-PH-10003442,24,49,Standard Class,22.0,4,0.0,5.5
1243,US-2016-162859,PG-18820,OFF-BI-10004519,30,432,Standard Class,398.35,3,0.2,124.48
1244,US-2016-162859,PG-18820,OFF-FA-10000304,30,432,Standard Class,8.72,4,0.0,3.58
1245,CA-2017-133641,EJ-14155,OFF-EN-10004955,253,305,Standard Class,48.69,9,0.0,23.86
1246,CA-2014-168494,NP-18700,FUR-TA-10004619,254,433,Second Class,764.69,6,0.2,95.59
1247,CA-2014-168494,NP-18700,FUR-TA-10003473,254,433,Second Class,3610.85,12,0.2,135.41
1248,CA-2014-168494,NP-18700,FUR-BO-10004467,254,433,Second Class,254.97,3,0.15,12.0
1249,CA-2017-115602,DJ-13630,OFF-AR-10002280,30,405,Standard Class,38.82,6,0.0,17.47
1250,CA-2017-115602,DJ-13630,FUR-CH-10001708,30,405,Standard Class,1141.94,9,0.1,139.57
1251,CA-2017-115602,DJ-13630,OFF-AP-10000891,30,405,Standard Class,1704.56,13,0.0,511.37
1252,CA-2017-115602,DJ-13630,OFF-AR-10000462,30,405,Standard Class,3.2,2,0.0,1.38
1253,CA-2015-154956,IM-15070,TEC-PH-10004165,202,434,Standard Class,1099.96,4,0.0,285.99
1254,CA-2017-144638,MH-18115,OFF-AR-10003958,182,435,Standard Class,5.25,2,0.2,0.59
1255,CA-2017-144638,MH-18115,TEC-PH-10000149,182,435,Standard Class,35.91,3,0.4,-8.38
1256,CA-2017-144638,MH-18115,FUR-FU-10003724,182,435,Standard Class,6.7,1,0.2,0.5
1257,CA-2017-144638,MH-18115,FUR-FU-10003535,182,435,Standard Class,43.87,2,0.2,11.52
1258,US-2016-168620,RB-19795,OFF-BI-10001575,44,436,Second Class,27.88,3,0.7,-20.45
1259,US-2016-168620,RB-19795,OFF-ST-10003716,44,436,Second Class,540.05,3,0.2,-47.25
1260,US-2016-168620,RB-19795,TEC-AC-10004469,44,436,Second Class,255.68,8,0.2,76.7
1261,CA-2017-117079,JR-15700,TEC-PH-10004586,134,437,Standard Class,863.88,3,0.2,107.98
1262,US-2016-144393,SM-20950,OFF-BI-10004236,255,100,Standard Class,17.62,4,0.7,-14.09
1263,CA-2017-105053,CS-12355,OFF-BI-10001634,256,438,Second Class,17.47,3,0.2,6.33
1264,CA-2016-155992,CC-12220,TEC-PH-10000215,242,394,First Class,69.9,2,0.0,18.87
1265,CA-2016-155992,CC-12220,FUR-FU-10003724,242,394,First Class,41.85,5,0.0,10.88
1266,CA-2017-110380,PF-19225,OFF-AR-10000422,35,265,Standard Class,6.57,3,0.0,1.77
1267,US-2014-167738,JC-16105,OFF-ST-10003306,63,164,Standard Class,142.86,1,0.0,41.43
1268,US-2014-167738,JC-16105,FUR-CH-10001146,63,164,Standard Class,292.27,6,0.2,18.27
1269,CA-2017-121412,BG-11695,FUR-FU-10000246,128,398,Standard Class,29.33,3,0.2,3.67
1270,CA-2017-100426,DC-12850,OFF-PA-10002870,257,401,Standard Class,12.48,2,0.0,5.62
1271,US-2016-103646,SP-20545,OFF-ST-10000563,37,439,Standard Class,102.34,4,0.2,-12.79
1272,US-2016-103646,SP-20545,OFF-AP-10004487,37,439,Standard Class,48.79,3,0.8,-126.86
1273,US-2016-103646,SP-20545,OFF-BI-10002854,37,439,Standard Class,44.85,8,0.8,-67.27
1274,CA-2016-119186,MS-17710,OFF-PA-10004621,7,440,Same Day,10.37,2,0.2,3.63
1275,CA-2016-119186,MS-17710,FUR-CH-10001973,7,440,Same Day,388.43,5,0.3,-88.78
1276,CA-2016-119186,MS-17710,OFF-PA-10004040,7,440,Same Day,14.35,3,0.2,5.2
1277,CA-2016-119186,MS-17710,TEC-AC-10000580,7,440,Same Day,63.99,1,0.2,-7.2
1278,CA-2016-148698,BD-11770,OFF-AR-10004022,33,441,Standard Class,86.35,3,0.2,5.4
1279,CA-2014-163293,KC-16255,TEC-AC-10004209,258,79,First Class,32.97,3,0.0,12.86
1280,CA-2014-163293,KC-16255,TEC-AC-10000023,258,79,First Class,83.88,4,0.0,30.2
1281,CA-2016-160815,TR-21325,TEC-PH-10003505,259,65,First Class,278.4,3,0.0,80.74
1282,CA-2017-122154,SA-20830,OFF-LA-10000121,134,360,First Class,15.12,3,0.2,4.91
1283,CA-2017-122154,SA-20830,OFF-BI-10002026,134,360,First Class,17.43,1,0.7,-13.36
1284,CA-2017-122154,SA-20830,OFF-PA-10000994,134,360,First Class,251.64,3,0.2,88.07
1285,US-2015-149692,KW-16435,OFF-BI-10002813,111,402,Standard Class,2.77,7,0.8,-4.85
1286,CA-2016-119445,GM-14500,OFF-ST-10000617,260,191,Standard Class,14.9,5,0.0,1.04
1287,CA-2015-124268,AD-10180,OFF-AR-10004817,46,434,Standard Class,15.48,3,0.0,4.49
1288,CA-2016-154711,TB-21355,FUR-FU-10000397,30,442,Standard Class,39.88,2,0.0,11.17
1289,CA-2016-154711,TB-21355,OFF-BI-10000605,30,442,Standard Class,12.19,4,0.2,4.11
1290,CA-2016-154711,TB-21355,OFF-AR-10001860,30,442,Standard Class,20.82,3,0.0,7.5
1291,CA-2016-163384,CC-12430,OFF-BI-10004970,35,339,First Class,13.22,4,0.2,4.46
1292,CA-2016-163384,CC-12430,OFF-PA-10003172,35,339,First Class,32.4,5,0.0,15.55
1293,CA-2015-101707,PF-19165,OFF-SU-10001218,189,376,Standard Class,32.94,3,0.0,9.22
1294,CA-2015-101707,PF-19165,OFF-PA-10002968,189,376,Standard Class,114.2,5,0.0,52.53
1295,CA-2015-101707,PF-19165,OFF-LA-10000134,189,376,Standard Class,3.08,1,0.0,1.48
1296,CA-2015-138898,JH-16180,OFF-AP-10004487,261,443,Standard Class,845.73,13,0.2,84.57
1297,CA-2017-115427,EB-13975,OFF-BI-10002103,262,248,Standard Class,13.9,2,0.2,4.52
1298,CA-2017-115427,EB-13975,OFF-BI-10004632,262,248,Standard Class,20.72,2,0.2,6.48
1299,CA-2016-134425,QJ-19255,TEC-PH-10003555,42,17,Second Class,114.95,5,0.0,2.3
1300,CA-2015-121391,AA-10315,OFF-ST-10001590,10,243,First Class,26.96,2,0.0,7.01
1301,CA-2016-137043,LC-17140,FUR-FU-10003664,29,444,Second Class,572.76,6,0.0,166.1
1302,CA-2016-137043,LC-17140,FUR-FU-10003664,29,444,Second Class,286.38,3,0.0,83.05
1303,CA-2015-115847,TC-21535,FUR-BO-10003433,102,445,Second Class,61.96,2,0.0,4.34
1304,US-2017-126179,CS-12460,FUR-FU-10002554,113,446,Standard Class,23.99,1,0.0,5.52
1305,US-2017-126179,CS-12460,TEC-PH-10001557,113,446,Standard Class,287.97,3,0.0,77.75
1306,CA-2016-101966,BM-11785,TEC-PH-10003437,67,217,Second Class,419.94,7,0.2,52.49
1307,CA-2016-141397,RC-19825,OFF-PA-10002986,55,24,First Class,46.76,7,0.0,22.44
1308,CA-2016-141397,RC-19825,OFF-BI-10000320,55,24,First Class,17.71,3,0.2,6.42
1309,CA-2016-141397,RC-19825,OFF-AP-10003971,55,24,First Class,21.78,2,0.0,5.66
1310,CA-2016-141397,RC-19825,OFF-ST-10001469,55,24,First Class,161.94,3,0.0,9.72
1311,CA-2016-141397,RC-19825,FUR-CH-10003846,55,24,First Class,161.57,2,0.2,-8.08
1312,CA-2016-141082,FM-14380,OFF-LA-10001404,129,11,Standard Class,3.69,1,0.0,1.73
1313,CA-2016-141082,FM-14380,OFF-LA-10001474,129,11,Standard Class,122.12,4,0.0,56.18
1314,US-2016-134488,PK-19075,FUR-CH-10003199,48,447,Standard Class,155.37,2,0.3,-13.32
1315,CA-2016-145919,HG-14965,OFF-PA-10003072,4,123,Standard Class,38.88,6,0.0,18.66
1316,CA-2016-145919,HG-14965,FUR-FU-10004960,4,123,Standard Class,183.84,8,0.0,62.51
1317,CA-2016-145919,HG-14965,OFF-SU-10003505,4,123,Standard Class,579.3,5,0.0,28.96
1318,CA-2017-157651,HA-14920,TEC-AC-10003116,75,390,Standard Class,14.2,1,0.2,3.37
1319,CA-2014-160773,LW-16825,TEC-PH-10004586,263,269,Standard Class,575.92,2,0.2,71.99
1320,CA-2014-160773,LW-16825,OFF-BI-10000546,263,269,Standard Class,5.18,6,0.7,-3.63
1321,CA-2017-167703,MC-17575,OFF-BI-10002071,94,448,Standard Class,5.23,3,0.7,-4.18
1322,CA-2017-167703,MC-17575,OFF-ST-10001490,94,448,Standard Class,285.55,2,0.2,35.69
1323,CA-2017-121804,LP-17095,OFF-AP-10004859,264,449,Standard Class,72.8,5,0.0,19.66
1324,CA-2017-162635,EB-14170,OFF-PA-10002659,125,450,First Class,10.82,4,0.2,3.52
1325,CA-2014-107153,GZ-14545,OFF-ST-10001321,129,451,Standard Class,46.26,3,0.0,12.49
1326,US-2014-117058,LE-16810,OFF-BI-10004139,156,280,First Class,17.46,6,0.8,-30.56
1327,CA-2015-120439,AD-10180,FUR-FU-10001867,75,452,Standard Class,51.07,6,0.2,5.11
1328,CA-2016-128258,CP-12085,OFF-PA-10004156,212,453,First Class,11.34,1,0.0,5.56
1329,CA-2017-106033,FG-14260,OFF-AR-10002818,95,454,Second Class,87.92,4,0.0,26.38
1330,CA-2016-142762,LD-17005,FUR-FU-10003691,10,455,Standard Class,37.05,3,0.0,16.3
1331,CA-2017-127705,AB-10255,TEC-PH-10000347,204,456,Standard Class,2.97,1,0.4,-0.64
1332,CA-2017-127705,AB-10255,OFF-ST-10004507,204,456,Standard Class,27.44,2,0.2,2.4
1333,CA-2014-122567,MN-17935,OFF-BI-10002012,78,457,Standard Class,1.08,3,0.8,-1.73
1334,CA-2014-122567,MN-17935,OFF-AP-10001303,78,457,Standard Class,7.96,2,0.8,-13.93
1335,CA-2014-121664,HP-14815,OFF-BI-10003684,14,458,Standard Class,140.74,8,0.2,52.78
1336,CA-2016-122133,JR-15670,OFF-ST-10002574,265,459,Standard Class,552.56,4,0.0,0.0
1337,US-2017-123281,JF-15190,FUR-FU-10003724,142,460,Standard Class,25.11,3,0.0,6.53
1338,CA-2017-100524,CM-12115,FUR-FU-10004018,165,186,Second Class,29.78,2,0.0,8.04
1339,CA-2017-100524,CM-12115,TEC-PH-10002549,165,186,Second Class,677.58,3,0.0,176.17
1340,CA-2017-100524,CM-12115,OFF-PA-10004911,165,186,Second Class,75.04,8,0.0,36.02
1341,CA-2017-113481,AS-10045,TEC-MA-10002178,223,461,First Class,695.7,2,0.5,-27.83
1342,CA-2017-113481,AS-10045,OFF-BI-10003694,223,461,First Class,15.66,5,0.7,-12.53
1343,CA-2017-113481,AS-10045,OFF-BI-10000474,223,461,First Class,28.85,6,0.7,-21.16
1344,CA-2015-131758,KB-16315,OFF-AR-10000411,266,72,Standard Class,47.82,3,0.0,14.35
1345,CA-2015-131758,KB-16315,OFF-LA-10000262,266,72,Standard Class,13.05,5,0.0,6.0
1346,CA-2014-118339,BN-11515,OFF-AP-10001154,88,462,Standard Class,93.78,2,0.0,36.57
1347,CA-2014-118339,BN-11515,OFF-PA-10000466,88,462,Standard Class,47.18,7,0.0,23.59
1348,CA-2014-118339,BN-11515,OFF-AR-10003829,88,462,Standard Class,19.68,6,0.0,5.71
1349,CA-2014-118339,BN-11515,OFF-BI-10001758,88,462,Standard Class,53.4,10,0.0,25.1
1350,CA-2014-118339,BN-11515,OFF-BI-10000136,88,462,Standard Class,35.88,6,0.0,17.22
1351,CA-2014-153976,BP-11290,FUR-CH-10002880,190,463,Second Class,258.28,3,0.3,-70.1
1352,CA-2016-162901,AS-10045,OFF-ST-10000649,102,464,First Class,31.4,2,0.0,7.85
1353,CA-2017-162978,LW-16990,TEC-PH-10003092,10,465,Standard Class,183.96,5,0.2,20.7
1354,CA-2017-162978,LW-16990,OFF-PA-10002250,10,465,Standard Class,17.61,3,0.0,8.45
1355,CA-2017-162978,LW-16990,FUR-TA-10003473,10,465,Standard Class,300.9,1,0.2,11.28
1356,US-2014-160444,DC-12850,OFF-ST-10001522,67,261,Same Day,220.78,3,0.2,-44.16
1357,US-2014-160444,DC-12850,OFF-ST-10000563,67,261,Same Day,281.42,11,0.2,-35.18
1358,CA-2016-145247,ND-18370,OFF-PA-10003641,176,466,First Class,79.14,3,0.0,36.4
1359,CA-2017-160045,LB-16735,FUR-FU-10000010,7,467,First Class,1.99,1,0.6,-1.44
1360,US-2014-151925,KT-16465,FUR-CH-10002961,14,468,Second Class,145.57,2,0.2,0.0
1361,CA-2017-125199,HM-14860,OFF-AR-10002956,75,16,Standard Class,123.26,7,0.2,9.24
1362,CA-2017-125199,HM-14860,OFF-PA-10004041,75,16,Standard Class,23.68,4,0.2,7.4
1363,CA-2017-125199,HM-14860,TEC-PH-10001336,75,16,Standard Class,309.58,4,0.4,-56.76
1364,US-2017-155425,AB-10600,OFF-BI-10001036,116,469,First Class,38.39,14,0.7,-25.59
1365,US-2017-155425,AB-10600,TEC-MA-10003183,116,469,First Class,95.99,2,0.7,-64.0
1366,US-2017-155425,AB-10600,TEC-AC-10001314,116,469,First Class,239.95,6,0.2,-35.99
1367,US-2017-155425,AB-10600,TEC-PH-10002563,116,469,First Class,201.58,2,0.2,15.12
1368,US-2017-155425,AB-10600,FUR-CH-10003312,116,469,First Class,899.14,4,0.2,-146.11
1369,CA-2017-133249,SZ-20035,FUR-FU-10001588,267,142,First Class,145.9,5,0.0,62.74
1370,US-2015-103471,JR-15670,FUR-BO-10002613,98,101,Standard Class,590.06,7,0.7,-786.74
1371,US-2015-103471,JR-15670,OFF-AR-10003405,98,101,Standard Class,14.04,3,0.2,1.58
1372,CA-2017-136672,MG-17890,TEC-AC-10004510,235,470,Standard Class,49.08,3,0.0,4.91
1373,US-2014-157021,KM-16720,OFF-LA-10002312,168,471,Second Class,29.6,2,0.0,14.8
1374,US-2014-157021,KM-16720,OFF-BI-10000042,168,471,Second Class,17.09,4,0.2,5.55
1375,CA-2015-120362,CA-12265,FUR-TA-10003008,268,472,Standard Class,912.75,5,0.0,118.66
1376,CA-2014-126361,VD-21670,OFF-AP-10003590,269,473,Second Class,1089.75,3,0.0,305.13
1377,CA-2014-126361,VD-21670,OFF-PA-10000806,269,473,Second Class,447.84,8,0.0,219.44
1378,CA-2014-126361,VD-21670,OFF-AR-10000896,269,473,Second Class,16.4,5,0.0,4.26
1379,CA-2014-126361,VD-21670,TEC-PH-10002310,269,473,Second Class,399.96,5,0.2,35.0
1380,CA-2014-126361,VD-21670,OFF-ST-10002289,269,473,Second Class,158.9,5,0.0,7.94
1381,CA-2014-126361,VD-21670,OFF-BI-10002852,269,473,Second Class,13.18,1,0.2,4.78
1382,US-2016-100566,JK-16120,FUR-FU-10003394,174,324,Standard Class,83.95,3,0.6,-90.25
1383,US-2016-108504,PP-18955,OFF-ST-10002344,270,474,Same Day,80.98,1,0.0,1.62
1384,US-2016-108504,PP-18955,OFF-PA-10001289,270,474,Same Day,348.84,9,0.0,170.93
1385,US-2016-108504,PP-18955,OFF-FA-10000053,270,474,Same Day,9.45,5,0.0,0.19
1386,US-2016-108504,PP-18955,FUR-FU-10004091,270,474,Same Day,18.84,3,0.0,7.16
1387,US-2016-108504,PP-18955,FUR-BO-10004015,270,474,Same Day,239.98,2,0.0,52.8
1388,US-2016-108504,PP-18955,OFF-EN-10003001,270,474,Same Day,167.96,2,0.0,78.94
1389,US-2016-108504,PP-18955,TEC-PH-10000215,270,474,Same Day,104.85,3,0.0,28.31
1390,US-2016-108504,PP-18955,TEC-PH-10003645,270,474,Same Day,484.83,3,0.0,126.06
1391,US-2016-108504,PP-18955,OFF-PA-10000357,270,474,Same Day,122.97,3,0.0,60.26
1392,US-2016-108504,PP-18955,OFF-ST-10004804,270,474,Same Day,154.44,3,0.0,1.54
1393,US-2016-108504,PP-18955,OFF-PA-10003892,270,474,Same Day,342.37,7,0.0,160.91
1394,CA-2017-124828,YS-21880,OFF-AR-10003514,180,446,First Class,9.55,3,0.2,1.55
1395,US-2017-117247,CK-12760,FUR-TA-10002958,174,450,Standard Class,652.45,5,0.5,-430.62
1396,US-2017-117247,CK-12760,FUR-TA-10001676,174,450,Standard Class,66.64,3,0.5,-42.65
1397,CA-2016-124485,NC-18340,OFF-BI-10000822,46,391,First Class,17.22,4,0.2,6.03
1398,CA-2016-124485,NC-18340,OFF-PA-10004971,46,391,First Class,11.56,2,0.0,5.66
1399,CA-2016-124485,NC-18340,TEC-AC-10002323,46,391,First Class,88.4,4,0.0,11.49
1400,CA-2016-124485,NC-18340,OFF-PA-10004888,46,391,First Class,6.48,1,0.0,3.11
1401,CA-2016-159212,KM-16375,TEC-PH-10003988,271,475,Standard Class,21.8,2,0.0,6.1
1402,CA-2016-159212,KM-16375,OFF-EN-10002230,271,475,Standard Class,251.79,3,0.0,118.34
1403,US-2016-161396,GM-14455,FUR-TA-10002622,48,476,Standard Class,205.18,2,0.4,-58.13
1404,US-2016-161396,GM-14455,OFF-PA-10000418,48,476,Standard Class,419.4,5,0.2,146.79
1405,US-2014-118486,SD-20485,OFF-SU-10004498,106,323,First Class,10.3,1,0.2,-2.19
1406,US-2014-118486,SD-20485,FUR-TA-10001039,106,323,First Class,154.76,3,0.4,-36.11
1407,US-2014-118486,SD-20485,TEC-AC-10004659,106,323,First Class,116.78,2,0.2,21.9
1408,CA-2016-130407,KD-16270,OFF-AR-10002240,24,477,Standard Class,75.48,2,0.0,19.62
1409,CA-2016-130407,KD-16270,FUR-FU-10001967,24,477,Standard Class,39.98,2,0.0,9.99
1410,US-2016-122245,AB-10105,FUR-TA-10002356,52,478,Standard Class,393.16,3,0.5,-204.45
1411,CA-2017-105144,SZ-20035,OFF-LA-10003923,71,260,Standard Class,23.68,2,0.2,8.88
1412,CA-2016-136329,JD-15895,FUR-CH-10002335,46,479,Standard Class,408.01,2,0.1,72.53
1413,CA-2016-136329,JD-15895,FUR-FU-10000723,46,479,Standard Class,165.28,4,0.0,14.88
1414,CA-2014-146640,HA-14905,OFF-BI-10002867,24,480,Standard Class,334.77,7,0.2,108.8
1415,CA-2017-115994,BT-11305,TEC-AC-10000580,147,481,Second Class,239.97,3,0.0,26.4
1416,CA-2017-115994,BT-11305,FUR-FU-10003976,147,481,Second Class,37.74,3,0.0,12.83
1417,CA-2015-126697,SV-20815,TEC-PH-10002922,17,482,First Class,946.34,7,0.2,118.29
1418,CA-2015-126697,SV-20815,TEC-AC-10004353,17,482,First Class,151.2,3,0.2,32.13
1419,CA-2015-126697,SV-20815,FUR-FU-10001706,17,482,First Class,4.93,4,0.6,-1.48
1420,CA-2015-124800,RW-19540,OFF-PA-10000501,155,121,Standard Class,86.27,4,0.2,31.27
1421,CA-2015-124800,RW-19540,OFF-BI-10000778,155,121,Standard Class,72.59,2,0.7,-48.39
1422,CA-2015-124800,RW-19540,OFF-AP-10004980,155,121,Standard Class,60.67,2,0.2,14.41
1423,CA-2015-124800,RW-19540,OFF-BI-10003984,155,121,Standard Class,77.03,9,0.7,-59.06
1424,CA-2015-124800,RW-19540,OFF-ST-10000798,155,121,Standard Class,119.9,6,0.2,-1.5
1425,CA-2015-124800,RW-19540,TEC-PH-10001750,155,121,Standard Class,263.96,5,0.2,23.1
1426,CA-2015-124800,RW-19540,OFF-ST-10002743,155,121,Standard Class,363.65,4,0.2,-86.37
1427,US-2015-164448,DK-12835,OFF-BI-10002949,206,90,Second Class,9.73,2,0.2,3.28
1428,US-2015-164448,DK-12835,OFF-EN-10002600,206,90,Second Class,14.75,5,0.0,7.08
1429,US-2015-164448,DK-12835,OFF-BI-10003708,206,90,Second Class,29.8,5,0.2,9.31
1430,US-2015-164448,DK-12835,OFF-LA-10003510,206,90,Second Class,427.42,14,0.0,196.61
1431,CA-2017-122700,LT-17110,TEC-PH-10003092,48,201,Standard Class,220.75,8,0.4,-40.47
1432,CA-2014-120768,IM-15070,OFF-BI-10001191,257,175,Second Class,152.76,6,0.0,74.85
1433,CA-2014-120768,IM-15070,OFF-SU-10004115,257,175,Second Class,7.27,1,0.0,1.96
1434,CA-2014-120768,IM-15070,FUR-CH-10000513,257,175,Second Class,1819.86,14,0.0,163.79
1435,US-2016-153129,FP-14320,OFF-PA-10003673,60,483,Standard Class,33.9,5,0.0,15.59
1436,CA-2017-106852,ST-20530,OFF-PA-10001639,272,309,Standard Class,31.1,6,0.2,10.89
1437,CA-2017-106852,ST-20530,OFF-AR-10003829,272,309,Standard Class,5.25,2,0.2,0.59
1438,CA-2015-139731,JE-15745,TEC-AC-10004975,140,53,Same Day,263.88,3,0.2,42.88
1439,CA-2015-139731,JE-15745,FUR-CH-10002024,140,53,Same Day,2453.43,5,0.3,-350.49
1440,CA-2017-122735,BD-11320,OFF-BI-10004364,260,484,Second Class,29.7,5,0.0,13.36
1441,CA-2017-122735,BD-11320,OFF-PA-10001712,260,484,Second Class,39.96,4,0.0,17.98
1442,CA-2017-128160,MM-17920,OFF-BI-10001510,95,485,Second Class,36.67,2,0.2,11.46
1443,CA-2017-117695,PW-19030,OFF-PA-10002713,127,486,First Class,13.76,2,0.0,6.33
1444,CA-2015-166135,SC-20440,OFF-ST-10002974,43,487,Standard Class,139.42,4,0.2,17.43
1445,CA-2016-133725,KL-16645,TEC-PH-10004165,37,455,Standard Class,1979.93,9,0.2,148.49
1446,CA-2017-102337,SD-20485,OFF-ST-10004804,156,488,First Class,164.74,4,0.2,-39.12
1447,CA-2017-102337,SD-20485,FUR-CH-10004289,156,488,First Class,470.3,7,0.3,-87.34
1448,CA-2017-102337,SD-20485,TEC-PH-10002564,156,488,First Class,47.98,2,0.2,6.0
1449,US-2014-112564,TS-21160,OFF-BI-10004876,64,489,First Class,2.5,3,0.7,-1.75
1450,CA-2015-145821,JB-15400,TEC-PH-10004348,142,490,Standard Class,88.75,3,0.2,11.09
1451,US-2015-160150,TS-21085,OFF-BI-10004352,52,491,First Class,2.02,1,0.7,-1.35
1452,CA-2016-133711,MC-17425,OFF-PA-10001685,273,492,First Class,70.98,7,0.0,34.78
1453,CA-2016-133711,MC-17425,OFF-BI-10000666,273,492,First Class,91.68,3,0.0,45.84
1454,CA-2016-133711,MC-17425,OFF-BI-10004352,273,492,First Class,33.75,5,0.0,16.88
1455,CA-2016-133711,MC-17425,TEC-MA-10000010,273,492,First Class,3040.0,8,0.0,1459.2
1456,CA-2017-148474,ME-17320,OFF-BI-10000977,113,493,Standard Class,91.2,3,0.0,41.95
1457,CA-2017-148474,ME-17320,FUR-TA-10002530,113,493,Standard Class,452.94,3,0.0,67.94
1458,CA-2015-111297,SC-20440,OFF-BI-10002412,274,494,Standard Class,52.2,9,0.0,23.49
1459,CA-2016-123722,NH-18610,OFF-LA-10001569,275,478,Standard Class,15.94,4,0.2,5.18
1460,CA-2014-155271,AA-10480,FUR-FU-10001473,265,418,Same Day,27.46,2,0.0,9.89
1461,CA-2015-119907,LC-17140,OFF-BI-10001765,6,495,Standard Class,55.42,2,0.2,19.4
1462,US-2016-128902,MB-18085,FUR-TA-10001095,276,22,Standard Class,244.01,2,0.3,-31.37
1463,CA-2016-152289,LC-16930,TEC-AC-10004571,90,371,First Class,159.98,2,0.2,44.0
1464,CA-2016-152289,LC-16930,FUR-CH-10002126,90,371,First Class,1024.72,6,0.3,-29.28
1465,US-2016-104794,KD-16495,OFF-FA-10001754,30,187,First Class,3.68,2,0.0,1.8
1466,CA-2014-151708,MB-17305,FUR-FU-10001602,277,234,Standard Class,121.38,4,0.2,-3.03
1467,CA-2014-151708,MB-17305,TEC-AC-10001767,277,234,Standard Class,95.98,3,0.2,-10.8
1468,CA-2015-100769,TH-21550,TEC-AC-10002402,134,496,Same Day,255.97,4,0.2,32.0
1469,CA-2017-139199,DK-12835,FUR-CH-10000847,152,35,Standard Class,872.94,3,0.0,226.96
1470,CA-2017-139199,DK-12835,OFF-BI-10003982,152,35,Standard Class,41.54,2,0.0,19.52
1471,CA-2017-139199,DK-12835,OFF-PA-10001293,152,35,Standard Class,12.96,2,0.0,6.22
1472,US-2015-161466,ON-18715,OFF-AR-10000634,75,497,Second Class,6.85,2,0.2,0.6
1473,CA-2017-164959,KN-16390,OFF-LA-10004272,26,498,Standard Class,8.67,3,0.0,4.07
1474,US-2015-105676,NM-18520,FUR-FU-10004270,67,495,Same Day,6.69,4,0.6,-4.01
1475,CA-2016-113138,NP-18685,OFF-AR-10003770,278,259,Standard Class,17.28,6,0.0,5.01
1476,CA-2016-113138,NP-18685,OFF-BI-10000320,278,259,Standard Class,17.71,3,0.2,6.42
1477,US-2017-104955,CG-12040,OFF-LA-10003121,24,499,Standard Class,28.91,7,0.0,13.3
1478,CA-2016-121958,CS-12505,OFF-SU-10000381,279,374,Standard Class,52.14,7,0.2,5.87
1479,CA-2017-121468,KD-16345,TEC-PH-10000376,280,124,First Class,31.97,4,0.2,2.4
1480,US-2016-108455,MK-18160,OFF-PA-10002262,35,500,Standard Class,25.92,4,0.0,12.44
1481,US-2016-108455,MK-18160,OFF-PA-10002464,35,500,Standard Class,40.46,7,0.0,19.83
1482,US-2016-108455,MK-18160,OFF-ST-10002214,35,500,Standard Class,33.87,3,0.0,8.81
1483,CA-2017-101210,DW-13540,OFF-AR-10003560,281,327,Second Class,9.73,2,0.2,1.7
1484,CA-2017-101210,DW-13540,OFF-PA-10000130,281,327,Second Class,3.42,1,0.2,1.07
1485,US-2016-108098,CP-12340,TEC-AC-10000865,61,501,Standard Class,177.0,3,0.0,30.09
1486,CA-2014-119032,MS-17770,OFF-FA-10003021,46,502,Standard Class,3.76,2,0.0,1.32
1487,CA-2015-140410,CM-12655,TEC-PH-10003580,142,503,Standard Class,1212.85,7,0.2,106.12
1488,CA-2015-140410,CM-12655,TEC-AC-10001109,142,503,Standard Class,89.97,3,0.0,37.79
1489,CA-2015-140410,CM-12655,FUR-FU-10003347,142,503,Standard Class,42.6,3,0.0,16.61
1490,CA-2014-136280,Co-12640,OFF-LA-10000452,106,504,Standard Class,5.04,2,0.2,1.76
1491,CA-2017-151911,DL-13495,OFF-EN-10002986,24,505,Second Class,62.96,4,0.0,28.33
1492,CA-2017-166436,TS-21370,OFF-PA-10001838,46,222,Standard Class,5.88,1,0.0,2.88
1493,CA-2017-166436,TS-21370,FUR-CH-10000785,46,222,Standard Class,977.29,6,0.1,173.74
1494,CA-2017-139661,JW-15220,FUR-FU-10002885,173,506,Standard Class,9.64,2,0.0,3.66
1495,CA-2014-123925,RF-19840,OFF-AR-10002952,113,507,Second Class,40.05,3,0.0,11.21
1496,CA-2017-152485,JD-15790,OFF-AR-10003759,282,508,Standard Class,10.19,7,0.2,3.18
1497,CA-2017-152485,JD-15790,OFF-ST-10004950,282,508,Standard Class,16.78,1,0.2,-0.21
1498,CA-2017-152485,JD-15790,OFF-AR-10001940,282,508,Standard Class,13.12,5,0.2,3.77
1499,CA-2016-141586,NK-18490,OFF-BI-10003981,35,509,First Class,18.16,5,0.2,6.58
1500,CA-2017-130386,NG-18430,OFF-PA-10002749,111,106,Standard Class,16.06,3,0.2,5.82
1501,CA-2017-130386,NG-18430,OFF-PA-10003823,111,106,Standard Class,223.06,9,0.2,69.7
1502,CA-2017-130386,NG-18430,OFF-ST-10003716,111,106,Standard Class,540.05,3,0.2,-47.25
1503,CA-2016-100468,AT-10435,TEC-PH-10001300,63,391,Standard Class,33.52,2,0.2,3.35
1504,CA-2016-100468,AT-10435,FUR-FU-10000010,63,391,Standard Class,9.94,2,0.0,3.08
1505,CA-2015-153388,PC-19000,OFF-AR-10001868,26,510,Standard Class,6.72,4,0.0,3.36
1506,CA-2015-153388,PC-19000,FUR-TA-10003715,26,510,Standard Class,1004.98,6,0.2,-175.87
1507,CA-2017-154935,AR-10540,OFF-BI-10003708,24,166,Standard Class,17.88,3,0.2,5.59
1508,CA-2016-134208,CS-12505,TEC-MA-10004458,113,43,Standard Class,396.0,4,0.0,190.08
1509,CA-2017-108294,LS-16975,OFF-BI-10004965,199,390,Same Day,34.5,3,0.0,15.52
1510,CA-2017-103611,JM-15535,FUR-FU-10004270,2,511,First Class,8.36,2,0.0,3.01
1511,CA-2017-100384,NH-18610,OFF-AR-10002135,283,93,Standard Class,385.6,8,0.0,111.82
1512,CA-2017-100384,NH-18610,OFF-AR-10003514,283,93,Standard Class,35.82,9,0.0,11.82
1513,CA-2017-112809,RA-19915,OFF-ST-10002276,78,239,Standard Class,200.06,3,0.2,12.5
1514,CA-2017-112809,RA-19915,OFF-BI-10001098,78,239,Standard Class,21.38,5,0.8,-33.14
1515,CA-2017-112809,RA-19915,OFF-BI-10001636,78,239,Standard Class,6.74,4,0.8,-11.46
1516,US-2017-160759,AI-10855,FUR-CH-10002961,75,158,Standard Class,63.69,1,0.3,-9.1
1517,CA-2017-148446,MC-17845,FUR-TA-10004256,284,390,Second Class,1669.6,4,0.0,116.87
1518,CA-2014-111059,TB-21400,OFF-BI-10004593,60,512,Second Class,83.84,2,0.2,27.25
1519,CA-2014-111059,TB-21400,OFF-BI-10002827,60,512,Second Class,13.27,3,0.2,4.31
1520,CA-2017-116204,VW-21775,OFF-BI-10001759,95,513,Second Class,21.34,7,0.2,7.73
1521,CA-2017-109946,PL-18925,OFF-AR-10001419,27,514,Standard Class,16.52,5,0.2,2.06
1522,CA-2015-144806,GH-14425,FUR-FU-10002253,116,402,Standard Class,206.11,6,0.2,48.95
1523,CA-2015-144806,GH-14425,OFF-PA-10002586,116,402,Standard Class,19.92,5,0.2,6.72
1524,CA-2015-144806,GH-14425,OFF-PA-10003039,116,402,Standard Class,198.27,8,0.2,61.96
1525,CA-2015-144806,GH-14425,OFF-ST-10004804,116,402,Standard Class,247.1,6,0.2,-58.69
1526,CA-2015-144806,GH-14425,OFF-AR-10004042,116,402,Standard Class,86.3,6,0.2,9.71
1527,CA-2016-122392,CJ-12010,OFF-AR-10002221,285,406,Standard Class,4.16,2,0.2,0.36
1528,CA-2016-122392,CJ-12010,FUR-FU-10002456,285,406,Standard Class,11.65,2,0.2,3.35
1529,CA-2015-148432,MC-18130,OFF-FA-10004968,286,210,Second Class,26.18,7,0.0,0.52
1530,CA-2015-148432,MC-18130,OFF-PA-10001274,286,210,Second Class,7.3,2,0.0,3.43
1531,CA-2015-103793,BV-11245,OFF-PA-10001125,230,515,Standard Class,74.35,3,0.2,23.24
1532,CA-2017-159884,JF-15490,OFF-ST-10000344,287,516,Standard Class,10.74,1,0.2,0.81
1533,CA-2017-159884,JF-15490,OFF-FA-10000585,287,516,Standard Class,8.38,3,0.2,2.72
1534,CA-2016-139885,EB-13840,OFF-ST-10003324,46,430,Standard Class,212.88,6,0.0,0.0
1535,CA-2017-124086,MP-18175,FUR-BO-10004015,288,517,Standard Class,203.98,2,0.15,16.8
1536,CA-2016-112389,JM-15655,OFF-ST-10000419,289,518,Standard Class,40.74,3,0.0,0.41
1537,CA-2016-112389,JM-15655,OFF-AP-10001626,289,518,Standard Class,11.67,3,0.0,3.03
1538,CA-2017-121888,CL-11890,TEC-PH-10000439,290,176,Second Class,39.99,1,0.0,11.6
1539,CA-2017-121888,CL-11890,OFF-AR-10003478,290,176,Second Class,16.28,2,0.0,6.51
1540,CA-2017-121888,CL-11890,FUR-BO-10002545,290,176,Second Class,782.94,3,0.0,203.56
1541,CA-2017-121888,CL-11890,OFF-BI-10001765,290,176,Second Class,242.48,7,0.0,116.39
1542,CA-2014-166884,CK-12205,FUR-FU-10003981,48,519,Second Class,8.32,5,0.2,2.29
1543,CA-2014-166884,CK-12205,OFF-FA-10001561,48,519,Second Class,10.46,6,0.2,1.7
1544,CA-2014-107181,DB-13270,OFF-BI-10004230,143,520,Standard Class,82.9,3,0.2,29.01
1545,CA-2014-107181,DB-13270,OFF-PA-10000350,143,520,Standard Class,34.24,4,0.0,16.09
1546,CA-2014-150245,PC-18745,FUR-BO-10002613,291,521,Second Class,1573.49,7,0.2,196.69
1547,CA-2015-111395,VB-21745,OFF-PA-10000994,66,522,Standard Class,335.52,4,0.2,117.43
1548,CA-2015-111395,VB-21745,OFF-BI-10002867,66,522,Standard Class,23.91,2,0.8,-40.65
1549,CA-2015-111395,VB-21745,OFF-ST-10001291,66,522,Standard Class,27.06,2,0.2,2.37
1550,CA-2014-134278,EP-13915,TEC-CO-10001046,165,523,First Class,559.99,1,0.2,175.0
1551,US-2017-124926,ME-17320,OFF-AP-10004868,15,39,Second Class,9.32,6,0.8,-24.71
1552,CA-2016-159345,IG-15085,OFF-PA-10000806,143,27,Standard Class,111.96,2,0.0,54.86
1553,CA-2014-130274,JS-15940,OFF-LA-10002195,292,524,First Class,21.56,7,0.0,10.35
1554,CA-2017-158386,BO-11425,OFF-BI-10003719,127,525,Standard Class,124.75,5,0.0,57.38
1555,CA-2015-111507,VW-21775,OFF-AR-10001315,293,526,Standard Class,5.28,3,0.0,1.53
1556,CA-2017-120761,AB-10150,TEC-AC-10000171,256,508,Standard Class,91.96,4,0.0,39.54
1557,CA-2016-109176,JW-16075,OFF-EN-10003134,12,196,Standard Class,9.34,1,0.2,3.5
1558,CA-2016-109176,JW-16075,OFF-AR-10001955,12,196,Standard Class,79.36,5,0.2,9.92
1559,CA-2015-112116,JE-15475,FUR-TA-10001039,6,200,Second Class,171.96,2,0.0,44.71
1560,CA-2016-126809,EB-13750,OFF-BI-10003712,6,527,Standard Class,35.35,9,0.2,12.82
1561,CA-2014-105172,PK-18910,OFF-LA-10001641,10,528,Standard Class,18.9,6,0.0,9.07
1562,CA-2017-107293,CS-12400,OFF-AR-10003732,61,529,First Class,2.78,1,0.0,0.72
1563,US-2017-102890,SG-20470,FUR-TA-10000577,165,161,Same Day,1044.63,5,0.4,-295.98
1564,CA-2015-158554,CM-12190,OFF-PA-10004000,64,530,Same Day,11.35,3,0.2,4.12
1565,CA-2014-116239,CL-12565,OFF-ST-10001370,38,531,Same Day,354.9,5,0.0,17.74
1566,CA-2015-132101,JO-15550,TEC-PH-10004539,60,532,Standard Class,453.58,3,0.2,39.69
1567,CA-2015-129112,AW-10840,TEC-AC-10003038,294,240,First Class,21.48,3,0.2,-0.27
1568,CA-2015-129112,AW-10840,OFF-BI-10000088,294,240,First Class,8.78,4,0.8,-13.62
1569,US-2017-152002,DV-13465,OFF-PA-10000357,26,533,Same Day,122.97,3,0.0,60.26
1570,CA-2017-165029,AH-10075,OFF-AR-10003504,149,201,Standard Class,12.84,3,0.0,3.72
1571,US-2014-157385,SC-20095,FUR-CH-10000863,26,534,First Class,603.92,5,0.2,-67.94
1572,US-2014-157385,SC-20095,OFF-EN-10003160,26,534,First Class,21.84,3,0.0,10.48
1573,US-2014-157385,SC-20095,TEC-AC-10003280,26,534,First Class,29.99,1,0.0,6.3
1574,US-2014-157385,SC-20095,FUR-CH-10000595,26,534,First Class,381.44,2,0.2,23.84
1575,CA-2014-101602,MC-18100,TEC-PH-10000169,295,535,First Class,40.68,3,0.2,-9.15
1576,CA-2014-101602,MC-18100,FUR-CH-10004675,295,535,First Class,763.28,5,0.3,-21.81
1577,CA-2016-109057,TT-21460,OFF-ST-10002406,174,184,Standard Class,23.95,2,0.2,2.4
1578,CA-2016-154403,AP-10720,OFF-PA-10001526,257,455,Standard Class,4.98,1,0.0,2.44
1579,CA-2016-102456,DL-12865,OFF-AP-10004336,165,536,First Class,170.88,3,0.0,49.56
1580,CA-2015-131338,NP-18325,TEC-PH-10003012,24,102,First Class,307.98,2,0.0,89.31
1581,CA-2015-131338,NP-18325,FUR-TA-10002607,24,102,First Class,382.81,9,0.4,-153.12
1582,CA-2015-131338,NP-18325,OFF-ST-10000642,24,102,First Class,41.96,2,0.0,2.94
1583,CA-2015-131338,NP-18325,OFF-BI-10000545,24,102,First Class,1217.57,2,0.2,456.59
1584,CA-2015-131338,NP-18325,FUR-FU-10002157,24,102,First Class,47.04,3,0.0,18.35
1585,CA-2015-131338,NP-18325,FUR-FU-10001706,24,102,First Class,6.16,2,0.0,2.96
1586,CA-2015-131338,NP-18325,TEC-PH-10000984,24,102,First Class,979.95,5,0.0,274.39
1587,CA-2015-131338,NP-18325,OFF-PA-10001357,24,102,First Class,143.7,3,0.0,68.98
1588,CA-2015-131338,NP-18325,OFF-FA-10000992,24,102,First Class,10.65,3,0.0,5.01
1589,CA-2015-131338,NP-18325,TEC-AC-10002600,24,102,First Class,247.8,4,0.0,34.69
1590,CA-2016-109911,VG-21805,OFF-AR-10001662,221,537,Standard Class,10.96,4,0.0,2.96
1591,US-2016-132423,MY-18295,OFF-AR-10001221,296,174,Standard Class,33.49,7,0.2,5.86
1592,US-2016-132423,MY-18295,OFF-FA-10002988,296,174,Standard Class,8.04,5,0.2,2.91
1593,CA-2015-122826,RD-19480,TEC-PH-10004830,225,538,Second Class,201.57,4,0.2,22.68
1594,CA-2014-117317,JF-15490,OFF-PA-10004519,4,539,Same Day,13.44,3,0.0,6.59
1595,CA-2015-118423,DP-13390,FUR-BO-10000362,121,540,First Class,359.06,3,0.3,-35.91
1596,CA-2017-149181,MD-17350,FUR-CH-10004540,48,541,Standard Class,47.99,2,0.3,-2.06
1597,CA-2017-132234,MY-17380,FUR-FU-10001290,165,525,First Class,547.3,13,0.0,175.14
1598,CA-2017-158876,AB-10150,OFF-PA-10000308,297,124,Second Class,16.9,4,0.2,5.28
1599,CA-2017-158876,AB-10150,OFF-SU-10001165,297,124,Second Class,6.67,1,0.2,0.5
1600,CA-2017-158876,AB-10150,OFF-AR-10003373,297,124,Second Class,99.14,4,0.2,8.67
1601,CA-2017-158876,AB-10150,FUR-FU-10001967,297,124,Second Class,15.99,2,0.6,-13.99
1602,CA-2016-164672,GB-14530,FUR-FU-10001488,22,542,Second Class,211.96,2,0.0,42.39
1603,US-2016-132857,CA-12775,OFF-AR-10003251,298,26,Standard Class,6.67,3,0.2,1.67
1604,CA-2017-116645,ME-17725,OFF-AR-10001044,286,330,Standard Class,155.94,6,0.0,45.22
1605,US-2016-115819,JO-15280,TEC-PH-10004700,14,476,Second Class,39.96,5,0.2,12.99
1606,US-2016-115819,JO-15280,OFF-AR-10000823,14,476,Second Class,5.46,3,0.0,1.53
1607,US-2016-115819,JO-15280,OFF-AR-10004456,14,476,Second Class,73.2,5,0.0,21.23
1608,US-2016-115819,JO-15280,OFF-BI-10000050,14,476,Second Class,5.84,1,0.2,1.97
1609,US-2016-115819,JO-15280,OFF-PA-10002377,14,476,Second Class,22.72,4,0.0,10.22
1610,US-2016-115819,JO-15280,OFF-BI-10000591,14,476,Second Class,9.34,3,0.2,3.27
1611,CA-2014-156349,ML-17395,FUR-BO-10000362,142,543,Standard Class,290.67,2,0.15,27.36
1612,CA-2014-156349,ML-17395,TEC-PH-10000441,142,543,Standard Class,201.58,2,0.2,20.16
1613,CA-2014-156349,ML-17395,TEC-PH-10002726,142,543,Standard Class,83.98,2,0.2,31.49
1614,CA-2017-138380,YS-21880,OFF-ST-10003306,233,203,Standard Class,1000.02,7,0.0,290.01
1615,US-2016-113509,PL-18925,TEC-AC-10004855,106,544,Standard Class,83.98,3,0.2,-13.65
1616,CA-2015-130022,JK-16120,OFF-LA-10002787,20,545,Standard Class,3.75,1,0.0,1.8
1617,CA-2015-130022,JK-16120,OFF-LA-10002043,20,545,Standard Class,41.4,4,0.0,19.87
1618,CA-2015-130022,JK-16120,OFF-AR-10001915,20,545,Standard Class,29.79,3,0.0,12.51
1619,US-2016-118780,PN-18775,OFF-ST-10000352,165,546,Second Class,59.48,2,0.0,8.92
1620,US-2016-118780,PN-18775,OFF-PA-10000575,165,546,Second Class,6.69,1,0.0,3.08
1621,CA-2017-108560,JC-15385,FUR-FU-10002937,299,142,Standard Class,198.46,2,0.0,99.23
1622,CA-2017-108560,JC-15385,OFF-LA-10003930,299,142,Standard Class,786.48,8,0.0,385.38
1623,CA-2017-108560,JC-15385,OFF-BI-10001107,299,142,Standard Class,23.17,2,0.2,7.82
1624,CA-2017-108560,JC-15385,TEC-AC-10003063,299,142,Standard Class,50.0,2,0.0,10.5
1625,CA-2015-157084,JG-15160,TEC-PH-10002922,14,547,Standard Class,675.96,5,0.2,84.5
1626,CA-2015-157084,JG-15160,TEC-AC-10002049,14,547,Standard Class,1265.85,3,0.0,556.97
1627,CA-2015-164539,PO-19180,OFF-AP-10002457,165,548,Standard Class,523.25,5,0.0,141.28
1628,CA-2015-143119,MC-17275,FUR-CH-10001270,300,497,Standard Class,517.5,6,0.0,155.25
1629,CA-2017-101049,AS-10240,FUR-FU-10004415,178,549,Second Class,17.92,5,0.2,2.46
1630,CA-2017-101049,AS-10240,OFF-BI-10001510,178,549,Second Class,41.26,6,0.7,-34.38
1631,CA-2016-106530,CL-12565,OFF-ST-10002011,178,542,Same Day,1006.06,3,0.2,88.03
1632,CA-2016-106530,CL-12565,OFF-PA-10002986,178,542,Same Day,10.69,2,0.2,3.74
1633,CA-2016-106530,CL-12565,OFF-PA-10004451,178,542,Same Day,10.37,2,0.2,3.63
1634,CA-2016-106530,CL-12565,OFF-ST-10000649,178,542,Same Day,25.12,2,0.2,1.57
1635,CA-2016-106530,CL-12565,TEC-AC-10001465,178,542,Same Day,58.11,2,0.2,7.26
1636,CA-2014-168984,NW-18400,OFF-PA-10001166,301,36,Standard Class,15.55,3,0.2,5.44
1637,CA-2014-168984,NW-18400,OFF-ST-10001097,301,36,Standard Class,669.08,5,0.2,-167.27
1638,CA-2014-168984,NW-18400,TEC-PH-10000038,301,36,Standard Class,438.34,4,0.2,-87.67
1639,CA-2016-157266,TB-21280,OFF-PA-10002689,226,440,Standard Class,19.44,3,0.0,9.33
1640,CA-2016-157266,TB-21280,OFF-BI-10004728,226,440,Standard Class,9.64,2,0.0,4.43
1641,CA-2016-157266,TB-21280,OFF-PA-10004675,226,440,Standard Class,12.7,2,0.0,5.84
1642,CA-2016-157266,TB-21280,FUR-FU-10000629,226,440,Standard Class,41.37,3,0.0,17.38
1643,US-2014-134712,BS-11380,OFF-FA-10003112,302,504,Standard Class,12.62,2,0.2,3.94
1644,CA-2015-111829,FH-14365,OFF-ST-10000142,61,532,First Class,1247.64,3,0.0,349.34
1645,CA-2015-111829,FH-14365,TEC-CO-10001766,61,532,First Class,3149.93,7,0.0,1480.47
1646,CA-2015-111829,FH-14365,OFF-PA-10004359,61,532,First Class,209.7,2,0.0,100.66
1647,CA-2015-105221,VM-21685,TEC-AC-10002323,12,550,First Class,35.36,2,0.2,-3.09
1648,CA-2015-105221,VM-21685,OFF-FA-10001135,12,550,First Class,3.17,2,0.2,-0.71
1649,CA-2015-120341,SF-20200,OFF-BI-10004224,106,121,Second Class,121.1,6,0.7,-100.92
1650,CA-2015-120341,SF-20200,TEC-PH-10003357,106,121,Second Class,45.89,1,0.4,-9.18
1651,CA-2014-135699,HH-15010,OFF-PA-10004475,95,551,Same Day,109.92,2,0.0,53.86
1652,CA-2014-135699,HH-15010,OFF-PA-10003001,95,551,Same Day,13.36,2,0.0,6.41
1653,US-2017-132444,CD-12280,OFF-ST-10003442,60,552,First Class,169.68,6,0.0,45.81
1654,US-2017-132444,CD-12280,TEC-AC-10003832,60,552,First Class,132.52,4,0.0,54.33
1655,US-2017-132444,CD-12280,OFF-FA-10000611,60,552,First Class,2.96,2,0.0,1.42
1656,US-2017-132444,CD-12280,OFF-BI-10001116,60,552,First Class,8.45,2,0.2,2.96
1657,US-2017-132444,CD-12280,OFF-ST-10000563,60,552,First Class,95.94,3,0.0,9.59
1658,CA-2014-127159,HL-15040,FUR-FU-10000010,202,553,First Class,34.79,7,0.0,10.78
1659,CA-2017-161809,TH-21100,TEC-PH-10004922,63,177,Standard Class,160.78,3,0.2,10.05
1660,CA-2017-127285,MM-18055,OFF-BI-10004330,61,506,Standard Class,88.75,3,0.2,27.74
1661,CA-2017-127285,MM-18055,OFF-BI-10002072,61,506,Standard Class,13.9,2,0.2,5.21
1662,CA-2017-144526,QJ-19255,TEC-PH-10002549,106,505,Standard Class,677.58,5,0.4,-158.1
1663,CA-2017-144526,QJ-19255,OFF-BI-10002353,106,505,Standard Class,13.9,3,0.7,-9.26
1664,CA-2016-128531,NS-18505,OFF-ST-10001325,163,391,Second Class,41.92,5,0.2,3.67
1665,CA-2016-128531,NS-18505,TEC-AC-10002049,163,391,Second Class,297.58,3,0.2,-7.44
1666,CA-2016-128531,NS-18505,OFF-FA-10002676,163,391,Second Class,4.34,3,0.2,0.87
1667,CA-2016-128531,NS-18505,TEC-AC-10003023,163,391,Second Class,94.99,2,0.2,-2.37
1668,CA-2016-128531,NS-18505,OFF-PA-10000167,163,391,Second Class,74.35,3,0.2,23.24
1669,CA-2016-128531,NS-18505,OFF-AR-10003405,163,391,Second Class,14.04,3,0.2,1.58
1670,US-2015-157154,MM-17920,FUR-TA-10001889,165,554,Standard Class,1018.1,4,0.4,-373.3
1671,CA-2017-159457,RD-19480,TEC-PH-10002185,15,16,Standard Class,16.68,3,0.2,5.21
1672,CA-2016-107615,RB-19645,TEC-AC-10001013,284,555,First Class,58.58,2,0.0,19.33
1673,CA-2017-111647,RD-19585,TEC-PH-10002726,303,446,Standard Class,167.97,4,0.2,62.99
1674,CA-2015-150560,SW-20455,OFF-LA-10003930,304,556,First Class,196.62,2,0.0,96.34
1675,CA-2015-143077,SF-20965,FUR-FU-10003535,17,15,Standard Class,21.94,2,0.6,-10.42
1676,CA-2015-143077,SF-20965,OFF-BI-10000088,17,15,Standard Class,6.59,3,0.8,-10.21
1677,CA-2016-122728,EB-13930,OFF-ST-10000604,95,557,Standard Class,104.28,3,0.0,26.07
1678,CA-2016-122728,EB-13930,OFF-PA-10004040,95,557,Standard Class,17.94,3,0.0,8.79
1679,CA-2014-122882,SB-20290,OFF-ST-10002344,64,558,Standard Class,64.78,1,0.2,-14.58
1680,CA-2014-122882,SB-20290,TEC-PH-10003589,64,558,Standard Class,32.38,3,0.4,4.32
1681,CA-2014-122882,SB-20290,FUR-FU-10000758,64,558,Standard Class,42.37,2,0.2,8.47
1682,CA-2014-122882,SB-20290,TEC-MA-10004679,64,558,Standard Class,399.54,4,0.7,-559.36
1683,US-2016-101497,PS-18760,OFF-PA-10000176,142,322,Second Class,18.97,1,0.0,9.11
1684,CA-2016-147585,CB-12535,FUR-FU-10002597,95,78,Standard Class,14.82,3,0.0,6.22
1685,CA-2017-149489,DK-12835,OFF-AP-10002495,106,559,First Class,99.28,2,0.2,12.41
1686,CA-2017-149489,DK-12835,OFF-BI-10002813,106,559,First Class,1.19,2,0.7,-0.99
1687,CA-2017-149489,DK-12835,OFF-BI-10002414,106,559,First Class,7.52,2,0.7,-5.76
1688,CA-2017-143798,AW-10840,OFF-PA-10000788,12,390,First Class,10.37,2,0.2,3.63
1689,CA-2017-143798,AW-10840,FUR-FU-10004306,12,390,First Class,310.88,2,0.2,23.32
1690,CA-2014-142839,TS-21610,FUR-TA-10001539,106,560,Standard Class,853.09,6,0.4,-227.49
1691,CA-2017-129833,HF-14995,OFF-PA-10000575,305,35,Standard Class,33.45,5,0.0,15.39
1692,CA-2017-129833,HF-14995,OFF-BI-10004182,305,35,Standard Class,10.4,5,0.0,5.1
1693,US-2016-154361,HZ-14950,FUR-FU-10004020,48,561,Standard Class,21.88,5,0.2,6.29
1694,US-2016-158708,AB-10255,TEC-AC-10003133,303,191,Second Class,13.62,2,0.2,3.57
1695,CA-2015-156335,PO-19195,TEC-AC-10002006,306,13,Second Class,63.96,4,0.0,19.83
1696,CA-2015-156335,PO-19195,OFF-BI-10003314,306,13,Second Class,14.46,3,0.0,7.09
1697,CA-2015-156335,PO-19195,TEC-PH-10002726,306,13,Second Class,104.98,2,0.0,52.49
1698,CA-2015-148376,AG-10900,OFF-AP-10000240,142,18,Standard Class,106.96,2,0.0,31.02
1699,CA-2015-148376,AG-10900,OFF-LA-10002381,142,18,Standard Class,21.56,7,0.0,10.35
1700,CA-2014-135657,SC-20725,FUR-TA-10004086,61,562,Second Class,515.88,6,0.0,113.49
1701,CA-2015-114069,ND-18370,OFF-BI-10000320,46,563,Second Class,11.81,2,0.2,4.28
1702,CA-2015-114069,ND-18370,FUR-CH-10000595,46,563,Second Class,1931.04,9,0.1,321.84
1703,CA-2015-114069,ND-18370,OFF-PA-10000349,46,563,Second Class,9.96,2,0.0,4.68
1704,CA-2014-139857,CD-12790,OFF-FA-10001843,89,564,Standard Class,12.35,5,0.0,5.8
1705,CA-2016-106306,PG-18820,OFF-BI-10003676,277,388,Same Day,9.7,3,0.7,-7.11
1706,CA-2015-100545,IM-15070,OFF-BI-10003638,75,7,Standard Class,11.61,2,0.7,-9.29
1707,CA-2017-123491,JK-15205,OFF-LA-10003077,35,506,Standard Class,43.86,6,0.0,20.61
1708,CA-2017-123491,JK-15205,TEC-PH-10003505,35,506,Standard Class,148.48,2,0.2,16.7
1709,CA-2017-123491,JK-15205,OFF-PA-10003424,35,506,Standard Class,7.42,2,0.0,3.71
1710,CA-2017-123491,JK-15205,FUR-CH-10003061,35,506,Standard Class,71.99,1,0.2,-0.9
1711,CA-2017-123491,JK-15205,OFF-AR-10003514,35,506,Standard Class,19.9,5,0.0,6.57
1712,CA-2017-123491,JK-15205,OFF-AP-10002684,35,506,Standard Class,1702.12,14,0.0,510.64
1713,CA-2015-145401,JP-15520,OFF-PA-10004405,33,565,Standard Class,14.3,6,0.2,5.01
1714,US-2017-124968,MM-18055,FUR-TA-10004289,27,566,Second Class,765.62,7,0.5,-566.56
1715,CA-2017-104003,DC-13285,FUR-BO-10003965,95,567,Standard Class,307.67,2,0.15,-14.48
1716,CA-2016-154788,JL-15835,OFF-BI-10003314,165,568,Standard Class,7.71,2,0.2,2.8
1717,CA-2016-169943,BN-11515,OFF-AP-10001563,165,289,Standard Class,242.9,5,0.0,70.44
1718,CA-2016-169943,BN-11515,OFF-ST-10004123,165,289,Standard Class,454.9,5,0.0,0.0
1719,CA-2016-169943,BN-11515,FUR-FU-10002088,165,289,Standard Class,35.92,4,0.0,15.09
1720,CA-2016-169943,BN-11515,FUR-FU-10000010,165,289,Standard Class,39.76,8,0.0,12.33
1721,CA-2016-169943,BN-11515,OFF-BI-10002824,165,289,Standard Class,47.74,4,0.2,14.92
1722,US-2015-123218,KD-16345,TEC-PH-10001061,37,140,Standard Class,159.98,2,0.2,12.0
1723,US-2015-123218,KD-16345,TEC-AC-10000736,37,140,Standard Class,255.97,4,0.2,51.19
1724,US-2015-123218,KD-16345,FUR-BO-10003966,37,140,Standard Class,359.06,3,0.3,-71.81
1725,CA-2015-127453,JK-15370,OFF-AP-10000828,106,547,First Class,434.35,3,0.2,43.44
1726,CA-2015-127453,JK-15370,OFF-AP-10002906,106,547,First Class,3.55,2,0.2,0.44
1727,CA-2015-127453,JK-15370,OFF-AP-10003860,106,547,First Class,88.83,4,0.2,7.77
1728,US-2017-164056,FM-14215,FUR-TA-10001307,83,569,Second Class,1048.35,5,0.4,-69.89
1729,CA-2016-106894,CA-12265,TEC-AC-10003063,29,570,Same Day,100.0,4,0.0,21.0
1730,CA-2016-106894,CA-12265,OFF-LA-10001045,29,570,Same Day,7.83,3,0.0,3.6
1731,CA-2014-125136,KD-16495,OFF-PA-10001457,307,451,Standard Class,96.26,8,0.2,31.28
1732,CA-2014-125136,KD-16495,OFF-PA-10001804,307,451,Standard Class,10.69,2,0.2,3.74
1733,US-2016-131149,LH-17155,OFF-ST-10000689,177,213,Standard Class,338.04,3,0.2,-33.8
1734,US-2016-131149,LH-17155,OFF-AR-10002135,177,213,Standard Class,154.24,4,0.2,17.35
1735,CA-2017-101483,AG-10675,OFF-AP-10002082,223,571,Second Class,34.85,2,0.2,6.53
1736,CA-2017-101483,AG-10675,TEC-PH-10003442,223,571,Second Class,22.0,5,0.2,1.38
1737,CA-2017-101483,AG-10675,OFF-AR-10002833,223,571,Second Class,4.37,3,0.2,0.38
1738,CA-2015-130204,DB-13120,OFF-ST-10001325,35,38,Standard Class,31.44,3,0.0,8.49
1739,CA-2015-130204,DB-13120,TEC-AC-10003038,35,38,Standard Class,17.9,2,0.0,3.4
1740,CA-2015-130204,DB-13120,TEC-AC-10003590,35,38,Standard Class,129.45,5,0.0,46.6
1741,CA-2014-110527,ED-13885,OFF-LA-10000262,89,129,Standard Class,20.88,8,0.0,9.6
1742,CA-2017-152807,MC-18100,OFF-PA-10004355,12,506,Standard Class,20.74,4,0.2,7.26
1743,CA-2017-152807,MC-18100,FUR-FU-10004415,12,506,Standard Class,7.17,2,0.2,0.99
1744,CA-2017-152807,MC-18100,OFF-ST-10002486,12,506,Standard Class,11.17,2,0.2,-2.51
1745,CA-2017-152807,MC-18100,TEC-AC-10001142,12,506,Standard Class,442.4,7,0.2,-55.3
1746,CA-2014-133270,BM-11785,OFF-AR-10002656,145,572,First Class,13.36,2,0.0,4.94
1747,CA-2016-155670,EM-14065,OFF-BI-10000138,223,573,Second Class,11.23,8,0.7,-8.24
1748,CA-2016-155670,EM-14065,OFF-PA-10004947,223,573,Second Class,10.27,3,0.2,3.21
1749,US-2014-157406,DA-13450,OFF-PA-10003543,15,574,Standard Class,10.37,2,0.2,3.63
1750,US-2014-157406,DA-13450,OFF-AR-10002221,15,574,Standard Class,6.24,3,0.2,0.55
1751,CA-2015-139094,MO-17800,FUR-TA-10004607,66,7,Standard Class,206.96,2,0.3,-32.52
1752,CA-2017-168837,JW-15955,FUR-FU-10001918,233,337,First Class,9.46,2,0.0,3.69
1753,CA-2017-116715,VW-21775,OFF-ST-10004340,35,575,First Class,559.62,9,0.0,151.1
1754,CA-2017-116715,VW-21775,OFF-PA-10004475,35,575,First Class,109.92,2,0.0,53.86
1755,CA-2017-116715,VW-21775,OFF-PA-10003893,35,575,First Class,8.56,2,0.0,3.85
1756,CA-2015-135622,TT-21460,OFF-PA-10000100,7,576,Second Class,360.71,11,0.2,130.76
1757,CA-2015-135622,TT-21460,TEC-PH-10001817,7,576,Second Class,1718.4,6,0.2,150.36
1758,US-2015-107349,SL-20155,OFF-BI-10001765,15,563,First Class,41.57,6,0.8,-66.51
1759,CA-2014-139017,RM-19375,TEC-AC-10001013,15,219,Standard Class,46.86,2,0.2,7.62
1760,CA-2014-141817,MB-18085,OFF-AR-10003478,106,577,Standard Class,19.54,3,0.2,4.88
1761,CA-2015-130785,AG-10900,FUR-BO-10000330,189,578,Standard Class,411.33,4,0.15,-4.84
1762,CA-2015-130785,AG-10900,OFF-BI-10001900,189,578,Standard Class,28.75,6,0.2,9.7
1763,CA-2015-130785,AG-10900,FUR-BO-10003159,189,578,Standard Class,293.2,3,0.15,-20.7
1764,CA-2016-110254,ML-17755,OFF-SU-10002573,304,579,Standard Class,35.06,2,0.0,10.52
1765,CA-2016-110254,ML-17755,OFF-LA-10004484,304,579,Standard Class,4.13,1,0.0,1.9
1766,CA-2016-110254,ML-17755,FUR-FU-10001591,304,579,Standard Class,109.8,9,0.0,46.12
1767,CA-2016-110254,ML-17755,OFF-LA-10002034,304,579,Standard Class,9.82,2,0.0,4.81
1768,US-2014-158057,CC-12685,OFF-BI-10004410,308,580,Standard Class,7.64,4,0.7,-5.86
1769,US-2014-158057,CC-12685,OFF-BI-10002735,308,580,Standard Class,51.46,5,0.7,-39.46
1770,CA-2017-146024,SC-20770,OFF-SU-10001935,177,581,Standard Class,6.98,4,0.2,-1.4
1771,CA-2017-146024,SC-20770,OFF-BI-10003291,177,581,Standard Class,12.22,7,0.8,-20.17
1772,CA-2016-129686,GG-14650,OFF-ST-10004337,37,582,Second Class,97.98,2,0.2,-24.5
1773,CA-2016-129686,GG-14650,TEC-AC-10001266,37,582,Second Class,62.4,6,0.2,19.5
1774,CA-2014-118976,MY-18295,OFF-BI-10001628,309,583,Standard Class,20.86,2,0.0,9.39
1775,CA-2014-118976,MY-18295,OFF-ST-10000877,309,583,Standard Class,497.61,9,0.0,129.38
1776,CA-2014-118976,MY-18295,OFF-AR-10004752,309,583,Standard Class,5.34,2,0.0,1.5
1777,CA-2014-118976,MY-18295,OFF-LA-10000452,309,583,Standard Class,3.15,1,0.0,1.51
1778,CA-2015-105347,DP-13000,OFF-PA-10000675,26,28,Standard Class,368.91,9,0.0,180.77
1779,CA-2015-105347,DP-13000,OFF-AR-10003045,26,28,Standard Class,14.7,5,0.0,6.62
1780,CA-2016-124667,BD-11770,TEC-AC-10003447,165,584,Standard Class,59.97,3,0.0,14.99
1781,CA-2016-124667,BD-11770,OFF-ST-10002276,165,584,Standard Class,83.36,1,0.0,20.84
1782,CA-2015-111094,CB-12535,OFF-PA-10001609,118,585,Standard Class,6.58,2,0.0,3.03
1783,CA-2015-111094,CB-12535,OFF-BI-10001597,118,585,Standard Class,122.94,3,0.0,59.01
1784,CA-2017-166317,JE-15610,OFF-PA-10004475,202,586,Standard Class,219.84,4,0.0,107.72
1785,CA-2017-166317,JE-15610,TEC-AC-10004510,202,586,Standard Class,98.16,6,0.0,9.82
1786,CA-2017-166317,JE-15610,OFF-BI-10002976,202,586,Standard Class,33.04,8,0.0,15.53
1787,CA-2017-166317,JE-15610,TEC-PH-10001615,202,586,Standard Class,86.97,3,0.0,25.22
1788,CA-2015-154326,RP-19855,TEC-PH-10001819,310,587,Standard Class,134.97,3,0.0,64.79
1789,CA-2015-154326,RP-19855,TEC-PH-10000560,310,587,Standard Class,699.98,2,0.0,195.99
1790,CA-2015-154326,RP-19855,TEC-AC-10004568,310,587,Standard Class,139.95,5,0.0,26.59
1791,CA-2014-102008,RA-19915,OFF-PA-10004092,165,588,Standard Class,48.94,1,0.0,24.47
1792,CA-2014-120474,RP-19390,FUR-CH-10001854,8,589,First Class,2807.84,8,0.0,673.88
1793,CA-2014-120474,RP-19390,OFF-AR-10000475,8,589,First Class,46.64,4,0.0,12.59
1794,CA-2014-104773,TB-21175,OFF-ST-10000777,17,590,Standard Class,60.42,2,0.2,6.04
1795,CA-2016-140774,BE-11455,OFF-AR-10004022,311,65,Standard Class,107.94,3,0.0,26.98
1796,US-2017-139465,MR-17545,OFF-ST-10002352,24,152,First Class,63.84,8,0.0,16.6
1797,US-2017-139465,MR-17545,TEC-PH-10000455,24,152,First Class,347.97,3,0.0,100.91
1798,US-2017-139465,MR-17545,OFF-BI-10003910,24,152,First Class,37.01,6,0.2,11.56
1799,CA-2016-100965,RM-19375,FUR-FU-10003039,59,275,Standard Class,215.65,5,0.0,73.32
1800,CA-2016-121034,JF-15565,OFF-FA-10000585,177,591,Second Class,11.17,4,0.2,3.63
1801,CA-2016-121034,JF-15565,OFF-PA-10001994,177,591,Second Class,53.95,3,0.2,17.53
1802,CA-2016-149461,AS-10135,FUR-FU-10004270,312,374,Standard Class,4.18,1,0.0,1.5
1803,CA-2017-158379,JA-15970,OFF-BI-10002498,64,586,Second Class,5.61,1,0.7,-4.3
1804,CA-2017-158379,JA-15970,OFF-SU-10002881,64,586,Second Class,4663.74,7,0.2,-1049.34
1805,CA-2017-158379,JA-15970,TEC-AC-10002926,64,586,Second Class,79.98,2,0.2,23.0
1806,US-2016-116729,GK-14620,TEC-PH-10002200,14,592,First Class,2575.94,7,0.2,257.59
1807,US-2016-116729,GK-14620,OFF-PA-10002005,14,592,First Class,45.36,7,0.0,21.77
1808,US-2016-116729,GK-14620,TEC-AC-10001465,14,592,First Class,254.24,7,0.0,76.27
1809,CA-2016-164938,PB-19210,TEC-PH-10004897,313,593,First Class,69.93,7,0.0,0.7
1810,CA-2016-165484,HK-14890,FUR-FU-10001196,27,249,Standard Class,16.16,7,0.6,-12.12
1811,CA-2016-165484,HK-14890,OFF-PA-10000595,27,249,Standard Class,54.82,3,0.2,17.82
1812,CA-2014-132612,FO-14305,FUR-TA-10004534,246,4,Second Class,1441.3,7,0.0,245.02
1813,US-2017-161193,BT-11680,FUR-FU-10001861,56,226,Standard Class,77.6,5,0.2,28.13
1814,US-2017-161193,BT-11680,FUR-FU-10000206,56,226,Standard Class,4.66,2,0.2,1.57
1815,CA-2015-131597,SP-20620,FUR-TA-10002607,63,472,Standard Class,170.14,3,0.2,-8.51
1816,CA-2015-164833,LL-16840,OFF-LA-10000443,60,594,Same Day,7.38,2,0.0,3.47
1817,CA-2015-164833,LL-16840,OFF-AR-10004685,60,594,Same Day,9.26,2,0.0,3.06
1818,CA-2015-125423,MC-17575,OFF-LA-10001771,2,351,Second Class,9.96,2,0.0,4.58
1819,US-2014-130379,JL-15235,OFF-AP-10001394,37,595,Standard Class,75.6,2,0.8,-166.32
1820,US-2014-130379,JL-15235,FUR-FU-10002553,37,595,Standard Class,29.32,2,0.6,-24.19
1821,CA-2016-168956,EA-14035,OFF-AP-10004233,37,596,Standard Class,92.06,6,0.8,-225.56
1822,CA-2016-168956,EA-14035,OFF-FA-10000304,37,596,Standard Class,6.98,4,0.2,1.83
1823,CA-2016-168956,EA-14035,FUR-CH-10004754,37,596,Standard Class,62.96,3,0.3,-2.7
1824,CA-2016-168956,EA-14035,OFF-PA-10000809,37,596,Standard Class,5.18,1,0.2,1.81
1825,CA-2016-167507,SA-20830,OFF-BI-10003694,314,597,Standard Class,31.32,10,0.7,-25.06
1826,CA-2016-167507,SA-20830,FUR-FU-10001935,314,597,Standard Class,11.84,4,0.2,3.11
1827,CA-2016-167507,SA-20830,FUR-FU-10002878,314,597,Standard Class,22.78,1,0.2,4.84
1828,CA-2016-109344,CH-12070,TEC-PH-10002624,315,598,Second Class,1127.98,3,0.2,126.9
1829,US-2015-140851,ND-18460,OFF-PA-10000019,258,563,Second Class,38.88,6,0.0,18.66
1830,CA-2014-103373,BS-11755,TEC-PH-10002885,178,599,Standard Class,779.8,2,0.4,-168.96
1831,CA-2017-145884,SL-20155,TEC-PH-10000895,316,209,Same Day,1439.92,8,0.0,374.38
1832,CA-2017-145884,SL-20155,FUR-TA-10002356,316,209,Same Day,262.11,1,0.0,62.91
1833,CA-2015-131422,GB-14530,FUR-CH-10001270,234,600,Standard Class,207.0,3,0.2,25.88
1834,CA-2017-162691,AS-10045,TEC-MA-10000488,111,379,Standard Class,1439.98,3,0.4,-264.0
1835,CA-2017-162691,AS-10045,OFF-PA-10003729,111,379,Standard Class,36.29,7,0.2,12.7
1836,CA-2014-141278,RM-19375,OFF-AR-10003056,317,262,First Class,21.4,5,0.0,6.21
1837,CA-2017-122693,NH-18610,OFF-AP-10002518,237,601,Second Class,1245.86,7,0.0,361.3
1838,CA-2014-117345,BF-10975,OFF-LA-10000240,44,602,Standard Class,17.54,3,0.2,5.92
1839,CA-2014-117345,BF-10975,FUR-FU-10000629,44,602,Standard Class,44.13,4,0.2,12.14
1840,CA-2014-117345,BF-10975,OFF-AP-10001005,44,602,Standard Class,62.92,1,0.2,10.22
1841,CA-2014-117345,BF-10975,OFF-PA-10002377,44,602,Standard Class,78.3,2,0.2,29.36
1842,CA-2016-157763,KH-16330,FUR-CH-10000988,318,428,Standard Class,140.81,1,0.0,39.43
1843,CA-2015-135391,FA-14230,OFF-LA-10001074,66,98,Second Class,40.1,4,0.2,13.53
1844,CA-2015-135391,FA-14230,FUR-FU-10001986,66,98,Second Class,40.78,2,0.6,-30.59
1845,US-2017-113852,GW-14605,TEC-AC-10003027,61,571,Standard Class,90.57,3,0.0,11.77
1846,US-2017-158512,DA-13450,OFF-PA-10001804,226,603,Second Class,40.08,6,0.0,19.24
1847,US-2017-158512,DA-13450,FUR-FU-10004973,226,603,Second Class,37.68,2,0.0,15.83
1848,CA-2017-128370,FH-14275,FUR-CH-10002602,26,19,Same Day,362.35,3,0.2,27.18
1849,CA-2017-128370,FH-14275,OFF-BI-10004140,26,19,Same Day,7.18,2,0.2,2.24
1850,CA-2015-160472,RK-19300,OFF-ST-10000464,319,604,Second Class,34.76,1,0.0,9.73
1851,CA-2015-160472,RK-19300,TEC-AC-10002253,319,604,Second Class,831.2,5,0.0,124.68
1852,CA-2015-160472,RK-19300,OFF-PA-10000528,319,604,Second Class,26.4,5,0.0,11.88
1853,CA-2015-160472,RK-19300,OFF-EN-10000483,319,604,Second Class,106.75,7,0.0,49.1
1854,CA-2015-160472,RK-19300,OFF-PA-10003129,319,604,Second Class,97.82,2,0.0,45.98
1855,CA-2015-160472,RK-19300,OFF-ST-10003442,319,604,Second Class,141.4,5,0.0,38.18
1856,CA-2014-114643,FM-14215,OFF-AR-10003631,4,605,Standard Class,14.52,3,0.0,4.79
1857,US-2017-158218,AC-10420,OFF-ST-10000563,17,606,Second Class,127.92,5,0.2,-15.99
1858,US-2017-158218,AC-10420,OFF-BI-10002133,17,606,Second Class,34.24,4,0.8,-53.07
1859,CA-2015-121608,JB-15400,OFF-AP-10002311,320,38,First Class,137.62,2,0.0,60.55
1860,CA-2015-121608,JB-15400,TEC-PH-10004959,320,38,First Class,100.49,1,0.0,25.12
1861,US-2017-121251,GM-14440,FUR-BO-10001918,30,607,First Class,257.57,2,0.2,-28.98
1862,US-2017-121251,GM-14440,TEC-PH-10004896,30,607,First Class,119.96,4,0.0,33.59
1863,CA-2014-151078,RF-19840,OFF-ST-10001328,66,608,Same Day,49.63,4,0.2,4.96
1864,US-2016-100839,NC-18625,FUR-TA-10004575,43,64,Standard Class,727.45,5,0.5,-465.57
1865,US-2016-100839,NC-18625,FUR-FU-10001617,43,64,Standard Class,24.96,3,0.2,4.37
1866,US-2017-116659,NG-18355,TEC-PH-10002824,56,106,Same Day,370.78,3,0.4,-92.7
1867,CA-2017-118857,AH-10075,FUR-FU-10004460,321,5,First Class,196.45,5,0.0,70.72
1868,CA-2015-127110,CH-12070,OFF-PA-10003309,106,609,Standard Class,31.1,6,0.2,10.89
1869,CA-2015-127110,CH-12070,OFF-ST-10002554,106,609,Standard Class,78.26,2,0.2,-17.61
1870,CA-2016-148201,CC-12145,OFF-PA-10000019,6,371,Second Class,6.48,1,0.0,3.11
1871,CA-2014-116932,ME-18010,OFF-AR-10002067,35,610,Standard Class,99.2,5,0.0,25.79
1872,CA-2014-116932,ME-18010,FUR-CH-10001215,35,610,Standard Class,801.57,2,0.2,50.1
1873,CA-2014-116932,ME-18010,FUR-TA-10004175,35,610,Standard Class,272.85,1,0.2,27.28
1874,CA-2017-142888,BP-11230,FUR-TA-10004767,322,611,Standard Class,70.98,1,0.0,20.58
1875,CA-2014-147914,MP-17470,OFF-PA-10001685,48,612,Standard Class,16.22,2,0.2,5.88
1876,US-2016-112977,CJ-12010,FUR-BO-10003272,256,613,Standard Class,176.78,1,0.2,-22.1
1877,CA-2017-112039,JC-15775,TEC-PH-10000984,66,614,Standard Class,470.38,3,0.2,47.04
1878,CA-2017-118885,JG-15160,FUR-CH-10002880,14,615,Standard Class,393.57,4,0.2,-44.28
1879,CA-2017-118885,JG-15160,TEC-PH-10002563,14,615,Standard Class,302.38,3,0.2,22.68
1880,US-2017-166611,CK-12760,OFF-BI-10001191,134,616,Standard Class,68.74,9,0.7,-48.12
1881,CA-2015-109512,LF-17185,OFF-EN-10002621,165,617,Same Day,29.34,3,0.0,14.67
1882,CA-2015-109512,LF-17185,FUR-CH-10001146,165,617,Same Day,383.61,7,0.1,63.93
1883,CA-2015-109512,LF-17185,OFF-ST-10000689,165,617,Same Day,563.4,4,0.0,67.61
1884,CA-2016-118570,CC-12430,OFF-PA-10001289,106,374,Standard Class,217.06,7,0.2,78.68
1885,CA-2017-154718,DL-12865,OFF-LA-10003714,323,618,Second Class,6.0,2,0.2,2.1
1886,CA-2016-147578,PG-18895,FUR-FU-10001889,35,184,Second Class,31.56,3,0.0,10.41
1887,CA-2014-140165,EH-14005,OFF-FA-10002815,187,9,First Class,7.1,2,0.2,2.4
1888,CA-2014-140165,EH-14005,OFF-BI-10004519,187,9,First Class,398.35,8,0.7,-331.96
1889,CA-2014-142587,TB-21520,OFF-AP-10004708,324,619,First Class,121.79,4,0.2,13.7
1890,CA-2014-142587,TB-21520,FUR-TA-10000617,324,619,First Class,409.59,3,0.4,-122.88
1891,CA-2014-157623,DK-13225,OFF-PA-10001204,126,620,Standard Class,10.56,2,0.0,4.75
1892,CA-2014-157623,DK-13225,OFF-AR-10003723,126,620,Standard Class,3.38,1,0.0,1.25
1893,CA-2017-145310,JP-15520,OFF-EN-10002621,325,67,Second Class,7.82,1,0.2,2.93
1894,CA-2016-100083,CD-11980,OFF-PA-10000241,326,391,Standard Class,24.78,1,0.2,7.74
1895,US-2017-108063,AS-10090,OFF-AR-10001446,327,575,First Class,34.65,3,0.0,10.4
1896,CA-2015-109197,JO-15280,OFF-BI-10004632,328,621,Standard Class,487.98,2,0.2,152.5
1897,CA-2017-141789,AC-10450,OFF-BI-10001359,40,622,First Class,1793.98,2,0.0,843.17
1898,CA-2014-169775,RA-19945,OFF-EN-10001749,329,551,Second Class,29.81,2,0.2,10.81
1899,CA-2014-169775,RA-19945,OFF-BI-10004390,329,551,Second Class,505.18,4,0.7,-336.78
1900,CA-2014-169775,RA-19945,FUR-TA-10001857,329,551,Second Class,174.06,3,0.45,-110.76
1901,CA-2016-140543,Co-12640,OFF-ST-10000563,330,623,Second Class,191.88,6,0.0,19.19
1902,CA-2016-151141,DW-13480,TEC-PH-10004924,186,624,First Class,14.78,2,0.0,3.99
1903,CA-2017-167094,DK-12835,OFF-PA-10003953,331,209,First Class,5.18,1,0.2,1.81
1904,CA-2017-167094,DK-12835,FUR-CH-10000155,331,209,First Class,478.48,2,0.2,47.85
1905,CA-2017-167094,DK-12835,TEC-AC-10003116,331,209,First Class,28.4,2,0.2,6.74
1906,CA-2017-154410,MD-17860,OFF-ST-10002743,305,209,First Class,909.12,8,0.0,9.09
1907,US-2016-150567,RP-19855,OFF-BI-10001757,332,625,Standard Class,2.95,2,0.7,-2.16
1908,US-2016-150567,RP-19855,OFF-BI-10000069,332,625,Standard Class,27.02,6,0.7,-21.61
1909,CA-2015-157959,RW-19540,FUR-FU-10004093,142,303,First Class,136.92,4,0.0,41.08
1910,CA-2017-105886,DB-13660,FUR-FU-10001037,188,405,Standard Class,18.96,2,0.0,8.53
1911,CA-2016-105963,SC-20770,TEC-AC-10003832,142,626,Standard Class,99.39,3,0.0,40.75
1912,CA-2017-121503,FH-14275,OFF-PA-10001878,17,446,Second Class,273.9,7,0.2,92.44
1913,CA-2017-121503,FH-14275,TEC-MA-10003674,17,446,Second Class,597.13,3,0.4,49.76
1914,CA-2014-103366,EH-13990,TEC-AC-10003628,237,627,First Class,149.95,5,0.0,65.98
1915,CA-2017-124597,AS-10630,OFF-LA-10003190,252,505,Standard Class,4.61,2,0.2,1.67
1916,CA-2017-124597,AS-10630,OFF-AR-10002280,252,505,Standard Class,15.53,3,0.2,4.85
1917,CA-2017-124597,AS-10630,OFF-LA-10001569,252,505,Standard Class,11.95,3,0.2,3.88
1918,CA-2015-105634,HA-14905,OFF-AR-10001573,118,628,Standard Class,11.65,5,0.0,3.38
1919,CA-2015-123673,CH-12070,TEC-PH-10001809,84,629,Second Class,299.9,2,0.0,74.97
1920,US-2017-111423,EH-13765,OFF-BI-10003091,291,630,First Class,895.92,5,0.2,302.37
1921,US-2017-111423,EH-13765,FUR-CH-10003981,291,630,First Class,462.56,2,0.1,97.65
1922,CA-2015-125178,MZ-17515,OFF-ST-10002562,333,293,Standard Class,15.01,2,0.2,1.5
1923,CA-2016-156685,SC-20230,TEC-PH-10004345,175,631,Second Class,863.64,9,0.2,107.96
1924,CA-2016-156685,SC-20230,OFF-AR-10000588,175,631,Second Class,47.62,3,0.2,3.57
1925,CA-2017-126865,NP-18325,OFF-PA-10003039,143,257,Second Class,92.94,3,0.0,41.82
1926,CA-2017-102834,LW-16990,TEC-AC-10001908,95,632,Standard Class,199.98,2,0.0,69.99
1927,US-2016-139710,GM-14680,TEC-PH-10001198,63,633,Standard Class,177.48,3,0.2,19.97
1928,CA-2017-121538,RH-19495,OFF-PA-10004071,77,355,First Class,88.77,2,0.2,31.07
1929,US-2017-101539,VM-21685,OFF-PA-10001972,60,634,Second Class,6.48,1,0.0,3.11
1930,US-2017-101539,VM-21685,OFF-ST-10004180,60,634,Second Class,46.51,1,0.0,1.86
1931,US-2017-101539,VM-21685,TEC-PH-10004165,60,634,Second Class,659.98,3,0.2,49.5
1932,CA-2016-152121,CC-12670,TEC-PH-10002483,58,582,Second Class,271.99,1,0.2,23.8
1933,CA-2017-161200,SV-20365,FUR-BO-10000468,300,635,Second Class,145.74,3,0.0,23.32
1934,CA-2017-161200,SV-20365,FUR-FU-10001706,300,635,Second Class,15.4,5,0.0,7.39
1935,CA-2017-101245,LW-16990,OFF-PA-10003129,10,345,Standard Class,244.55,5,0.0,114.94
1936,CA-2017-101245,LW-16990,TEC-AC-10001284,10,345,Standard Class,166.16,8,0.0,59.82
1937,CA-2015-141768,NP-18685,FUR-FU-10002268,10,443,Second Class,14.73,3,0.0,4.86
1938,CA-2016-112109,JE-15715,OFF-BI-10002082,334,631,Standard Class,19.97,2,0.7,-13.31
1939,CA-2016-112109,JE-15715,OFF-ST-10001505,334,631,Standard Class,33.49,7,0.2,-1.26
1940,CA-2016-112109,JE-15715,OFF-BI-10001634,334,631,Standard Class,8.74,4,0.7,-6.12
1941,CA-2016-112109,JE-15715,FUR-CH-10004287,334,631,Standard Class,662.88,3,0.2,74.57
1942,CA-2017-144064,CP-12085,OFF-LA-10004544,117,636,First Class,47.36,4,0.2,17.76
1943,CA-2017-144064,CP-12085,OFF-ST-10004507,117,636,First Class,27.44,2,0.2,2.4
1944,CA-2017-144064,CP-12085,OFF-BI-10002012,117,636,First Class,3.24,9,0.8,-5.18
1945,CA-2016-108581,EA-14035,TEC-AC-10001109,297,24,Standard Class,95.97,4,0.2,26.39
1946,CA-2016-108581,EA-14035,OFF-PA-10000809,297,24,Standard Class,10.37,2,0.2,3.63
1947,CA-2017-157987,AC-10615,OFF-AR-10000658,30,265,Standard Class,23.1,2,0.0,6.47
1948,CA-2017-157987,AC-10615,FUR-FU-10001196,30,265,Standard Class,11.54,2,0.0,3.46
1949,CA-2017-157987,AC-10615,FUR-TA-10001889,30,265,Standard Class,254.53,1,0.4,-93.33
1950,CA-2017-157987,AC-10615,OFF-AP-10000358,30,265,Standard Class,12.98,1,0.0,3.76
1951,CA-2017-157987,AC-10615,OFF-BI-10004970,30,265,Standard Class,26.43,8,0.2,8.92
1952,CA-2017-157987,AC-10615,TEC-PH-10003885,30,265,Standard Class,197.97,3,0.0,57.41
1953,CA-2017-157987,AC-10615,OFF-LA-10001641,30,265,Standard Class,18.9,6,0.0,9.07
1954,CA-2017-157987,AC-10615,FUR-CH-10003379,30,265,Standard Class,1282.41,5,0.1,213.74
1955,CA-2017-157987,AC-10615,OFF-AR-10004582,30,265,Standard Class,4.92,3,0.0,2.21
1956,CA-2017-157987,AC-10615,TEC-AC-10002842,30,265,Standard Class,238.0,2,0.0,38.08
1957,CA-2017-157987,AC-10615,TEC-AC-10000109,30,265,Standard Class,167.97,3,0.0,40.31
1958,CA-2017-157987,AC-10615,OFF-PA-10003893,30,265,Standard Class,17.12,4,0.0,7.7
1959,CA-2017-110905,RW-19690,OFF-BI-10003669,335,19,Second Class,16.2,3,0.0,7.78
1960,CA-2017-110905,RW-19690,OFF-AP-10004785,335,19,Second Class,33.99,3,0.0,14.62
1961,CA-2017-110905,RW-19690,TEC-AC-10003023,335,19,Second Class,296.85,5,0.0,53.43
1962,CA-2017-110905,RW-19690,TEC-AC-10002217,335,19,Second Class,112.8,6,0.0,6.77
1963,CA-2017-110905,RW-19690,OFF-BI-10002954,335,19,Second Class,13.71,3,0.0,6.58
1964,CA-2017-110905,RW-19690,OFF-PA-10002586,335,19,Second Class,24.9,5,0.0,11.7
1965,CA-2017-110905,RW-19690,OFF-ST-10000025,335,19,Second Class,286.29,3,0.0,17.18
1966,CA-2017-110905,RW-19690,OFF-AP-10003281,335,19,Second Class,24.18,2,0.0,7.25
1967,CA-2017-165841,DB-13210,TEC-PH-10002103,336,203,Standard Class,281.97,3,0.0,78.95
1968,CA-2017-165841,DB-13210,OFF-SU-10000898,336,203,Standard Class,69.5,5,0.0,20.16
1969,CA-2017-165841,DB-13210,OFF-PA-10001144,336,203,Standard Class,166.44,3,0.0,79.89
1970,CA-2017-117485,BD-11320,TEC-AC-10004659,313,398,Standard Class,291.96,4,0.0,102.19
1971,CA-2017-140242,ML-17755,OFF-AR-10004752,37,637,Standard Class,6.41,3,0.2,0.64
1972,CA-2017-140242,ML-17755,TEC-AC-10004659,37,637,Standard Class,408.74,7,0.2,76.64
1973,CA-2014-148950,JD-16015,OFF-BI-10001249,27,638,Standard Class,5.1,4,0.8,-8.68
1974,CA-2014-148950,JD-16015,OFF-FA-10003059,27,638,Standard Class,2.9,2,0.2,0.47
1975,CA-2014-148950,JD-16015,TEC-AC-10002718,27,638,Standard Class,35.02,3,0.2,-2.19
1976,CA-2014-110408,AS-10225,OFF-ST-10001522,154,639,Second Class,275.97,3,0.0,11.04
1977,CA-2014-110408,AS-10225,TEC-PH-10002352,154,639,Second Class,1394.95,5,0.0,362.69
1978,CA-2014-110408,AS-10225,FUR-CH-10003774,154,639,Second Class,545.88,6,0.0,70.96
1979,CA-2015-109939,AA-10375,OFF-AR-10000127,161,413,Standard Class,5.25,2,0.2,0.59
1980,CA-2016-112669,KT-16465,FUR-CH-10004086,277,168,Same Day,933.54,4,0.2,105.02
1981,CA-2016-112669,KT-16465,OFF-ST-10001228,277,168,Same Day,42.98,4,0.2,4.3
1982,CA-2015-119592,MM-18280,OFF-BI-10004187,113,640,Second Class,3.76,2,0.0,1.8
1983,CA-2014-122749,NG-18430,TEC-PH-10003811,337,641,Standard Class,479.96,4,0.0,134.39
1984,CA-2014-164721,LW-16825,OFF-AP-10000240,91,642,Second Class,320.88,6,0.0,93.06
1985,CA-2014-164721,LW-16825,FUR-FU-10001940,91,642,Second Class,23.88,3,0.0,10.51
1986,CA-2014-164721,LW-16825,OFF-PA-10000575,91,642,Second Class,26.76,4,0.0,12.31
1987,CA-2016-147417,CB-12415,TEC-CO-10001449,48,198,First Class,1439.98,4,0.4,192.0
1988,CA-2015-127509,AS-10090,OFF-BI-10002393,335,530,Standard Class,17.22,3,0.0,7.92
1989,CA-2015-127509,AS-10090,FUR-TA-10002855,335,530,Standard Class,1024.38,7,0.0,215.12
1990,CA-2015-127509,AS-10090,OFF-EN-10000781,335,530,Standard Class,26.22,3,0.0,12.32
1991,CA-2015-127509,AS-10090,OFF-PA-10002160,335,530,Standard Class,17.34,3,0.0,8.5
1992,CA-2017-111374,CB-12415,OFF-BI-10004970,64,643,Standard Class,4.96,4,0.7,-3.8
1993,CA-2017-133648,ML-17755,OFF-LA-10003923,331,644,Standard Class,71.04,6,0.2,26.64
1994,CA-2017-133648,ML-17755,OFF-AR-10002257,331,644,Standard Class,5.34,2,0.2,0.73
1995,CA-2017-133648,ML-17755,OFF-FA-10004395,331,644,Standard Class,11.3,3,0.2,-2.12
1996,US-2017-147221,JS-16030,OFF-AP-10002534,67,575,Second Class,294.62,5,0.8,-766.01
1997,US-2017-147221,JS-16030,FUR-FU-10004020,67,575,Second Class,8.75,4,0.6,-3.72
1998,CA-2014-131905,ND-18460,OFF-LA-10002787,338,645,First Class,15.0,4,0.0,7.2
1999,CA-2014-131905,ND-18460,TEC-PH-10003645,338,645,First Class,161.61,1,0.0,42.02
2000,CA-2014-131905,ND-18460,TEC-PH-10001615,338,645,First Class,144.95,5,0.0,42.04
2001,CA-2017-166128,LW-17215,TEC-AC-10001767,55,646,Standard Class,199.95,5,0.0,21.99
2002,CA-2017-166128,LW-17215,OFF-AR-10001221,55,646,Standard Class,41.86,7,0.0,14.23
2003,CA-2017-163510,JW-15955,OFF-ST-10000563,176,54,Second Class,95.94,3,0.0,9.59
2004,CA-2017-163510,JW-15955,FUR-CH-10001146,176,54,Second Class,304.45,5,0.0,76.11
2005,US-2017-143028,SC-20050,OFF-BI-10004738,339,646,Standard Class,11.36,3,0.8,-17.05
2006,CA-2014-111150,RW-19630,OFF-AR-10000034,340,521,Standard Class,29.68,7,0.0,11.58
2007,CA-2014-111150,RW-19630,TEC-AC-10000290,340,521,Standard Class,47.53,7,0.0,16.16
2008,CA-2017-165386,CM-12190,FUR-BO-10003034,37,647,First Class,183.37,2,0.3,-36.67
2009,CA-2014-116407,JF-15190,OFF-AR-10001315,341,648,Standard Class,4.22,3,0.2,0.48
2010,CA-2014-116407,JF-15190,OFF-AP-10002118,341,648,Standard Class,333.06,2,0.2,29.14
2011,CA-2014-116407,JF-15190,OFF-PA-10002137,341,648,Standard Class,24.9,4,0.2,7.78
2012,CA-2015-155761,SC-20800,TEC-AC-10001606,17,556,Same Day,159.98,2,0.2,36.0
2013,CA-2015-155761,SC-20800,OFF-ST-10000943,17,556,Same Day,46.34,3,0.2,4.63
2014,CA-2016-145905,AM-10705,FUR-CH-10001854,342,32,Standard Class,350.98,1,0.0,84.24
2015,CA-2016-145905,AM-10705,OFF-PA-10000533,342,32,Standard Class,13.08,2,0.0,6.02
2016,CA-2016-145905,AM-10705,OFF-ST-10003716,342,32,Standard Class,900.08,4,0.0,117.01
2017,CA-2015-113110,BK-11260,OFF-BI-10000088,343,532,Standard Class,17.57,2,0.2,6.37
2018,CA-2015-113110,BK-11260,OFF-LA-10000240,343,532,Standard Class,14.62,2,0.0,6.87
2019,CA-2015-113110,BK-11260,OFF-SU-10001165,343,532,Standard Class,33.36,4,0.0,8.67
2020,CA-2015-113110,BK-11260,OFF-PA-10002749,343,532,Standard Class,40.14,6,0.0,19.67
2021,CA-2016-168354,RH-19510,OFF-ST-10001490,260,252,First Class,1606.23,9,0.0,481.87
2022,CA-2016-168354,RH-19510,OFF-PA-10002377,260,252,First Class,17.04,3,0.0,7.67
2023,CA-2016-168354,RH-19510,OFF-BI-10004826,260,252,First Class,49.53,3,0.0,23.77
2024,CA-2016-168354,RH-19510,FUR-CH-10004675,260,252,First Class,872.32,4,0.0,244.25
2025,US-2017-111241,GM-14500,OFF-BI-10002867,254,649,Second Class,239.12,5,0.2,77.71
2026,CA-2015-114237,MC-17275,FUR-BO-10004409,6,650,First Class,141.96,2,0.0,39.75
2027,CA-2016-113516,VM-21685,OFF-BI-10002225,195,163,Second Class,33.02,2,0.2,11.56
2028,CA-2016-113516,VM-21685,OFF-BI-10001989,195,163,Second Class,67.14,4,0.2,23.5
2029,CA-2015-117961,GP-14740,OFF-BI-10000343,344,651,Standard Class,14.73,3,0.0,6.92
2030,CA-2015-117961,GP-14740,OFF-ST-10001172,344,651,Standard Class,104.9,5,0.0,25.18
2031,CA-2015-117961,GP-14740,OFF-BI-10003707,344,651,Standard Class,61.04,4,0.0,30.52
2032,CA-2015-117961,GP-14740,OFF-PA-10001274,344,651,Standard Class,10.95,3,0.0,5.15
2033,CA-2016-128923,GB-14530,OFF-PA-10002250,7,11,Standard Class,9.39,2,0.2,3.29
2034,CA-2016-128923,GB-14530,OFF-AR-10000475,7,11,Standard Class,9.33,1,0.2,0.82
2035,CA-2017-162481,CT-11995,OFF-BI-10002976,39,146,Standard Class,8.26,2,0.0,3.88
2036,CA-2017-162481,CT-11995,FUR-CH-10003061,39,146,Standard Class,269.97,3,0.0,51.29
2037,CA-2015-119214,CW-11905,OFF-PA-10002893,345,652,Standard Class,29.04,3,0.0,13.94
2038,CA-2015-119214,CW-11905,OFF-LA-10003077,345,652,Standard Class,14.62,2,0.0,6.87
2039,CA-2015-122287,SN-20560,OFF-PA-10001661,346,653,Standard Class,11.95,3,0.2,4.33
2040,CA-2015-122287,SN-20560,OFF-BI-10004656,346,653,Standard Class,4.54,7,0.7,-3.33
2041,CA-2015-122287,SN-20560,OFF-BI-10003707,346,653,Standard Class,9.16,2,0.7,-6.1
2042,CA-2015-122287,SN-20560,FUR-FU-10004973,346,653,Standard Class,75.36,5,0.2,20.72
2043,CA-2015-104493,EB-13705,OFF-BI-10004817,189,654,Standard Class,57.5,6,0.2,20.13
2044,US-2017-158946,JW-15220,OFF-AR-10001860,347,552,Standard Class,38.86,7,0.2,7.77
2045,CA-2014-129168,KB-16585,OFF-PA-10001639,15,655,Standard Class,15.55,3,0.2,5.44
2046,CA-2016-131835,MC-17590,OFF-AP-10004487,348,20,Standard Class,162.64,2,0.0,45.54
2047,CA-2016-131835,MC-17590,TEC-PH-10001760,348,20,Standard Class,597.0,3,0.0,280.59
2048,CA-2016-131835,MC-17590,OFF-PA-10004071,348,20,Standard Class,55.48,1,0.0,26.63
2049,CA-2015-142237,CK-12595,FUR-FU-10004848,64,656,First Class,289.8,7,0.2,36.22
2050,CA-2015-142237,CK-12595,OFF-BI-10004022,64,656,First Class,2.5,3,0.7,-2.0
2051,CA-2015-142237,CK-12595,OFF-BI-10003669,64,656,First Class,6.48,4,0.7,-4.75
2052,CA-2015-142237,CK-12595,FUR-CH-10003833,64,656,First Class,341.49,8,0.3,-73.18
2053,CA-2015-142237,CK-12595,OFF-AR-10003732,64,656,First Class,11.12,5,0.2,0.83
2054,CA-2015-142237,CK-12595,FUR-FU-10003142,64,656,First Class,25.34,6,0.2,3.48
2055,CA-2016-136434,RD-19480,FUR-FU-10001196,239,50,Standard Class,17.31,3,0.0,5.19
2056,CA-2017-120376,TP-21130,TEC-AC-10001114,84,67,First Class,199.95,5,0.0,63.98
2057,CA-2017-120376,TP-21130,FUR-CH-10002335,84,67,First Class,1586.69,7,0.0,412.54
2058,CA-2017-120376,TP-21130,TEC-AC-10000844,84,67,First Class,84.99,1,0.0,30.6
2059,CA-2017-120376,TP-21130,FUR-TA-10004534,84,67,First Class,411.8,2,0.0,70.01
2060,CA-2014-106439,GG-14650,OFF-FA-10002975,14,657,Standard Class,11.34,3,0.0,5.22
2061,CA-2014-106439,GG-14650,OFF-ST-10003996,14,657,Standard Class,80.3,5,0.0,20.88
2062,CA-2014-106439,GG-14650,OFF-BI-10002571,14,657,Standard Class,15.97,2,0.2,5.39
2063,CA-2014-106439,GG-14650,OFF-PA-10000477,14,657,Standard Class,64.74,13,0.0,30.43
2064,CA-2014-106439,GG-14650,OFF-BI-10004209,14,657,Standard Class,19.3,3,0.2,6.03
2065,CA-2014-106439,GG-14650,OFF-ST-10001963,14,657,Standard Class,405.64,4,0.0,12.17
2066,CA-2014-106439,GG-14650,FUR-CH-10003833,14,657,Standard Class,146.35,3,0.2,-9.15
2067,CA-2014-106439,GG-14650,TEC-AC-10004568,14,657,Standard Class,251.91,9,0.0,47.86
2068,CA-2014-106439,GG-14650,OFF-AR-10001419,14,657,Standard Class,12.39,3,0.0,3.72
2069,CA-2015-133452,ZC-21910,TEC-AC-10002800,283,658,Standard Class,199.96,4,0.0,69.99
2070,CA-2015-133452,ZC-21910,FUR-TA-10003954,283,658,Standard Class,710.83,3,0.2,-97.74
2071,CA-2016-146521,CC-12610,OFF-BI-10000301,64,659,Second Class,1.94,1,0.7,-1.29
2072,US-2017-110996,KA-16525,FUR-CH-10003956,349,226,Standard Class,283.92,5,0.2,-46.14
2073,CA-2016-129693,TC-20980,OFF-BI-10002954,60,492,Standard Class,7.31,2,0.2,2.56
2074,CA-2017-122504,DB-13270,TEC-AC-10003289,91,660,Second Class,59.97,3,0.0,13.79
2075,CA-2017-122504,DB-13270,TEC-PH-10002468,91,660,Second Class,761.54,7,0.2,66.64
2076,CA-2014-131051,TR-21325,FUR-FU-10001861,35,589,Standard Class,58.2,3,0.0,28.52
2077,CA-2017-140676,BF-11080,OFF-PA-10004082,309,511,First Class,39.9,5,0.0,19.95
2078,CA-2017-140676,BF-11080,OFF-AP-10000358,309,511,First Class,90.86,7,0.0,26.35
2079,CA-2017-140676,BF-11080,OFF-PA-10004243,309,511,First Class,94.85,5,0.0,45.53
2080,CA-2015-120103,MS-17365,OFF-PA-10001295,52,101,Standard Class,106.23,7,0.2,37.18
2081,CA-2015-120103,MS-17365,TEC-PH-10002170,52,101,Standard Class,111.98,2,0.2,11.2
2082,CA-2015-120103,MS-17365,FUR-FU-10002885,52,101,Standard Class,7.71,2,0.2,1.74
2083,CA-2017-104647,CK-12595,OFF-PA-10002870,142,661,Standard Class,37.44,6,0.0,16.85
2084,CA-2014-110352,ED-13885,OFF-LA-10003923,67,534,Standard Class,23.68,2,0.2,8.88
2085,CA-2016-140501,IM-15070,OFF-LA-10003510,30,662,Standard Class,122.12,4,0.0,56.18
2086,CA-2016-140501,IM-15070,OFF-LA-10000248,30,662,Standard Class,18.45,5,0.0,8.67
2087,CA-2016-140501,IM-15070,OFF-ST-10000060,30,662,Standard Class,324.9,5,0.0,38.99
2088,CA-2016-140501,IM-15070,OFF-PA-10003129,30,662,Standard Class,146.73,3,0.0,68.96
2089,CA-2016-140501,IM-15070,OFF-FA-10004076,30,662,Standard Class,3.96,2,0.0,1.47
2090,CA-2015-139290,MY-17380,OFF-LA-10004008,350,663,Standard Class,5.76,2,0.0,2.65
2091,CA-2017-166142,MM-17260,OFF-BI-10004094,50,664,Standard Class,26.55,3,0.0,13.01
2092,CA-2017-166142,MM-17260,FUR-TA-10004607,50,664,Standard Class,310.44,3,0.3,-48.78
2093,CA-2014-145926,MP-17470,FUR-CH-10004289,351,665,Standard Class,479.9,5,0.0,81.58
2094,CA-2015-149678,AW-10840,OFF-SU-10004498,215,658,Second Class,12.88,1,0.0,0.39
2095,US-2015-164357,SF-20065,OFF-AR-10001177,125,666,Standard Class,13.12,5,0.2,1.48
2096,US-2016-146570,SN-20710,OFF-BI-10001718,130,667,Standard Class,511.84,8,0.0,240.56
2097,US-2016-146570,SN-20710,OFF-AR-10004602,130,667,Standard Class,91.96,4,0.0,25.75
2098,US-2016-146570,SN-20710,OFF-AR-10003856,130,667,Standard Class,8.34,3,0.0,2.17
2099,CA-2017-124401,RD-19900,OFF-ST-10000649,41,211,Standard Class,37.68,3,0.2,2.36
2100,CA-2017-124401,RD-19900,TEC-AC-10002926,41,211,Standard Class,279.94,7,0.2,80.48
2101,US-2014-140116,KT-16480,OFF-ST-10000078,77,419,Standard Class,636.41,3,0.2,-15.91
2102,US-2014-140116,KT-16480,OFF-AR-10001044,77,419,Standard Class,83.17,4,0.2,9.36
2103,CA-2014-123295,AH-10120,FUR-CH-10002372,116,668,Same Day,259.14,4,0.2,-25.91
2104,CA-2017-167101,BM-11650,OFF-PA-10000357,30,669,Second Class,221.92,4,0.0,106.52
2105,CA-2017-167101,BM-11650,TEC-AC-10001266,30,669,Second Class,26.0,2,0.0,11.7
2106,US-2014-167633,BW-11200,OFF-PA-10004888,252,588,Standard Class,15.55,3,0.2,5.44
2107,US-2014-152723,HG-14965,OFF-BI-10003460,352,468,Same Day,0.88,1,0.8,-1.4
2108,CA-2015-164882,SG-20080,OFF-PA-10000157,72,90,Same Day,19.98,1,0.0,9.39
2109,CA-2015-164882,SG-20080,OFF-BI-10004519,72,90,Same Day,398.35,3,0.2,124.48
2110,CA-2015-164882,SG-20080,OFF-AR-10004272,72,90,Same Day,5.04,3,0.0,1.26
2111,CA-2015-164882,SG-20080,OFF-FA-10000585,72,90,Same Day,17.45,5,0.0,8.03
2112,CA-2015-164882,SG-20080,FUR-CH-10004218,72,90,Same Day,323.14,4,0.2,20.2
2113,CA-2015-164882,SG-20080,OFF-SU-10004231,72,90,Same Day,29.7,3,0.0,8.02
2114,CA-2015-164882,SG-20080,TEC-PH-10001578,72,90,Same Day,1295.84,4,0.2,145.78
2115,CA-2015-164882,SG-20080,OFF-ST-10003638,72,90,Same Day,46.84,2,0.0,12.65
2116,CA-2015-164882,SG-20080,FUR-BO-10002213,72,90,Same Day,425.83,1,0.15,20.04
2117,CA-2015-159786,RK-19300,FUR-TA-10001307,145,89,Second Class,209.67,1,0.4,-13.98
2118,CA-2016-130267,SW-20245,OFF-PA-10002222,353,252,Standard Class,159.88,7,0.0,73.54
2119,CA-2017-155460,RW-19630,OFF-PA-10002479,60,670,First Class,5.28,1,0.0,2.38
2120,CA-2017-155460,RW-19630,OFF-BI-10003091,60,670,First Class,895.92,5,0.2,302.37
2121,US-2017-168690,TS-21085,OFF-BI-10000145,354,364,Standard Class,2.81,3,0.7,-1.97
2122,CA-2017-158246,JB-15400,FUR-CH-10003061,355,46,First Class,215.98,3,0.2,-2.7
2123,CA-2017-167381,EH-14005,FUR-BO-10001972,243,586,Second Class,241.96,2,0.0,41.13
2124,CA-2017-167381,EH-14005,OFF-LA-10000134,243,586,Second Class,27.72,9,0.0,13.31
2125,CA-2017-144862,EH-14005,OFF-EN-10003040,106,97,Standard Class,104.68,5,0.2,35.33
2126,CA-2017-144862,EH-14005,TEC-PH-10000923,106,97,Standard Class,62.96,7,0.4,9.44
2127,CA-2014-126032,BS-11665,TEC-AC-10000158,106,671,Standard Class,86.38,3,0.2,1.08
2128,CA-2015-134859,JK-16120,FUR-FU-10003623,64,243,Standard Class,64.94,3,0.2,6.49
2129,CA-2015-134859,JK-16120,OFF-PA-10001293,64,243,Standard Class,20.74,4,0.2,7.26
2130,US-2014-114188,RF-19345,OFF-AP-10000124,356,672,Second Class,33.28,4,0.0,9.32
2131,US-2014-114188,RF-19345,OFF-AR-10004511,356,672,Second Class,38.52,9,0.0,11.94
2132,US-2014-114188,RF-19345,FUR-FU-10000076,356,672,Second Class,139.86,7,0.0,60.14
2133,CA-2015-156524,DL-12865,OFF-PA-10003883,165,313,Standard Class,19.65,3,0.0,9.04
2134,CA-2015-122210,WB-21850,OFF-BI-10003656,64,673,Standard Class,152.99,3,0.7,-122.39
2135,CA-2015-122210,WB-21850,OFF-FA-10000053,64,673,Standard Class,10.58,7,0.2,-2.38
2136,CA-2015-122210,WB-21850,TEC-PH-10002807,64,673,Standard Class,94.92,4,0.4,15.82
2137,CA-2015-156377,TB-21625,FUR-FU-10002364,71,621,Standard Class,14.76,5,0.6,-11.44
2138,CA-2015-156377,TB-21625,OFF-BI-10002954,71,621,Standard Class,3.66,4,0.8,-5.85
2139,US-2017-157896,CB-12415,OFF-PA-10004092,30,674,Same Day,146.82,3,0.0,73.41
2140,CA-2014-159520,GT-14635,OFF-BI-10003982,256,572,Standard Class,149.54,9,0.2,50.47
2141,CA-2014-159520,GT-14635,OFF-SU-10001664,256,572,Standard Class,17.14,2,0.0,4.46
2142,CA-2014-159520,GT-14635,FUR-TA-10003238,256,572,Standard Class,991.76,3,0.4,-347.12
2143,CA-2016-155481,DK-13225,OFF-PA-10004675,12,143,Standard Class,30.48,6,0.2,9.91
2144,CA-2016-155481,DK-13225,TEC-PH-10002293,12,143,Standard Class,23.99,2,0.4,-4.8
2145,CA-2016-155481,DK-13225,OFF-FA-10002780,12,143,Standard Class,16.69,7,0.2,5.42
2146,US-2016-152051,TS-21160,FUR-CH-10002965,357,675,Standard Class,422.06,3,0.3,-18.09
2147,US-2016-152051,TS-21160,OFF-BI-10004781,357,675,Standard Class,38.09,4,0.7,-27.93
2148,US-2016-152051,TS-21160,OFF-ST-10001713,357,675,Standard Class,254.35,6,0.2,-50.87
2149,CA-2014-141607,WB-21850,FUR-FU-10003975,138,433,Standard Class,43.31,1,0.0,4.33
2150,CA-2017-102771,DO-13435,TEC-PH-10001536,46,186,Standard Class,84.95,5,0.0,22.09
2151,US-2017-139969,AF-10870,FUR-CH-10001973,358,124,Standard Class,233.06,3,0.3,-53.27
2152,CA-2014-167360,RB-19435,TEC-AC-10001772,359,157,Second Class,111.79,7,0.0,43.6
2153,CA-2015-123505,AR-10540,OFF-PA-10002586,360,7,Standard Class,14.94,3,0.0,7.02
2154,CA-2016-117282,DR-12880,OFF-BI-10004094,30,217,Standard Class,14.16,2,0.2,5.13
2155,US-2016-120460,BF-11170,FUR-FU-10004973,177,568,Standard Class,22.61,3,0.6,-10.17
2156,CA-2016-111115,LB-16735,OFF-FA-10000624,4,198,Second Class,21.48,6,0.0,10.74
2157,CA-2014-124646,DV-13465,OFF-ST-10001097,40,170,First Class,501.81,3,0.0,0.0
2158,CA-2014-124646,DV-13465,OFF-ST-10001469,40,170,First Class,161.94,3,0.0,9.72
2159,CA-2017-148166,NK-18490,OFF-AR-10004956,263,209,Standard Class,17.86,4,0.2,2.01
2160,CA-2016-159737,CS-11950,OFF-BI-10004236,27,324,Standard Class,8.81,3,0.8,-14.97
2161,CA-2016-141019,LH-17155,FUR-FU-10002937,94,676,Same Day,79.38,1,0.2,29.77
2162,CA-2016-101938,DW-13480,OFF-AR-10003696,233,677,Standard Class,34.58,1,0.0,10.03
2163,CA-2017-166296,KF-16285,OFF-PA-10004359,361,678,Standard Class,314.55,3,0.0,150.98
2164,CA-2016-154018,HA-14920,TEC-AC-10002402,162,64,Standard Class,191.98,3,0.2,24.0
2165,CA-2016-154018,HA-14920,OFF-PA-10000551,162,64,Standard Class,8.29,2,0.2,3.0
2166,CA-2016-154018,HA-14920,FUR-FU-10003394,162,64,Standard Class,139.92,5,0.6,-150.41
2167,CA-2016-154018,HA-14920,OFF-AR-10002067,162,64,Standard Class,15.87,1,0.2,1.19
2168,CA-2016-154018,HA-14920,OFF-BI-10004140,162,64,Standard Class,6.29,7,0.8,-11.0
2169,CA-2017-117870,JH-15820,OFF-AR-10004078,362,679,Second Class,14.02,3,0.2,1.75
2170,CA-2017-117870,JH-15820,TEC-AC-10000927,362,679,Second Class,71.98,3,0.2,-9.0
2171,CA-2017-117870,JH-15820,TEC-PH-10003931,362,679,Second Class,107.98,3,0.4,-27.0
2172,US-2017-137491,LC-16930,FUR-CH-10004675,363,124,Standard Class,305.31,2,0.3,-8.72
2173,CA-2014-152296,IL-15100,OFF-BI-10004506,35,602,First Class,19.75,3,0.2,6.91
2174,CA-2016-112025,LS-16975,OFF-BI-10002353,33,680,Standard Class,9.26,3,0.8,-13.9
2175,CA-2015-132507,CC-12610,OFF-ST-10000943,17,118,Second Class,61.79,4,0.2,6.18
2176,CA-2016-125738,PB-18805,OFF-PA-10000740,364,681,Standard Class,45.68,2,0.0,21.01
2177,CA-2016-125738,PB-18805,OFF-PA-10003001,364,681,Standard Class,60.12,9,0.0,28.86
2178,CA-2016-125738,PB-18805,OFF-BI-10001628,364,681,Standard Class,41.72,5,0.2,13.04
2179,CA-2016-125738,PB-18805,OFF-PA-10001509,364,681,Standard Class,71.6,8,0.0,32.94
2180,CA-2016-128818,CJ-12010,OFF-BI-10000309,30,682,Standard Class,85.23,7,0.2,30.9
2181,CA-2016-128818,CJ-12010,OFF-LA-10003923,30,682,Standard Class,44.4,3,0.0,22.2
2182,CA-2016-128818,CJ-12010,FUR-CH-10002084,30,682,Standard Class,442.76,4,0.1,59.04
2183,CA-2016-128818,CJ-12010,TEC-MA-10000488,30,682,Standard Class,3999.95,5,0.0,1159.99
2184,CA-2016-128818,CJ-12010,TEC-AC-10001767,30,682,Standard Class,199.95,5,0.0,21.99
2185,CA-2016-128818,CJ-12010,FUR-FU-10001940,30,682,Standard Class,63.68,8,0.0,28.02
2186,CA-2017-124576,HK-14890,OFF-BI-10002735,206,379,Second Class,54.9,2,0.2,18.53
2187,CA-2016-101378,RH-19600,TEC-AC-10002345,365,217,Same Day,29.0,2,0.0,7.25
2188,CA-2017-143063,IL-15100,OFF-EN-10003134,135,683,Standard Class,70.08,6,0.0,35.04
2189,CA-2017-143063,IL-15100,FUR-FU-10003708,135,683,Standard Class,121.3,2,0.0,25.47
2190,CA-2017-143063,IL-15100,TEC-PH-10003645,135,683,Standard Class,1454.49,9,0.0,378.17
2191,CA-2016-118913,AS-10240,OFF-AP-10000692,14,675,Standard Class,60.81,3,0.0,17.03
2192,CA-2016-128412,AP-10915,OFF-BI-10001718,60,108,Standard Class,153.55,3,0.2,51.82
2193,CA-2016-128412,AP-10915,OFF-AP-10002082,60,108,Standard Class,65.34,3,0.0,22.87
2194,CA-2016-128412,AP-10915,OFF-PA-10001125,60,108,Standard Class,123.92,4,0.0,55.76
2195,CA-2016-128412,AP-10915,OFF-AP-10000252,60,108,Standard Class,35.1,3,0.0,12.28
2196,CA-2016-128412,AP-10915,TEC-AC-10003038,60,108,Standard Class,44.75,5,0.0,8.5
2197,CA-2016-136483,AG-10390,OFF-AR-10000940,366,50,Standard Class,4.7,2,0.2,0.41
2198,CA-2014-163013,BF-11080,OFF-AR-10001954,154,684,Standard Class,14.67,3,0.0,3.96
2199,CA-2015-135363,CK-12205,OFF-PA-10003177,75,263,Standard Class,15.55,3,0.2,5.44
2200,CA-2015-135363,CK-12205,OFF-PA-10000533,75,263,Standard Class,5.23,1,0.2,1.7
2201,US-2014-165659,LT-17110,FUR-FU-10001935,367,107,Standard Class,22.2,6,0.0,9.1
2202,US-2014-165659,LT-17110,TEC-PH-10002563,367,107,Standard Class,881.93,7,0.0,229.3
2203,CA-2015-138002,BT-11305,OFF-BI-10002160,6,685,Standard Class,6.1,2,0.2,2.13
2204,CA-2015-138002,BT-11305,FUR-FU-10004748,6,685,Standard Class,191.82,3,0.0,74.81
2205,CA-2015-128860,SC-20725,FUR-FU-10001473,208,686,Standard Class,20.1,1,0.2,1.76
2206,CA-2016-164350,CG-12040,OFF-AR-10000538,49,546,Second Class,67.56,3,0.2,8.44
2207,US-2014-103905,AW-10930,OFF-BI-10001098,174,687,Standard Class,29.93,7,0.8,-46.39
2208,US-2014-103905,AW-10930,TEC-PH-10001552,174,687,Standard Class,38.27,4,0.2,3.83
2209,CA-2015-129854,RB-19705,OFF-AR-10000390,30,422,Standard Class,16.52,4,0.0,7.6
2210,CA-2014-125556,ML-17410,TEC-PH-10001079,70,688,Second Class,832.93,7,0.0,233.22
2211,CA-2014-125556,ML-17410,OFF-BI-10003460,70,688,Second Class,43.8,10,0.0,21.02
2212,CA-2016-162313,VB-21745,OFF-AP-10003842,368,582,First Class,167.29,6,0.1,29.74
2213,CA-2017-107874,SW-20275,FUR-FU-10003535,46,611,Standard Class,27.42,1,0.0,11.24
2214,CA-2017-129378,NS-18505,OFF-BI-10002012,59,173,First Class,1.44,1,0.2,0.5
2215,CA-2017-129378,NS-18505,OFF-BI-10001922,59,173,First Class,61.78,13,0.2,20.85
2216,CA-2017-129378,NS-18505,OFF-AP-10000576,59,173,First Class,241.96,2,0.0,60.49
2217,CA-2017-129378,NS-18505,FUR-CH-10000553,59,173,First Class,108.61,4,0.2,9.5
2218,CA-2014-151953,DB-13555,OFF-AR-10003469,134,60,Standard Class,2.82,2,0.2,0.99
2219,CA-2017-130841,MH-17620,OFF-BI-10000145,95,689,Standard Class,9.98,4,0.2,3.62
2220,CA-2017-130841,MH-17620,OFF-ST-10001580,95,689,Standard Class,14.98,1,0.0,4.19
2221,CA-2017-130841,MH-17620,TEC-PH-10001817,95,689,Standard Class,1145.6,4,0.2,100.24
2222,CA-2015-131884,DK-13375,TEC-PH-10001578,369,402,Same Day,485.94,2,0.4,-89.09
2223,CA-2015-131884,DK-13375,OFF-AR-10004078,369,402,Same Day,37.38,8,0.2,4.67
2224,CA-2015-131884,DK-13375,FUR-CH-10004860,369,402,Same Day,70.69,1,0.3,-24.24
2225,CA-2017-121909,EA-14035,OFF-PA-10003790,64,690,Standard Class,54.82,3,0.2,17.82
2226,CA-2016-106383,BT-11440,FUR-BO-10002202,370,691,Second Class,72.29,1,0.7,-98.8
2227,CA-2017-130771,LA-16780,OFF-FA-10003059,111,571,Standard Class,2.9,2,0.2,0.47
2228,CA-2017-130771,LA-16780,TEC-PH-10002496,111,571,Standard Class,124.79,1,0.2,15.6
2229,CA-2016-139157,GM-14680,FUR-TA-10003238,24,394,Standard Class,330.59,1,0.4,-115.71
2230,CA-2014-128055,AA-10315,OFF-BI-10004390,35,692,Standard Class,673.57,2,0.2,252.59
2231,CA-2014-128055,AA-10315,OFF-AP-10002765,35,692,Standard Class,52.98,2,0.0,14.83
2232,CA-2017-157091,DB-13405,FUR-FU-10000293,242,336,Standard Class,526.45,5,0.0,31.59
2233,CA-2017-132122,JH-15820,OFF-ST-10003692,27,363,Standard Class,228.92,5,0.2,14.31
2234,CA-2015-123232,DJ-13630,TEC-PH-10001051,41,640,Second Class,319.97,4,0.2,36.0
2235,CA-2017-104066,QJ-19255,TEC-AC-10001013,371,257,Standard Class,205.03,7,0.0,67.66
2236,CA-2015-145849,CT-11995,OFF-ST-10000025,305,427,Second Class,190.86,2,0.0,11.45
2237,CA-2015-145849,CT-11995,OFF-AR-10000817,305,427,Second Class,24.32,8,0.0,8.27
2238,CA-2016-122322,RH-19510,OFF-SU-10000952,268,693,Standard Class,44.4,5,0.0,12.43
2239,CA-2017-166849,SJ-20125,FUR-FU-10004597,27,694,Standard Class,44.4,2,0.6,-52.17
2240,CA-2016-146633,TG-21310,OFF-BI-10003527,14,626,Second Class,1016.79,1,0.2,381.3
2241,CA-2016-146633,TG-21310,OFF-BI-10002982,14,626,Second Class,38.14,7,0.2,13.35
2242,US-2016-126893,CT-11995,TEC-PH-10004165,64,492,Standard Class,494.98,3,0.4,-115.5
2243,CA-2017-103380,BF-11005,OFF-ST-10003442,55,611,Standard Class,56.56,2,0.0,15.27
2244,CA-2017-103380,BF-11005,OFF-AR-10003856,55,611,Standard Class,5.56,2,0.0,1.45
2245,CA-2017-103380,BF-11005,OFF-FA-10004248,55,611,Standard Class,9.02,2,0.0,3.52
2246,CA-2017-103380,BF-11005,OFF-AP-10001492,55,611,Standard Class,8.62,1,0.0,2.24
2247,CA-2017-103380,BF-11005,TEC-PH-10004165,55,611,Standard Class,659.98,3,0.2,49.5
2248,CA-2015-116092,JM-16195,OFF-PA-10004285,26,587,Second Class,13.36,2,0.0,6.41
2249,CA-2015-116092,JM-16195,OFF-BI-10001628,26,587,Second Class,41.72,5,0.2,13.04
2250,CA-2015-116092,JM-16195,OFF-BI-10000546,26,587,Second Class,11.52,5,0.2,4.18
2251,CA-2015-116092,JM-16195,OFF-AP-10001391,26,587,Second Class,541.44,6,0.0,157.02
2252,CA-2015-116092,JM-16195,OFF-PA-10000477,26,587,Second Class,19.44,3,0.0,9.33
2253,CA-2016-117849,JK-16120,OFF-PA-10004327,189,174,Second Class,143.7,3,0.0,68.98
2254,CA-2015-169201,HG-14965,OFF-AP-10000696,95,695,First Class,43.26,3,0.0,14.28
2255,CA-2015-169201,HG-14965,OFF-AP-10002082,95,695,First Class,43.56,2,0.0,15.25
2256,CA-2016-164091,LA-16780,TEC-PH-10001944,372,43,Standard Class,437.85,3,0.0,131.35
2257,CA-2016-164091,LA-16780,FUR-FU-10004952,372,43,Standard Class,109.48,2,0.0,33.94
2258,CA-2017-105214,TS-21610,FUR-CH-10000015,35,115,First Class,1212.96,7,0.2,90.97
2259,CA-2017-105214,TS-21610,OFF-PA-10001776,35,115,First Class,18.54,2,0.0,8.71
2260,CA-2015-117611,MZ-17335,OFF-FA-10002280,143,628,Second Class,5.0,1,0.0,2.4
2261,CA-2015-117611,MZ-17335,TEC-AC-10002049,143,628,Second Class,371.97,3,0.0,66.95
2262,US-2015-137960,MW-18220,TEC-AC-10002253,46,218,Same Day,166.24,1,0.0,24.94
2263,CA-2017-122994,MV-17485,FUR-BO-10004015,102,696,First Class,359.97,3,0.0,79.19
2264,CA-2016-131065,AA-10375,TEC-AC-10004145,149,697,Second Class,499.98,2,0.0,115.0
2265,CA-2016-131065,AA-10375,OFF-PA-10002479,149,697,Second Class,5.28,1,0.0,2.38
2266,CA-2016-131065,AA-10375,OFF-BI-10004970,149,697,Second Class,8.26,2,0.0,3.88
2267,CA-2017-149146,SM-20320,OFF-PA-10003919,234,387,Same Day,7.97,2,0.2,2.69
2268,CA-2017-137470,TP-21415,OFF-PA-10002001,61,698,Same Day,12.96,2,0.0,6.35
2269,CA-2017-105480,DK-13225,OFF-PA-10002787,145,699,Standard Class,6.48,1,0.0,3.11
2270,CA-2017-105480,DK-13225,OFF-BI-10003291,145,699,Standard Class,6.98,1,0.2,2.36
2271,CA-2017-164917,MK-17905,OFF-AR-10004344,124,575,Standard Class,47.96,5,0.2,4.2
2272,CA-2015-102036,CS-12130,OFF-ST-10003123,60,482,Standard Class,199.74,6,0.0,47.94
2273,CA-2015-142944,JL-15850,FUR-FU-10000308,35,700,Standard Class,435.26,7,0.0,95.76
2274,CA-2015-142944,JL-15850,TEC-CO-10003763,35,700,Standard Class,1119.98,2,0.2,377.99
2275,CA-2014-157882,AR-10405,FUR-TA-10001866,2,463,Second Class,143.43,1,0.2,3.59
2276,CA-2014-157882,AR-10405,FUR-CH-10002774,2,463,Second Class,122.35,3,0.2,13.76
2277,CA-2014-104283,LM-17065,OFF-ST-10004337,373,701,Standard Class,306.2,5,0.0,0.0
2278,CA-2014-104283,LM-17065,FUR-TA-10001039,373,701,Standard Class,85.98,1,0.0,22.35
2279,CA-2014-104283,LM-17065,TEC-AC-10000109,373,701,Standard Class,223.96,4,0.0,53.75
2280,CA-2017-142622,JK-15625,FUR-CH-10003833,61,506,First Class,97.57,2,0.2,-6.1
2281,CA-2017-142622,JK-15625,FUR-CH-10004289,61,506,First Class,614.27,8,0.2,-23.04
2282,CA-2017-142622,JK-15625,FUR-BO-10004467,61,506,First Class,199.98,2,0.0,38.0
2283,CA-2016-132143,FM-14215,OFF-PA-10002713,265,324,First Class,48.16,7,0.0,22.15
2284,CA-2015-153108,SF-20200,TEC-PH-10001552,374,617,Standard Class,23.92,2,0.0,6.7
2285,CA-2015-153108,SF-20200,OFF-AP-10002222,374,617,Standard Class,60.69,7,0.0,16.39
2286,CA-2016-112676,PJ-18835,OFF-PA-10003971,109,466,First Class,14.35,3,0.2,5.2
2287,CA-2017-165687,CS-12355,OFF-AP-10004036,271,702,Standard Class,35.04,2,0.0,12.26
2288,US-2017-112928,BB-10990,OFF-AP-10002287,214,703,Second Class,17.48,5,0.2,1.31
2289,CA-2017-143343,BW-11200,OFF-AR-10002375,4,194,First Class,16.4,5,0.0,4.76
2290,CA-2017-115154,RS-19420,FUR-TA-10001950,61,704,First Class,892.98,2,0.0,80.37
2291,CA-2015-149342,TS-21160,TEC-PH-10001557,113,705,Standard Class,287.97,3,0.0,77.75
2292,CA-2015-149342,TS-21160,FUR-FU-10002937,113,705,Standard Class,595.38,6,0.0,297.69
2293,CA-2015-149342,TS-21160,OFF-PA-10001166,113,705,Standard Class,12.96,2,0.0,6.22
2294,CA-2015-130995,QJ-19255,TEC-PH-10000347,30,550,Standard Class,4.95,1,0.0,1.34
2295,CA-2017-127929,FM-14215,FUR-FU-10003708,265,332,Standard Class,181.95,3,0.0,38.21
2296,CA-2015-113145,VD-21670,OFF-PA-10002659,165,550,Standard Class,13.52,4,0.0,6.22
2297,CA-2015-113145,VD-21670,FUR-FU-10000965,165,550,Standard Class,259.7,5,0.0,106.48
2298,CA-2015-113145,VD-21670,TEC-PH-10001527,165,550,Standard Class,42.95,1,0.0,1.29
2299,CA-2015-113145,VD-21670,TEC-AC-10001838,165,550,Standard Class,1399.93,7,0.0,601.97
2300,CA-2015-113145,VD-21670,TEC-PH-10002597,165,550,Standard Class,503.96,4,0.0,125.99
2301,CA-2014-162362,JL-15505,OFF-BI-10000756,375,688,Standard Class,12.72,3,0.0,6.36
2302,CA-2014-162362,JL-15505,OFF-BI-10000546,375,688,Standard Class,11.52,4,0.0,5.64
2303,CA-2016-106558,DL-13495,TEC-AC-10001142,113,328,Standard Class,316.0,4,0.0,31.6
2304,CA-2017-157931,MO-17800,FUR-CH-10000785,237,698,Second Class,723.92,4,0.0,188.22
2305,CA-2017-157931,MO-17800,OFF-PA-10000474,237,698,Second Class,106.32,3,0.0,49.97
2306,CA-2016-115574,BP-11185,FUR-BO-10003441,37,444,First Class,141.37,2,0.3,-14.14
2307,CA-2015-160794,MS-17980,OFF-PA-10004156,17,706,First Class,27.22,3,0.2,9.87
2308,CA-2017-116225,SV-20935,TEC-AC-10001432,30,61,Standard Class,390.75,5,0.0,171.93
2309,US-2017-120418,BC-11125,FUR-CH-10001394,346,533,First Class,280.79,1,0.2,35.1
2310,US-2017-120418,BC-11125,OFF-ST-10002370,346,533,First Class,68.45,4,0.2,7.7
2311,US-2017-120418,BC-11125,OFF-AR-10002956,346,533,First Class,88.04,5,0.2,6.6
2312,US-2017-120418,BC-11125,OFF-AR-10001955,346,533,First Class,15.87,1,0.2,1.98
2313,US-2017-120418,BC-11125,OFF-ST-10001809,346,533,First Class,215.59,3,0.2,-48.51
2314,CA-2017-122035,EM-13825,OFF-LA-10004093,376,229,Standard Class,14.62,2,0.0,6.87
2315,CA-2017-122035,EM-13825,OFF-AP-10002118,376,229,Standard Class,416.32,2,0.0,112.41
2316,CA-2017-122035,EM-13825,OFF-BI-10000404,376,229,Standard Class,43.0,5,0.0,20.21
2317,CA-2017-122035,EM-13825,FUR-CH-10003833,376,229,Standard Class,182.94,3,0.0,27.44
2318,CA-2017-122035,EM-13825,OFF-BI-10002072,376,229,Standard Class,60.83,7,0.0,30.42
2319,CA-2017-122035,EM-13825,TEC-AC-10003095,376,229,Standard Class,389.97,3,0.0,132.59
2320,CA-2015-117828,BD-11500,OFF-AP-10001563,196,707,First Class,194.32,4,0.0,56.35
2321,CA-2017-165491,HW-14935,TEC-AC-10000358,61,178,Standard Class,265.93,7,0.0,63.82
2322,CA-2015-109470,KC-16255,OFF-BI-10004492,1,621,Second Class,94.74,3,0.0,44.53
2323,CA-2015-109470,KC-16255,OFF-BI-10001072,1,621,Second Class,60.64,4,0.0,27.89
2324,CA-2015-109470,KC-16255,OFF-BI-10003707,1,621,Second Class,76.3,5,0.0,38.15
2325,CA-2015-109470,KC-16255,OFF-BI-10000977,1,621,Second Class,364.8,12,0.0,167.81
2326,CA-2015-105102,BM-11575,OFF-BI-10002082,46,427,Second Class,79.87,3,0.2,29.95
2327,CA-2015-105102,BM-11575,FUR-BO-10004709,46,427,Second Class,46.38,1,0.2,1.16
2328,CA-2015-105102,BM-11575,OFF-PA-10002365,46,427,Second Class,12.96,2,0.0,6.22
2329,CA-2017-138422,KN-16705,OFF-EN-10004147,377,398,First Class,14.35,3,0.2,5.2
2330,US-2015-147739,JD-16150,FUR-FU-10001468,12,708,Standard Class,547.14,4,0.2,-68.39
2331,CA-2016-155187,LA-16780,OFF-ST-10000642,26,447,Second Class,41.96,2,0.0,2.94
2332,CA-2016-155187,LA-16780,OFF-PA-10000380,26,447,Second Class,41.7,5,0.0,20.85
2333,CA-2017-169285,RW-19690,OFF-PA-10004071,378,709,Standard Class,277.4,5,0.0,133.15
2334,CA-2017-169285,RW-19690,OFF-PA-10004971,378,709,Standard Class,5.78,1,0.0,2.83
2335,CA-2014-140886,KW-16570,OFF-AP-10000696,379,588,Standard Class,69.22,6,0.2,11.25
2336,CA-2017-152695,CC-12220,OFF-EN-10004030,70,390,Same Day,10.86,3,0.0,5.1
2337,CA-2017-152695,CC-12220,OFF-AP-10000026,70,390,Same Day,426.79,7,0.0,123.77
2338,CA-2014-110639,RH-19495,OFF-PA-10003936,30,710,Same Day,25.92,4,0.0,12.44
2339,CA-2014-110639,RH-19495,OFF-PA-10004530,30,710,Same Day,45.92,4,0.0,22.5
2340,CA-2014-121727,JK-15625,OFF-AR-10004930,48,711,Standard Class,10.72,2,0.2,1.74
2341,CA-2016-137736,DC-13285,OFF-AR-10004999,167,339,Standard Class,41.86,7,0.0,10.46
2342,US-2014-143231,GM-14455,FUR-FU-10002501,118,521,First Class,63.2,5,0.0,23.38
2343,US-2014-143231,GM-14455,TEC-AC-10000358,118,521,First Class,113.97,3,0.0,27.35
2344,US-2014-155894,CL-11890,OFF-ST-10004804,37,712,Second Class,123.55,3,0.2,-29.34
2345,CA-2016-119025,PV-18985,OFF-AP-10001205,202,713,Standard Class,490.32,9,0.0,137.29
2346,CA-2016-159373,LT-17110,OFF-PA-10000659,66,70,Standard Class,70.08,5,0.2,24.53
2347,CA-2016-159373,LT-17110,OFF-BI-10004141,66,70,Standard Class,1.27,2,0.8,-2.16
2348,CA-2016-159373,LT-17110,FUR-TA-10004619,66,70,Standard Class,557.58,5,0.3,0.0
2349,CA-2017-109701,AM-10360,OFF-BI-10004187,4,575,Same Day,9.02,6,0.2,3.16
2350,CA-2017-109701,AM-10360,OFF-BI-10000632,4,575,Same Day,69.46,2,0.2,22.57
2351,CA-2017-109701,AM-10360,OFF-PA-10003724,4,575,Same Day,10.86,2,0.0,5.32
2352,CA-2017-109701,AM-10360,OFF-AP-10002765,4,575,Same Day,79.47,3,0.0,22.25
2353,CA-2017-109701,AM-10360,OFF-AR-10001868,4,575,Same Day,10.08,6,0.0,5.04
2354,CA-2015-111514,SC-20260,FUR-BO-10002545,35,285,First Class,1552.83,7,0.15,200.95
2355,CA-2015-111514,SC-20260,OFF-BI-10002735,35,285,First Class,137.24,5,0.2,46.32
2356,CA-2015-111514,SC-20260,TEC-AC-10004864,35,285,First Class,36.51,1,0.0,15.7
2357,CA-2015-111514,SC-20260,TEC-MA-10000597,35,285,First Class,239.98,3,0.2,80.99
2358,US-2014-148838,CP-12340,FUR-TA-10003473,24,462,Standard Class,1579.75,7,0.4,-447.59
2359,US-2014-148838,CP-12340,FUR-TA-10001950,24,462,Standard Class,1071.58,4,0.4,-553.65
2360,US-2014-148838,CP-12340,FUR-TA-10004175,24,462,Standard Class,613.91,3,0.4,-122.78
2361,US-2014-148838,CP-12340,OFF-PA-10002960,24,462,Standard Class,34.86,7,0.0,16.38
2362,US-2014-148838,CP-12340,OFF-PA-10000919,24,462,Standard Class,155.04,4,0.0,75.97
2363,CA-2017-136497,RF-19840,OFF-BI-10001553,48,514,Standard Class,13.71,5,0.7,-10.05
2364,US-2016-108637,AB-10060,FUR-FU-10004864,181,70,Standard Class,127.88,2,0.0,40.92
2365,US-2016-108637,AB-10060,OFF-AP-10004540,181,70,Standard Class,160.32,2,0.0,44.89
2366,US-2016-108637,AB-10060,OFF-BI-10004965,181,70,Standard Class,46.0,4,0.0,20.7
2367,CA-2014-102295,EH-13990,FUR-CH-10001714,380,157,Second Class,120.71,1,0.2,-18.11
2368,CA-2017-123659,MN-17935,OFF-PA-10002464,235,517,First Class,23.12,4,0.0,11.33
2369,US-2016-129469,KL-16555,FUR-FU-10002298,324,714,Standard Class,532.7,6,0.2,-26.64
2370,US-2016-129469,KL-16555,OFF-AR-10000315,324,714,Standard Class,4.91,2,0.2,0.31
2371,CA-2017-155152,MP-17965,TEC-AC-10004353,123,438,Second Class,252.0,4,0.0,93.24
2372,CA-2016-159940,BF-11020,FUR-FU-10004973,174,275,Second Class,60.29,8,0.6,-27.13
2373,CA-2016-159940,BF-11020,OFF-FA-10000936,174,275,Second Class,2.63,1,0.2,0.82
2374,CA-2016-159940,BF-11020,OFF-PA-10001609,174,275,Second Class,23.69,9,0.2,7.7
2375,CA-2016-159940,BF-11020,FUR-CH-10000785,174,275,Second Class,253.37,2,0.3,-14.48
2376,CA-2017-119669,TP-21130,OFF-FA-10000053,270,715,Standard Class,5.67,3,0.0,0.11
2377,US-2014-164616,MS-17770,OFF-BI-10001718,48,711,Second Class,76.78,4,0.7,-58.86
2378,US-2014-164616,MS-17770,OFF-SU-10004768,48,711,Second Class,9.18,2,0.2,1.15
2379,CA-2015-148628,KM-16375,OFF-PA-10003883,381,402,Standard Class,32.75,5,0.0,15.06
2380,CA-2016-118052,BE-11455,OFF-FA-10004248,204,716,Standard Class,7.22,2,0.2,1.71
2381,CA-2016-118052,BE-11455,OFF-PA-10002581,204,716,Standard Class,49.57,2,0.2,15.49
2382,CA-2016-118052,BE-11455,FUR-FU-10004848,204,716,Standard Class,54.71,7,0.2,11.63
2383,US-2017-117534,CV-12295,OFF-AP-10002403,254,614,First Class,176.04,4,0.0,45.77
2384,US-2017-117534,CV-12295,OFF-AR-10003087,254,614,First Class,16.02,9,0.0,4.49
2385,US-2017-117534,CV-12295,OFF-BI-10002026,254,614,First Class,185.92,4,0.2,62.75
2386,US-2017-117534,CV-12295,TEC-PH-10000141,254,614,First Class,211.17,4,0.2,15.84
2387,US-2017-117534,CV-12295,TEC-CO-10000971,254,614,First Class,479.98,2,0.2,60.0
2388,CA-2015-145065,DK-13375,OFF-FA-10001229,189,296,First Class,7.86,2,0.0,3.62
2389,CA-2015-145065,DK-13375,OFF-BI-10002437,189,296,First Class,24.45,2,0.2,8.86
2390,US-2015-127040,SG-20605,OFF-PA-10004255,30,402,Standard Class,6.48,1,0.0,3.11
2391,US-2015-127040,SG-20605,OFF-PA-10001184,30,402,Standard Class,41.86,7,0.0,20.51
2392,US-2015-127040,SG-20605,TEC-AC-10002637,30,402,Standard Class,1619.91,9,0.0,97.19
2393,US-2015-127040,SG-20605,FUR-FU-10002878,30,402,Standard Class,113.92,4,0.0,42.15
2394,CA-2016-128111,CS-12355,OFF-AR-10000588,382,717,Standard Class,39.68,2,0.0,10.32
2395,CA-2015-137897,PJ-18835,TEC-AC-10002217,46,718,Standard Class,37.6,2,0.0,2.26
2396,CA-2015-137897,PJ-18835,TEC-AC-10001267,46,718,Standard Class,59.9,2,0.0,23.96
2397,CA-2015-137897,PJ-18835,OFF-PA-10004041,46,718,Standard Class,37.0,5,0.0,16.65
2398,CA-2017-169264,NP-18700,OFF-LA-10001613,10,719,Second Class,5.76,2,0.0,2.82
2399,CA-2017-169264,NP-18700,OFF-AR-10000246,10,719,Second Class,16.68,6,0.0,4.34
2400,CA-2017-147361,SB-20290,OFF-ST-10001809,330,429,Standard Class,628.81,7,0.0,12.58
2401,CA-2017-147361,SB-20290,OFF-ST-10002214,330,429,Standard Class,56.45,5,0.0,14.68
2402,CA-2017-145877,AS-10090,OFF-ST-10000649,335,720,Second Class,94.2,6,0.0,23.55
2403,CA-2017-145877,AS-10090,OFF-EN-10001990,335,720,Second Class,28.4,5,0.0,13.35
2404,US-2016-110170,HM-14860,FUR-BO-10000780,144,721,Standard Class,956.66,7,0.32,-225.1
2405,CA-2017-108574,MG-18145,TEC-AC-10002049,63,567,Standard Class,1115.91,9,0.0,200.86
2406,CA-2017-108574,MG-18145,TEC-PH-10003555,63,567,Standard Class,128.74,7,0.2,-28.97
2407,CA-2017-108574,MG-18145,TEC-PH-10000702,63,567,Standard Class,79.92,10,0.2,26.97
2408,CA-2017-144589,TM-21010,OFF-AR-10003631,35,177,Standard Class,24.2,5,0.0,7.99
2409,CA-2017-144589,TM-21010,TEC-PH-10003072,35,177,Standard Class,359.98,3,0.2,130.49
2410,CA-2017-155985,BE-11335,FUR-FU-10000758,35,722,First Class,211.84,8,0.0,76.26
2411,CA-2014-162684,AS-10630,OFF-FA-10000992,75,602,Standard Class,5.68,2,0.2,1.92
2412,CA-2015-142041,EM-13810,OFF-BI-10004187,2,723,Second Class,7.52,5,0.2,2.63
2413,CA-2014-151295,JA-15970,OFF-PA-10001947,63,608,Standard Class,11.96,2,0.0,5.86
2414,CA-2014-151295,JA-15970,FUR-TA-10002356,63,608,Standard Class,629.06,3,0.2,31.45
2415,CA-2016-156300,TB-21595,FUR-CH-10001714,202,724,Standard Class,754.45,5,0.0,60.36
2416,CA-2015-146087,PP-18955,FUR-BO-10002824,383,381,Standard Class,301.96,2,0.0,60.39
2417,CA-2017-168655,ML-18040,TEC-AC-10002842,384,387,Standard Class,595.0,5,0.0,95.2
2418,CA-2017-168655,ML-18040,OFF-BI-10002082,384,387,Standard Class,79.87,3,0.2,29.95
2419,CA-2016-107202,LC-16930,TEC-MA-10000112,385,207,Standard Class,2396.4,10,0.2,179.73
2420,CA-2017-159597,MC-17590,OFF-ST-10002289,386,46,Standard Class,63.56,2,0.0,3.18
2421,CA-2017-159597,MC-17590,TEC-AC-10004171,386,46,Standard Class,99.99,1,0.0,44.0
2422,CA-2016-155551,CR-12580,OFF-ST-10003656,387,725,Standard Class,230.38,3,0.2,-48.95
2423,CA-2016-155551,CR-12580,OFF-PA-10001560,387,725,Standard Class,9.66,2,0.2,3.26
2424,US-2017-147669,SV-20935,TEC-AC-10002473,324,54,Standard Class,158.93,7,0.2,41.72
2425,US-2017-147669,SV-20935,OFF-BI-10000632,324,54,Standard Class,13.02,1,0.7,-10.42
2426,US-2017-147669,SV-20935,FUR-TA-10002645,324,54,Standard Class,273.06,2,0.4,-104.67
2427,US-2017-147669,SV-20935,OFF-FA-10002975,324,54,Standard Class,39.31,13,0.2,12.78
2428,CA-2016-169922,MZ-17515,OFF-BI-10003784,175,726,Standard Class,1.34,4,0.8,-2.15
2429,CA-2016-169922,MZ-17515,OFF-BI-10001617,175,726,Standard Class,8.27,4,0.8,-13.65
2430,CA-2016-169922,MZ-17515,FUR-FU-10004415,175,726,Standard Class,12.54,7,0.6,-9.09
2431,CA-2017-100748,RB-19795,OFF-LA-10000240,95,727,Standard Class,58.48,8,0.0,27.49
2432,CA-2017-129805,HM-14860,FUR-FU-10001935,6,117,Standard Class,7.4,2,0.0,3.03
2433,CA-2014-148586,AZ-10750,FUR-CH-10002439,30,728,Standard Class,366.79,7,0.1,65.21
2434,US-2017-112613,JH-15910,TEC-PH-10001536,33,40,Standard Class,54.37,4,0.2,4.08
2435,CA-2015-154746,PJ-18835,OFF-EN-10001532,29,718,First Class,33.96,2,0.0,16.98
2436,CA-2015-154746,PJ-18835,OFF-AP-10003057,29,718,First Class,826.11,3,0.0,322.18
2437,CA-2017-140053,CA-12265,FUR-FU-10003708,215,446,Standard Class,545.85,9,0.0,114.63
2438,CA-2014-164210,PW-19240,FUR-TA-10000849,128,729,Second Class,145.98,2,0.5,-99.27
2439,CA-2014-164210,PW-19240,OFF-PA-10002259,128,729,Second Class,35.81,4,0.2,12.53
2440,CA-2017-139948,SW-20455,FUR-FU-10002597,86,730,Standard Class,7.9,2,0.2,2.17
2441,CA-2016-146934,AF-10870,TEC-PH-10004614,388,731,Standard Class,345.0,5,0.0,86.25
2442,CA-2016-146934,AF-10870,FUR-TA-10003748,388,731,Standard Class,174.29,2,0.3,-19.92
2443,CA-2016-146934,AF-10870,OFF-AP-10003217,388,731,Standard Class,662.84,4,0.0,172.34
2444,CA-2016-146934,AF-10870,TEC-AC-10002399,388,731,Standard Class,95.1,5,0.0,30.43
2445,CA-2016-146934,AF-10870,OFF-EN-10002973,388,731,Standard Class,26.88,6,0.0,12.9
2446,CA-2016-146934,AF-10870,TEC-PH-10001336,388,731,Standard Class,257.98,2,0.0,74.81
2447,CA-2015-100573,AM-10705,OFF-EN-10000461,26,13,Standard Class,17.48,2,0.0,8.22
2448,CA-2016-119165,BD-11320,FUR-CH-10000988,106,732,Standard Class,492.84,5,0.3,-14.08
2449,CA-2015-128027,CM-12385,OFF-ST-10001809,389,472,Second Class,269.49,3,0.0,5.39
2450,CA-2016-140207,CS-12400,OFF-BI-10003963,59,733,Standard Class,29.12,5,0.2,9.83
2451,CA-2017-140949,DB-13405,OFF-LA-10000081,165,295,Second Class,18.75,5,0.0,9.0
2452,CA-2017-140949,DB-13405,TEC-PH-10000149,165,295,Second Class,119.7,6,0.0,31.12
2453,CA-2017-140949,DB-13405,OFF-BI-10000605,165,295,Second Class,9.14,3,0.2,3.09
2454,CA-2017-140949,DB-13405,TEC-AC-10002399,165,295,Second Class,57.06,3,0.0,18.26
2455,CA-2017-140949,DB-13405,TEC-AC-10003038,165,295,Second Class,71.6,8,0.0,13.6
2456,CA-2017-140949,DB-13405,OFF-ST-10000344,165,295,Second Class,107.44,8,0.0,27.93
2457,CA-2017-140949,DB-13405,OFF-LA-10004093,165,295,Second Class,7.31,1,0.0,3.44
2458,CA-2017-140949,DB-13405,OFF-AR-10001683,165,295,Second Class,59.1,6,0.0,22.46
2459,CA-2017-140949,DB-13405,OFF-ST-10003455,165,295,Second Class,46.53,3,0.0,12.1
2460,CA-2017-138548,JG-15160,OFF-AP-10002578,171,734,Standard Class,97.84,2,0.0,25.44
2461,CA-2015-142419,SC-20380,OFF-PA-10001763,61,656,Second Class,29.97,3,0.0,13.49
2462,CA-2015-142419,SC-20380,OFF-BI-10001597,61,656,Second Class,98.35,3,0.2,34.42
2463,CA-2017-148691,CS-12460,OFF-BI-10001524,30,735,Standard Class,83.92,5,0.2,29.37
2464,CA-2017-148691,CS-12460,OFF-BI-10001553,30,735,Standard Class,14.62,2,0.2,5.12
2465,CA-2017-148691,CS-12460,TEC-PH-10000576,30,735,Standard Class,136.99,1,0.0,36.99
2466,CA-2017-148691,CS-12460,OFF-LA-10001317,30,735,Standard Class,3.15,1,0.0,1.51
2467,CA-2017-128755,MK-18160,OFF-PA-10000726,390,465,Standard Class,9.11,1,0.0,4.1
2468,CA-2017-128755,MK-18160,OFF-ST-10003306,390,465,Standard Class,571.44,4,0.0,165.72
2469,CA-2017-128755,MK-18160,OFF-PA-10004983,390,465,Standard Class,32.4,5,0.0,15.55
2470,CA-2017-128755,MK-18160,OFF-ST-10001291,390,465,Standard Class,16.91,1,0.0,4.57
2471,US-2016-135923,CM-11935,FUR-FU-10002107,307,116,Standard Class,14.27,8,0.2,4.28
2472,US-2016-135923,CM-11935,FUR-BO-10002213,307,116,Standard Class,451.14,4,0.2,-67.67
2473,US-2016-135923,CM-11935,OFF-AP-10000692,307,116,Standard Class,64.86,4,0.2,6.49
2474,CA-2016-114972,PF-19225,FUR-CH-10001190,4,55,First Class,217.58,2,0.2,-29.92
2475,CA-2016-114972,PF-19225,TEC-AC-10000682,4,55,First Class,82.95,5,0.0,29.03
2476,CA-2016-114972,PF-19225,OFF-LA-10004545,4,55,First Class,87.71,7,0.0,41.22
2477,CA-2016-114972,PF-19225,OFF-AP-10003057,4,55,First Class,1101.48,4,0.0,429.58
2478,CA-2017-102750,GM-14695,FUR-TA-10000198,2,508,Second Class,1322.35,3,0.2,-99.18
2479,CA-2014-145212,DC-12850,OFF-AR-10002833,165,104,Standard Class,5.46,3,0.0,1.47
2480,CA-2017-141992,FO-14305,OFF-SU-10002557,78,250,Standard Class,11.18,1,0.2,0.84
2481,CA-2017-141992,FO-14305,OFF-ST-10003656,78,250,Standard Class,153.58,2,0.2,-32.64
2482,CA-2017-147956,AH-10210,OFF-ST-10001097,60,166,Standard Class,1003.62,6,0.0,0.0
2483,CA-2017-126067,KN-16705,TEC-PH-10000912,60,736,Standard Class,35.17,4,0.2,11.43
2484,CA-2017-126067,KN-16705,FUR-TA-10000617,60,736,Standard Class,1137.75,5,0.0,250.3
2485,CA-2017-126067,KN-16705,OFF-BI-10001658,60,736,Standard Class,99.68,5,0.2,32.4
2486,CA-2017-126067,KN-16705,OFF-AR-10003856,60,736,Standard Class,5.56,2,0.0,1.45
2487,CA-2015-104514,CB-12535,OFF-ST-10001837,286,99,Second Class,85.52,2,0.0,22.24
2488,CA-2015-104514,CB-12535,OFF-AR-10001473,286,99,Second Class,9.84,3,0.0,2.66
2489,CA-2015-104514,CB-12535,OFF-PA-10004285,286,99,Second Class,20.04,3,0.0,9.62
2490,CA-2015-141040,TB-21250,TEC-PH-10001835,24,331,Second Class,631.96,4,0.0,303.34
2491,CA-2015-141040,TB-21250,OFF-PA-10002245,24,331,Second Class,23.92,4,0.0,10.76
2492,CA-2014-113579,KD-16345,OFF-PA-10001457,14,737,Second Class,90.24,6,0.0,41.51
2493,CA-2014-144624,JM-15865,TEC-PH-10002885,391,85,Standard Class,4548.81,7,0.0,1228.18
2494,CA-2016-146206,KT-16480,FUR-TA-10004086,15,546,Second Class,300.93,5,0.3,-34.39
2495,CA-2016-146206,KT-16480,TEC-PH-10000895,15,546,Second Class,719.96,5,0.2,54.0
2496,CA-2014-136644,SC-20575,FUR-CH-10000225,392,738,Standard Class,647.84,8,0.0,32.39
2497,CA-2015-122371,BS-11800,OFF-ST-10002370,89,121,Standard Class,64.17,3,0.0,18.61
2498,CA-2015-122371,BS-11800,OFF-EN-10000056,89,121,Standard Class,124.46,2,0.0,58.5
2499,CA-2016-126935,BT-11395,OFF-BI-10004817,10,289,Standard Class,9.58,1,0.2,3.35
2500,US-2017-133781,DC-12850,OFF-EN-10004483,329,739,First Class,37.61,3,0.2,12.69
2501,CA-2017-131618,LS-17200,OFF-PA-10001892,302,47,First Class,12.22,2,0.2,4.43
2502,CA-2017-131618,LS-17200,OFF-BI-10000546,302,47,First Class,2.3,4,0.8,-3.57
2503,CA-2017-131618,LS-17200,OFF-BI-10001294,302,47,First Class,9.36,4,0.8,-16.38
2504,CA-2016-149482,RR-19315,OFF-LA-10000248,95,697,Standard Class,7.38,2,0.0,3.47
2505,CA-2014-143917,KL-16645,OFF-ST-10001228,35,740,Second Class,53.72,4,0.0,15.04
2506,CA-2014-143917,KL-16645,OFF-SU-10000151,35,740,Second Class,8187.65,5,0.0,327.51
2507,CA-2014-143917,KL-16645,FUR-FU-10004351,35,740,Second Class,77.92,8,0.0,34.28
2508,CA-2015-120397,RB-19435,OFF-AP-10001293,33,741,Same Day,32.78,4,0.8,-85.24
2509,CA-2017-163902,MY-17380,TEC-PH-10000675,63,581,Standard Class,196.78,3,0.2,14.76
2510,CA-2017-163902,MY-17380,TEC-AC-10000580,63,581,Standard Class,479.94,6,0.0,52.79
2511,CA-2016-136812,AW-10930,OFF-ST-10003470,337,742,Standard Class,1117.92,4,0.0,55.9
2512,CA-2015-102722,KW-16570,TEC-AC-10003116,69,25,First Class,106.5,6,0.0,41.54
2513,CA-2017-155089,DB-12910,OFF-BI-10002429,86,575,Standard Class,45.66,5,0.7,-33.48
2514,CA-2016-124506,BB-11545,TEC-AC-10003280,37,584,Standard Class,95.97,4,0.2,1.2
2515,CA-2016-124506,BB-11545,FUR-CH-10004540,37,584,Standard Class,47.99,2,0.3,-2.06
2516,CA-2014-106572,NP-18700,OFF-ST-10000585,393,743,Standard Class,264.32,2,0.2,19.82
2517,CA-2014-128888,PB-19105,OFF-EN-10003001,15,648,Standard Class,604.66,9,0.2,204.07
2518,CA-2017-123134,DW-13585,FUR-FU-10003975,74,744,Standard Class,129.93,3,0.0,12.99
2519,CA-2016-124352,CD-12790,OFF-LA-10004559,337,681,Standard Class,20.16,7,0.0,9.88
2520,CA-2016-124352,CD-12790,OFF-LA-10003223,337,681,Standard Class,29.46,6,0.0,14.44
2521,CA-2016-124352,CD-12790,OFF-AP-10002651,337,681,Standard Class,868.59,3,0.0,251.89
2522,CA-2016-124352,CD-12790,OFF-PA-10003177,337,681,Standard Class,12.96,2,0.0,6.22
2523,CA-2016-124352,CD-12790,TEC-PH-10003442,337,681,Standard Class,5.5,1,0.0,1.38
2524,CA-2016-124352,CD-12790,OFF-BI-10000977,337,681,Standard Class,121.6,4,0.0,55.94
2525,CA-2015-124541,TT-21220,OFF-AR-10004078,17,745,Standard Class,42.05,9,0.2,5.26
2526,CA-2015-124541,TT-21220,TEC-AC-10002550,17,745,Standard Class,25.49,2,0.2,4.46
2527,CA-2015-124541,TT-21220,OFF-BI-10004965,17,745,Standard Class,6.9,3,0.8,-12.08
2528,CA-2015-124541,TT-21220,OFF-BI-10004209,17,745,Standard Class,9.65,6,0.8,-16.88
2529,CA-2015-124541,TT-21220,OFF-PA-10001526,17,745,Standard Class,7.97,2,0.2,2.89
2530,CA-2014-108707,DB-12910,OFF-PA-10000788,3,746,Standard Class,10.37,2,0.2,3.63
2531,CA-2014-111500,DJ-13510,OFF-PA-10000595,367,655,Standard Class,114.2,5,0.0,52.53
2532,CA-2014-111500,DJ-13510,OFF-BI-10000829,367,655,Standard Class,17.96,4,0.0,8.26
2533,CA-2014-111500,DJ-13510,OFF-FA-10002676,367,655,Standard Class,12.67,7,0.0,4.56
2534,CA-2014-111500,DJ-13510,TEC-AC-10000844,367,655,Standard Class,339.96,4,0.0,122.39
2535,US-2017-117723,DL-13495,OFF-ST-10004459,75,734,Second Class,1801.63,6,0.2,-337.81
2536,CA-2015-143238,LO-17170,TEC-AC-10003499,394,685,First Class,46.32,4,0.0,18.06
2537,CA-2015-168746,SV-20365,FUR-CH-10000513,178,747,Second Class,181.99,2,0.3,-54.6
2538,CA-2015-168746,SV-20365,TEC-PH-10000895,178,747,Second Class,431.98,4,0.4,-100.79
2539,CA-2015-168746,SV-20365,TEC-PH-10002555,178,747,Second Class,155.37,1,0.4,-36.25
2540,CA-2015-113404,EM-13810,FUR-CH-10003312,35,748,Same Day,1348.7,6,0.2,-219.16
2541,CA-2015-113404,EM-13810,FUR-CH-10004086,35,748,Same Day,700.15,3,0.2,78.77
2542,CA-2016-144792,KD-16615,FUR-FU-10002759,58,568,Standard Class,111.89,7,0.2,22.38
2543,CA-2014-164385,NB-18580,OFF-AP-10002191,64,468,Second Class,143.95,3,0.2,14.4
2544,US-2016-114174,AP-10720,FUR-BO-10003450,382,163,Standard Class,173.94,3,0.0,13.92
2545,US-2016-114174,AP-10720,OFF-LA-10000248,382,163,Standard Class,14.76,4,0.0,6.94
2546,CA-2017-108070,JE-15745,OFF-ST-10004804,59,514,Standard Class,205.92,4,0.0,2.06
2547,CA-2017-108070,JE-15745,FUR-BO-10001337,59,514,Standard Class,102.83,1,0.15,-6.05
2548,US-2015-128090,JM-15865,OFF-AR-10002255,52,749,Standard Class,2.3,1,0.2,0.26
2549,US-2015-128090,JM-15865,TEC-PH-10002624,52,749,Standard Class,1879.96,5,0.2,211.5
2550,US-2015-128090,JM-15865,OFF-PA-10001878,52,749,Standard Class,313.02,8,0.2,105.65
2551,US-2015-128090,JM-15865,OFF-LA-10000452,52,749,Standard Class,5.04,2,0.2,1.76
2552,CA-2017-101042,AB-10105,FUR-FU-10004665,1,124,Standard Class,821.88,6,0.0,213.69
2553,CA-2017-101042,AB-10105,OFF-BI-10000088,1,124,Standard Class,21.96,2,0.0,10.76
2554,CA-2016-155439,PN-18775,OFF-PA-10000029,38,750,Standard Class,25.92,4,0.0,12.44
2555,CA-2016-118626,JC-15775,TEC-PH-10000369,395,244,Standard Class,705.54,7,0.2,70.55
2556,CA-2015-111458,PF-19165,TEC-AC-10001590,46,121,Standard Class,50.0,2,0.0,12.0
2557,US-2016-126844,BW-11110,FUR-FU-10004909,33,751,Standard Class,51.71,8,0.6,-32.32
2558,US-2015-112508,BP-11185,OFF-AP-10002287,250,540,Standard Class,6.99,2,0.2,0.52
2559,CA-2015-147788,TM-21010,FUR-BO-10004357,13,71,Standard Class,1406.86,7,0.0,140.69
2560,CA-2015-147788,TM-21010,OFF-LA-10003766,13,71,Standard Class,15.75,5,0.0,7.56
2561,CA-2015-147788,TM-21010,OFF-ST-10000046,13,71,Standard Class,323.1,2,0.0,61.39
2562,CA-2015-144288,MB-17305,OFF-LA-10003190,396,708,Standard Class,9.22,4,0.2,3.34
2563,CA-2015-144288,MB-17305,OFF-PA-10002787,396,708,Standard Class,10.37,2,0.2,3.63
2564,CA-2015-110632,HR-14830,TEC-AC-10000387,30,752,Second Class,15.02,1,0.0,2.7
2565,CA-2015-110632,HR-14830,OFF-ST-10001291,30,752,Second Class,33.82,2,0.0,9.13
2566,CA-2017-109589,BD-11635,TEC-AC-10003116,318,203,First Class,71.0,4,0.0,27.69
2567,CA-2017-123967,SF-20200,OFF-BI-10001308,397,753,Second Class,25.12,5,0.2,7.85
2568,CA-2017-123967,SF-20200,FUR-TA-10003954,397,753,Second Class,2665.62,9,0.0,239.91
2569,CA-2017-148929,SP-20620,OFF-ST-10003282,165,211,Standard Class,478.08,8,0.0,133.86
2570,CA-2017-134404,DR-12880,TEC-PH-10000576,56,754,Same Day,164.39,2,0.4,-35.62
2571,CA-2017-134404,DR-12880,OFF-AR-10004441,56,754,Same Day,13.25,4,0.2,3.64
2572,CA-2017-109778,VM-21685,OFF-AR-10003759,398,12,Standard Class,2.91,2,0.2,0.91
2573,CA-2016-155845,CM-12235,TEC-AC-10004145,297,400,Second Class,1399.94,7,0.2,52.5
2574,CA-2017-145128,SM-20320,FUR-FU-10000293,378,363,Standard Class,526.45,5,0.0,31.59
2575,CA-2014-129091,RA-19885,OFF-EN-10004955,113,755,Standard Class,16.23,3,0.0,7.95
2576,CA-2014-129091,RA-19885,OFF-BI-10001071,113,755,Standard Class,319.9,5,0.0,156.75
2577,CA-2014-129091,RA-19885,OFF-EN-10001990,113,755,Standard Class,11.36,2,0.0,5.34
2578,CA-2014-129091,RA-19885,OFF-AP-10002734,113,755,Standard Class,675.12,3,0.0,290.3
2579,US-2014-155502,SD-20485,FUR-FU-10004587,213,756,Standard Class,62.82,3,0.0,30.78
2580,US-2014-155502,SD-20485,OFF-ST-10004337,213,756,Standard Class,489.92,8,0.0,0.0
2581,US-2014-155502,SD-20485,OFF-PA-10003072,213,756,Standard Class,19.44,3,0.0,9.33
2582,US-2014-155502,SD-20485,OFF-PA-10000380,213,756,Standard Class,16.68,2,0.0,8.34
2583,US-2014-155502,SD-20485,TEC-PH-10004833,213,756,Standard Class,155.35,13,0.0,0.0
2584,US-2014-155502,SD-20485,FUR-FU-10001847,213,756,Standard Class,12.42,3,0.0,4.47
2585,US-2014-155502,SD-20485,TEC-PH-10002103,213,756,Standard Class,187.98,2,0.0,52.63
2586,CA-2015-121041,CS-12250,OFF-EN-10001137,399,503,Standard Class,6.61,2,0.2,2.15
2587,CA-2017-131695,RA-19285,OFF-ST-10001476,24,161,Standard Class,248.57,7,0.0,67.11
2588,CA-2017-131695,RA-19285,FUR-FU-10002045,24,161,Standard Class,22.23,1,0.0,9.78
2589,CA-2016-137729,BF-11005,OFF-ST-10001505,26,466,Standard Class,5.98,1,0.0,1.02
2590,CA-2016-137729,BF-11005,TEC-PH-10001433,26,466,Standard Class,246.17,3,0.2,21.54
2591,US-2016-115455,SE-20110,FUR-FU-10004671,400,163,Standard Class,14.14,2,0.6,-7.77
2592,US-2016-115455,SE-20110,FUR-TA-10003569,400,163,Standard Class,601.47,3,0.5,-300.74
2593,CA-2017-128300,RS-19765,TEC-PH-10002807,401,222,Second Class,79.1,2,0.0,39.55
2594,CA-2017-128300,RS-19765,OFF-BI-10001597,401,222,Second Class,327.84,8,0.0,157.36
2595,CA-2017-149048,BM-11650,OFF-EN-10003296,135,727,Standard Class,180.96,2,0.0,81.43
2596,CA-2017-149048,BM-11650,OFF-BI-10004632,135,727,Standard Class,914.97,3,0.0,411.74
2597,CA-2017-149048,BM-11650,TEC-PH-10002310,135,727,Standard Class,587.97,3,0.0,158.75
2598,CA-2017-149048,BM-11650,OFF-ST-10000078,135,727,Standard Class,530.34,2,0.0,95.46
2599,CA-2017-149048,BM-11650,OFF-PA-10001752,135,727,Standard Class,14.94,3,0.0,7.32
2600,CA-2017-108553,SK-19990,OFF-AP-10000026,24,757,Standard Class,121.94,2,0.0,35.36
2601,CA-2017-108553,SK-19990,OFF-SU-10002573,24,757,Standard Class,122.71,7,0.0,36.81
2602,CA-2016-165848,EN-13780,OFF-PA-10000349,46,31,Same Day,14.94,3,0.0,7.02
2603,CA-2016-165848,EN-13780,TEC-MA-10003356,46,31,Same Day,1349.85,3,0.0,364.46
2604,CA-2016-165848,EN-13780,FUR-BO-10000362,46,31,Same Day,136.78,1,0.2,5.13
2605,CA-2016-165848,EN-13780,FUR-FU-10003878,46,31,Same Day,61.12,4,0.0,20.78
2606,CA-2014-112718,KN-16450,OFF-BI-10000591,134,758,Standard Class,1.17,1,0.7,-0.86
2607,CA-2016-154053,MG-17890,OFF-AR-10003727,143,759,Standard Class,16.99,1,0.0,4.93
2608,CA-2014-127446,MC-17590,TEC-AC-10001635,175,642,Standard Class,24.67,3,0.2,0.0
2609,CA-2014-127446,MC-17590,OFF-LA-10001317,175,642,Standard Class,2.52,1,0.2,0.88
2610,CA-2014-127446,MC-17590,FUR-TA-10000577,175,642,Standard Class,1218.73,5,0.3,-121.87
2611,CA-2014-127446,MC-17590,OFF-LA-10000248,175,642,Standard Class,5.9,2,0.2,1.99
2612,CA-2014-127446,MC-17590,OFF-PA-10000955,175,642,Standard Class,15.7,3,0.2,5.1
2613,CA-2014-127446,MC-17590,FUR-FU-10000221,175,642,Standard Class,6.1,3,0.6,-3.96
2614,CA-2016-137204,BO-11350,FUR-CH-10002304,63,237,Standard Class,41.57,2,0.2,2.6
2615,CA-2014-147298,AG-10300,FUR-CH-10004886,14,760,Standard Class,230.28,3,0.2,23.03
2616,CA-2014-147298,AG-10300,OFF-BI-10001525,14,760,Standard Class,18.29,6,0.2,5.72
2617,CA-2017-147942,MS-17365,OFF-LA-10003663,95,720,Standard Class,5.78,2,0.0,2.72
2618,CA-2017-147942,MS-17365,OFF-BI-10001294,95,720,Standard Class,121.68,13,0.2,38.02
2619,CA-2017-115931,JM-15655,OFF-AR-10000369,65,67,Standard Class,4.17,3,0.0,1.08
2620,CA-2017-115931,JM-15655,TEC-PH-10001300,65,67,Standard Class,67.04,4,0.2,6.7
2621,CA-2017-115931,JM-15655,OFF-ST-10000876,65,67,Standard Class,37.32,3,0.0,10.45
2622,CA-2017-115931,JM-15655,OFF-LA-10001404,65,67,Standard Class,18.45,5,0.0,8.67
2623,CA-2014-164861,MC-17635,OFF-PA-10001972,359,641,Second Class,25.92,4,0.0,12.44
2624,CA-2017-127180,TA-21385,TEC-CO-10004722,24,761,First Class,11199.97,4,0.2,3919.99
2625,CA-2017-127180,TA-21385,TEC-PH-10001494,24,761,First Class,2399.6,8,0.0,647.89
2626,CA-2017-127180,TA-21385,OFF-EN-10002500,24,761,First Class,63.9,5,0.0,28.76
2627,CA-2017-127180,TA-21385,TEC-PH-10003800,24,761,First Class,52.99,1,0.0,0.53
2628,US-2017-165344,SB-20290,TEC-AC-10002399,158,39,First Class,60.86,4,0.2,9.13
2629,US-2017-165344,SB-20290,TEC-MA-10002210,158,39,First Class,653.0,7,0.7,-935.96
2630,US-2017-165344,SB-20290,OFF-BI-10003196,158,39,First Class,11.22,10,0.7,-7.48
2631,CA-2015-168186,AB-10150,OFF-PA-10000477,313,230,Standard Class,14.94,3,0.0,7.02
2632,US-2017-110604,JF-15295,FUR-FU-10000076,6,357,Standard Class,39.96,2,0.0,17.18
2633,US-2017-110604,JF-15295,FUR-CH-10002017,6,357,Standard Class,42.62,2,0.2,4.26
2634,US-2017-110604,JF-15295,FUR-CH-10004287,6,357,Standard Class,220.96,1,0.2,24.86
2635,CA-2015-116750,BF-10975,FUR-FU-10003829,307,762,Second Class,4.93,2,0.2,0.74
2636,CA-2015-116750,BF-10975,OFF-BI-10004728,307,762,Second Class,7.23,5,0.7,-5.78
2637,CA-2015-162369,TT-21265,OFF-ST-10000046,63,763,Standard Class,323.1,2,0.0,61.39
2638,CA-2017-108441,SB-20170,OFF-PA-10000697,46,493,Standard Class,19.04,4,0.0,9.33
2639,CA-2017-108441,SB-20170,OFF-BI-10000848,46,493,Standard Class,13.13,3,0.2,4.27
2640,CA-2017-108441,SB-20170,OFF-AR-10004691,46,493,Standard Class,64.14,3,0.0,16.68
2641,CA-2017-108441,SB-20170,FUR-CH-10000595,46,493,Standard Class,858.24,4,0.1,143.04
2642,CA-2015-169740,LM-17065,TEC-AC-10000927,402,764,Standard Class,29.99,1,0.0,3.0
2643,CA-2016-124051,KA-16525,OFF-PA-10001289,174,724,First Class,186.05,6,0.2,67.44
2644,CA-2016-149111,BF-11170,TEC-PH-10003092,315,765,Second Class,36.79,1,0.2,4.14
2645,CA-2016-149111,BF-11170,FUR-FU-10000206,315,765,Second Class,18.62,8,0.2,6.29
2646,CA-2014-131002,TB-21400,FUR-FU-10004270,313,558,Second Class,57.69,3,0.0,23.65
2647,CA-2014-131002,TB-21400,OFF-BI-10000948,313,558,Second Class,42.81,3,0.0,20.12
2648,CA-2014-131002,TB-21400,OFF-PA-10000223,313,558,Second Class,12.96,2,0.0,6.22
2649,CA-2014-131002,TB-21400,FUR-FU-10004665,313,558,Second Class,821.88,6,0.0,213.69
2650,CA-2014-131002,TB-21400,TEC-PH-10000215,313,558,Second Class,104.85,3,0.0,28.31
2651,US-2016-146794,SH-19975,FUR-BO-10004467,108,183,Standard Class,424.96,5,0.15,20.0
2652,CA-2017-112515,AS-10225,OFF-BI-10000829,268,698,Second Class,10.78,3,0.2,3.5
2653,CA-2017-112515,AS-10225,OFF-BI-10003712,268,698,Second Class,11.78,3,0.2,4.27
2654,CA-2017-112515,AS-10225,OFF-PA-10000062,268,698,Second Class,164.88,3,0.0,80.79
2655,CA-2017-112515,AS-10225,FUR-BO-10003404,268,698,Second Class,1292.94,3,0.0,77.58
2656,CA-2017-112515,AS-10225,OFF-BI-10004233,268,698,Second Class,25.58,2,0.2,8.95
2657,CA-2017-112515,AS-10225,OFF-ST-10001272,268,698,Second Class,261.74,2,0.0,65.44
2658,CA-2017-112515,AS-10225,OFF-LA-10001175,268,698,Second Class,14.4,5,0.0,7.06
2659,CA-2016-150343,PK-19075,OFF-EN-10004030,95,766,Standard Class,10.86,3,0.0,5.1
2660,CA-2015-135538,HR-14830,FUR-CH-10004287,28,101,Standard Class,883.84,4,0.2,99.43
2661,CA-2017-123372,DG-13300,TEC-PH-10002834,46,355,Standard Class,1979.89,11,0.0,494.97
2662,CA-2017-123372,DG-13300,OFF-EN-10003055,46,355,Standard Class,79.96,2,0.0,35.98
2663,CA-2017-159604,CL-12700,OFF-BI-10003460,335,350,First Class,8.76,2,0.0,4.2
2664,CA-2016-164784,HF-14995,OFF-LA-10001569,32,767,First Class,3.98,1,0.2,1.29
2665,CA-2016-164784,HF-14995,FUR-TA-10004534,32,767,First Class,370.62,3,0.4,-142.07
2666,CA-2016-164784,HF-14995,OFF-BI-10002954,32,767,First Class,2.74,2,0.7,-2.01
2667,CA-2016-111794,HG-15025,TEC-AC-10003832,140,394,Same Day,79.51,3,0.2,20.87
2668,CA-2016-111794,HG-15025,OFF-PA-10000474,140,394,Same Day,28.35,1,0.2,9.57
2669,US-2015-139759,NL-18310,FUR-CH-10002774,63,768,Standard Class,40.78,1,0.2,4.59
2670,US-2015-139759,NL-18310,OFF-AP-10002765,63,768,Standard Class,105.96,4,0.0,29.67
2671,CA-2014-126403,RR-19525,OFF-PA-10001144,112,341,Second Class,166.44,3,0.0,79.89
2672,CA-2014-126403,RR-19525,FUR-CH-10003761,112,341,Second Class,785.88,6,0.0,212.19
2673,CA-2014-126403,RR-19525,OFF-PA-10004665,112,341,Second Class,26.2,2,0.0,12.84
2674,CA-2014-126403,RR-19525,OFF-ST-10000078,112,341,Second Class,1325.85,5,0.0,238.65
2675,CA-2017-136875,TC-21295,OFF-PA-10000357,143,735,Same Day,166.44,3,0.0,79.89
2676,CA-2017-132185,DB-13615,OFF-AR-10000422,197,345,Standard Class,8.76,5,0.2,0.77
2677,CA-2017-132185,DB-13615,OFF-AP-10001205,197,345,Standard Class,43.58,1,0.2,4.36
2678,US-2014-160780,SV-20785,OFF-BI-10001116,261,262,Same Day,11.09,7,0.7,-8.13
2679,US-2014-160780,SV-20785,OFF-BI-10002931,261,262,Same Day,25.16,2,0.7,-16.78
2680,CA-2017-127026,MH-18115,OFF-BI-10000546,31,277,Standard Class,14.4,5,0.0,7.06
2681,CA-2017-127026,MH-18115,TEC-AC-10002049,31,277,Standard Class,619.95,5,0.0,111.59
2682,CA-2017-127026,MH-18115,OFF-BI-10001196,31,277,Standard Class,89.52,4,0.0,42.07
2683,CA-2017-127026,MH-18115,TEC-MA-10002981,31,277,Standard Class,350.97,3,0.1,152.09
2684,CA-2017-127026,MH-18115,TEC-PH-10003601,31,277,Standard Class,164.99,1,0.0,49.5
2685,CA-2017-137085,CT-11995,OFF-BI-10000632,26,223,Standard Class,312.55,9,0.2,101.58
2686,CA-2016-133123,KB-16315,OFF-EN-10003055,279,48,Standard Class,95.95,3,0.2,29.98
2687,CA-2016-133123,KB-16315,OFF-BI-10001031,279,48,Standard Class,3.2,2,0.7,-2.46
2688,US-2016-128195,RA-19285,OFF-BI-10002003,121,579,First Class,3.98,5,0.8,-6.57
2689,CA-2015-153220,YC-21895,OFF-PA-10003016,4,769,First Class,15.7,5,0.0,7.06
2690,CA-2014-123064,RA-19915,OFF-AR-10004582,156,480,First Class,5.25,4,0.2,1.64
2691,CA-2017-156412,CM-12160,OFF-BI-10004364,64,770,Standard Class,5.35,3,0.7,-4.46
2692,US-2016-144211,CS-12130,OFF-PA-10002246,403,771,Standard Class,15.48,3,0.2,5.61
2693,US-2016-144211,CS-12130,TEC-PH-10002890,403,771,Standard Class,108.58,3,0.2,8.14
2694,CA-2016-138079,AJ-10795,FUR-FU-10001475,61,116,Standard Class,109.9,5,0.0,37.37
2695,CA-2014-143182,DL-12865,FUR-FU-10004270,187,772,Standard Class,15.38,1,0.2,4.04
2696,CA-2016-161662,BE-11410,OFF-PA-10003465,404,570,First Class,30.35,2,0.2,10.62
2697,CA-2014-145317,SM-20320,TEC-MA-10003626,134,773,Standard Class,821.3,4,0.5,-16.43
2698,CA-2014-145317,SM-20320,TEC-MA-10002412,134,773,Standard Class,22638.48,6,0.5,-1811.08
2699,CA-2014-145317,SM-20320,OFF-PA-10001804,134,773,Standard Class,21.38,4,0.2,7.48
2700,CA-2014-145317,SM-20320,OFF-AR-10003183,134,773,Standard Class,8.02,3,0.2,1.0
2701,CA-2014-145317,SM-20320,FUR-FU-10004270,134,773,Standard Class,30.77,2,0.2,8.08
2702,CA-2014-145317,SM-20320,OFF-FA-10003112,134,773,Standard Class,18.94,3,0.2,5.92
2703,CA-2014-145317,SM-20320,FUR-FU-10001986,134,773,Standard Class,122.35,3,0.2,15.29
2704,CA-2014-143413,RP-19390,OFF-PA-10002319,309,774,Standard Class,116.28,3,0.0,56.98
2705,CA-2017-156818,JD-16015,TEC-AC-10002323,30,498,Second Class,132.6,6,0.0,17.24
2706,CA-2017-155873,AB-10255,OFF-SU-10001165,65,115,Standard Class,16.68,2,0.0,4.34
2707,CA-2017-155873,AB-10255,OFF-PA-10001246,65,115,Standard Class,19.44,3,0.0,9.33
2708,CA-2017-155873,AB-10255,OFF-PA-10001815,65,115,Standard Class,192.16,4,0.0,92.24
2709,CA-2015-121797,CC-12145,FUR-FU-10001876,14,565,Standard Class,227.36,7,0.0,81.85
2710,CA-2015-121797,CC-12145,TEC-MA-10000488,14,565,Standard Class,1919.98,3,0.2,216.0
2711,US-2015-120572,GH-14425,OFF-BI-10001098,134,556,Standard Class,12.83,2,0.7,-8.98
2712,CA-2017-132430,CP-12085,FUR-FU-10003577,347,450,First Class,45.89,4,0.2,9.18
2713,CA-2017-146031,GM-14440,OFF-AR-10002656,25,571,Second Class,60.12,9,0.0,22.24
2714,CA-2014-110100,LC-16885,TEC-PH-10004531,125,574,Standard Class,302.38,3,0.2,37.8
2715,CA-2015-103723,BT-11305,OFF-AR-10003251,60,495,Standard Class,13.9,5,0.0,5.56
2716,CA-2014-127187,CP-12085,TEC-PH-10000673,24,775,Standard Class,129.98,2,0.0,62.39
2717,CA-2017-128475,SC-20680,TEC-AC-10000158,113,776,Standard Class,71.98,2,0.0,15.12
2718,CA-2014-100006,DK-13375,TEC-PH-10002075,24,558,Standard Class,377.97,3,0.0,109.61
2719,CA-2017-144827,SE-20110,OFF-ST-10004340,147,203,Standard Class,124.36,2,0.0,33.58
2720,CA-2014-110030,LF-17185,FUR-FU-10002759,15,777,Second Class,23.98,3,0.6,-14.39
2721,CA-2014-121286,ON-18715,OFF-FA-10000585,183,131,Second Class,8.38,3,0.2,2.72
2722,CA-2014-121286,ON-18715,OFF-AP-10004859,183,131,Second Class,58.24,5,0.2,5.1
2723,CA-2016-164735,TB-21400,OFF-ST-10001558,213,168,Second Class,81.2,5,0.0,12.18
2724,CA-2014-153479,DF-13135,OFF-LA-10004689,168,778,Standard Class,14.45,5,0.0,6.79
2725,CA-2014-153479,DF-13135,OFF-BI-10002867,168,778,Standard Class,95.65,2,0.2,31.09
2726,CA-2017-149888,EP-13915,TEC-PH-10003811,75,660,Standard Class,359.97,5,0.4,-71.99
2727,CA-2017-149888,EP-13915,FUR-TA-10000849,75,660,Standard Class,350.35,4,0.4,-140.14
2728,CA-2017-119193,SK-19990,OFF-BI-10000848,214,67,First Class,1.64,1,0.7,-1.31
2729,CA-2017-119193,SK-19990,TEC-PH-10003072,214,67,First Class,629.96,7,0.4,94.49
2730,CA-2017-104801,FH-14350,OFF-AR-10001547,60,779,Standard Class,6.63,3,0.0,1.79
2731,CA-2017-104801,FH-14350,TEC-AC-10001838,60,779,Standard Class,799.96,4,0.0,343.98
2732,CA-2017-104801,FH-14350,FUR-FU-10004017,60,779,Standard Class,107.53,1,0.0,21.51
2733,CA-2014-107594,EH-13945,TEC-PH-10002923,171,780,Standard Class,73.98,2,0.0,19.97
2734,CA-2014-107594,EH-13945,OFF-AR-10000716,171,780,Standard Class,5.58,1,0.0,2.18
2735,CA-2015-129770,JE-15715,OFF-PA-10000249,405,781,Second Class,49.12,4,0.0,23.09
2736,CA-2015-115798,KL-16645,TEC-PH-10003691,286,51,Standard Class,377.97,3,0.0,94.49
2737,CA-2015-115798,KL-16645,OFF-PA-10001560,286,51,Standard Class,42.28,7,0.0,19.87
2738,CA-2015-115798,KL-16645,FUR-BO-10004467,286,51,Standard Class,299.97,3,0.0,56.99
2739,CA-2015-115798,KL-16645,TEC-PH-10001819,286,51,Standard Class,89.98,2,0.0,43.19
2740,CA-2017-122707,EB-13750,OFF-SU-10000157,406,514,First Class,477.24,4,0.0,9.54
2741,CA-2017-122707,EB-13750,TEC-AC-10004227,406,514,First Class,25.98,2,0.0,1.56
2742,CA-2016-165015,BD-11725,OFF-EN-10003134,56,782,Second Class,46.72,5,0.2,17.52
2743,CA-2014-149244,MS-17530,FUR-FU-10004671,89,131,Standard Class,35.34,2,0.0,13.43
2744,CA-2015-140144,SC-20770,FUR-FU-10002253,35,783,Second Class,257.64,6,0.0,100.48
2745,CA-2015-140144,SC-20770,TEC-PH-10002726,35,783,Second Class,125.98,3,0.2,47.24
2746,CA-2017-163321,FM-14380,TEC-AC-10004571,223,784,Second Class,79.99,1,0.2,22.0
2747,CA-2014-155887,KT-16480,FUR-TA-10002228,118,553,Standard Class,700.06,3,0.3,-130.01
2748,US-2015-165449,AP-10720,TEC-AC-10004127,407,7,Standard Class,27.17,4,0.2,-1.36
2749,CA-2015-110247,RH-19555,OFF-BI-10001553,395,785,Standard Class,8.23,3,0.7,-6.03
2750,US-2014-141257,CS-11950,FUR-CH-10002758,61,786,Standard Class,585.55,3,0.2,73.19
2751,CA-2014-154669,TM-21010,OFF-ST-10000532,408,234,Second Class,423.28,11,0.0,110.05
2752,CA-2014-158029,HF-14995,FUR-CH-10000988,142,543,Standard Class,225.3,2,0.2,22.53
2753,CA-2015-155306,GA-14515,OFF-AR-10003251,35,787,Standard Class,5.56,2,0.0,2.22
2754,CA-2015-155306,GA-14515,TEC-AC-10003174,35,787,Standard Class,323.37,3,0.0,129.35
2755,CA-2015-155306,GA-14515,TEC-PH-10002310,35,787,Standard Class,783.96,5,0.2,68.6
2756,CA-2015-155306,GA-14515,OFF-AP-10002651,35,787,Standard Class,1447.65,5,0.0,419.82
2757,CA-2015-155306,GA-14515,OFF-PA-10001184,35,787,Standard Class,11.96,2,0.0,5.86
2758,CA-2016-127775,ES-14020,TEC-AC-10002402,46,726,Second Class,239.97,3,0.0,71.99
2759,CA-2016-146171,JP-16135,FUR-FU-10004270,113,22,Standard Class,76.92,4,0.0,31.54
2760,CA-2016-146171,JP-16135,OFF-ST-10001526,113,22,Standard Class,481.32,4,0.0,125.14
2761,CA-2014-129574,Dp-13240,OFF-PA-10002893,409,543,First Class,48.4,5,0.0,23.23
2762,CA-2017-126536,NK-18490,TEC-AC-10003709,95,387,First Class,0.99,1,0.0,0.44
2763,CA-2017-126536,NK-18490,OFF-BI-10001191,95,387,First Class,101.84,5,0.2,36.92
2764,CA-2017-165757,PL-18925,OFF-BI-10003166,12,739,Standard Class,10.33,3,0.7,-7.58
2765,CA-2017-165757,PL-18925,OFF-BI-10003982,12,739,Standard Class,31.16,5,0.7,-23.89
2766,CA-2017-165757,PL-18925,OFF-ST-10004835,12,739,Standard Class,8.93,2,0.2,0.67
2767,CA-2017-167752,RW-19690,OFF-AP-10000159,64,788,First Class,34.38,1,0.2,3.87
2768,CA-2017-167752,RW-19690,OFF-AP-10002945,64,788,First Class,1924.16,8,0.2,312.68
2769,US-2015-122140,MO-17950,OFF-AP-10001242,78,789,Standard Class,32.19,2,0.8,-80.48
2770,US-2015-122140,MO-17950,TEC-AC-10003038,78,789,Standard Class,50.12,7,0.2,-0.63
2771,US-2015-122140,MO-17950,TEC-AC-10003289,78,789,Standard Class,47.98,3,0.2,1.8
2772,CA-2016-163986,JJ-15445,OFF-ST-10000918,410,324,Standard Class,54.5,5,0.0,14.17
2773,CA-2017-158967,BT-11680,FUR-FU-10001940,3,390,First Class,19.1,3,0.2,5.73
2774,CA-2016-131576,RD-19585,OFF-BI-10002852,186,442,Standard Class,49.44,3,0.0,24.23
2775,CA-2017-143455,ML-17755,OFF-PA-10004451,158,344,Standard Class,10.37,2,0.2,3.63
2776,CA-2016-144729,JE-15745,OFF-ST-10004804,89,148,Standard Class,154.44,3,0.0,1.54
2777,CA-2015-127019,ER-13855,OFF-AP-10003971,98,380,Standard Class,60.98,7,0.2,4.57
2778,CA-2015-138534,JM-15535,FUR-BO-10003159,411,790,Second Class,195.47,2,0.15,-13.8
2779,CA-2017-108322,SS-20140,FUR-FU-10001935,412,505,Standard Class,23.68,8,0.2,6.22
2780,CA-2017-108322,SS-20140,TEC-AC-10003433,412,505,Standard Class,2.38,3,0.2,0.74
2781,CA-2017-167668,TC-21295,OFF-LA-10004544,46,637,First Class,59.2,4,0.0,29.6
2782,CA-2017-146724,HG-15025,OFF-AR-10001026,88,226,Standard Class,22.0,10,0.0,9.68
2783,CA-2016-139878,LD-17005,TEC-PH-10001336,152,584,Standard Class,257.98,2,0.0,74.81
2784,US-2016-106677,AS-10285,TEC-PH-10003187,64,733,Standard Class,23.99,2,0.4,-15.99
2785,CA-2016-116974,MP-17965,TEC-PH-10004897,413,791,Standard Class,23.98,4,0.4,-15.58
2786,CA-2015-149972,CD-12790,FUR-CH-10004997,2,482,First Class,601.54,4,0.2,0.0
2787,CA-2015-149972,CD-12790,OFF-FA-10002763,2,482,First Class,7.9,2,0.0,2.53
2788,US-2014-117744,MD-17860,FUR-FU-10001588,414,267,Standard Class,58.36,5,0.6,-24.8
2789,US-2014-117744,MD-17860,OFF-AR-10000940,414,267,Standard Class,16.46,7,0.2,1.44
2790,US-2014-117744,MD-17860,FUR-FU-10002759,414,267,Standard Class,39.96,5,0.6,-23.98
2791,CA-2014-125514,BM-11650,OFF-AP-10000358,199,159,First Class,25.96,2,0.0,7.53
2792,CA-2014-125514,BM-11650,OFF-AP-10003281,199,159,First Class,36.27,3,0.0,10.88
2793,CA-2014-125514,BM-11650,OFF-PA-10000029,199,159,First Class,6.48,1,0.0,3.11
2794,CA-2014-154599,KN-16450,TEC-PH-10001557,415,792,Standard Class,1075.09,14,0.2,94.07
2795,CA-2014-154599,KN-16450,TEC-PH-10000576,415,792,Standard Class,438.37,4,0.2,38.36
2796,CA-2014-154599,KN-16450,OFF-BI-10002764,415,792,Standard Class,18.09,7,0.2,6.56
2797,CA-2014-154599,KN-16450,FUR-BO-10001337,415,792,Standard Class,308.5,3,0.15,-18.15
2798,CA-2017-158743,IG-15085,OFF-AR-10002257,367,180,Standard Class,13.36,4,0.0,4.14
2799,CA-2017-158743,IG-15085,OFF-PA-10001019,367,180,Standard Class,39.96,2,0.0,18.78
2800,CA-2017-158743,IG-15085,OFF-BI-10003364,367,180,Standard Class,145.85,5,0.0,70.01
2801,CA-2016-153318,JS-15595,TEC-PH-10000984,124,793,First Class,783.96,5,0.2,78.4
2802,US-2015-110163,GA-14725,OFF-AR-10001683,161,550,First Class,7.88,1,0.2,1.77
2803,CA-2017-143329,DL-13330,FUR-FU-10000629,405,133,Standard Class,41.37,3,0.0,17.38
2804,CA-2015-159380,CS-12505,OFF-PA-10003893,35,794,Standard Class,12.84,3,0.0,5.78
2805,CA-2015-159380,CS-12505,OFF-PA-10004239,35,794,Standard Class,25.68,6,0.0,11.56
2806,CA-2015-122623,CC-12145,FUR-CH-10000553,295,68,Standard Class,47.52,2,0.3,-2.04
2807,CA-2015-148635,MH-18025,OFF-FA-10004395,61,396,Second Class,9.42,2,0.0,0.47
2808,CA-2015-148635,MH-18025,OFF-PA-10004782,61,396,Second Class,12.96,2,0.0,6.22
2809,CA-2015-148635,MH-18025,FUR-BO-10002213,61,396,Second Class,704.9,5,0.0,56.39
2810,CA-2015-148635,MH-18025,FUR-CH-10001854,61,396,Second Class,561.57,2,0.2,28.08
2811,CA-2015-135685,MP-18175,OFF-PA-10000157,202,548,Second Class,179.82,9,0.0,84.52
2812,CA-2015-135685,MP-18175,FUR-FU-10001185,202,548,Second Class,185.58,6,0.0,76.09
2813,CA-2015-135685,MP-18175,FUR-TA-10001520,202,548,Second Class,214.11,3,0.0,36.4
2814,CA-2015-135685,MP-18175,TEC-AC-10004145,202,548,Second Class,999.96,4,0.0,229.99
2815,CA-2015-135685,MP-18175,FUR-TA-10000688,202,548,Second Class,653.55,3,0.0,111.1
2816,CA-2015-104626,DR-12940,OFF-BI-10001510,118,136,Standard Class,114.6,5,0.0,51.57
2817,CA-2015-104626,DR-12940,FUR-CH-10003817,118,136,Standard Class,60.74,1,0.0,15.18
2818,CA-2015-104626,DR-12940,FUR-FU-10000308,118,136,Standard Class,124.36,2,0.0,27.36
2819,CA-2015-104626,DR-12940,OFF-ST-10003208,118,136,Standard Class,1088.76,6,0.0,315.74
2820,CA-2016-160500,DM-13015,OFF-BI-10003784,236,466,First Class,6.72,5,0.2,2.35
2821,CA-2016-160500,DM-13015,FUR-TA-10003748,236,466,First Class,298.78,3,0.2,7.47
2822,CA-2017-100202,BD-11620,TEC-PH-10002563,159,414,Standard Class,302.38,3,0.2,22.68
2823,CA-2017-131016,DC-12850,OFF-AR-10000122,175,66,First Class,8.93,2,0.2,0.56
2824,CA-2017-131016,DC-12850,OFF-ST-10000352,175,66,First Class,47.58,2,0.2,-2.97
2825,US-2014-112914,MT-18070,OFF-PA-10003270,17,795,Standard Class,33.79,8,0.2,10.56
2826,US-2014-112914,MT-18070,FUR-BO-10003272,17,795,Standard Class,300.53,2,0.32,-97.23
2827,US-2014-112914,MT-18070,OFF-BI-10002982,17,795,Standard Class,2.72,2,0.8,-4.36
2828,US-2014-112914,MT-18070,OFF-EN-10001509,17,795,Standard Class,3.26,2,0.2,1.1
2829,CA-2016-124149,MJ-17740,OFF-PA-10002421,404,132,First Class,108.34,6,0.2,37.92
2830,CA-2016-124149,MJ-17740,OFF-ST-10000760,404,132,First Class,55.92,5,0.2,6.29
2831,CA-2016-124149,MJ-17740,OFF-PA-10002923,404,132,First Class,78.3,2,0.2,29.36
2832,CA-2014-148915,ND-18370,OFF-ST-10001128,41,302,Standard Class,443.92,5,0.2,-94.33
2833,CA-2014-148915,ND-18370,TEC-PH-10000673,41,302,Standard Class,155.98,3,0.2,54.59
2834,CA-2017-134649,CA-11965,OFF-AR-10001547,406,796,Second Class,15.47,7,0.0,4.18
2835,CA-2017-134649,CA-11965,OFF-BI-10001890,406,796,Second Class,7.16,2,0.0,3.44
2836,CA-2017-110842,GA-14725,OFF-AP-10003971,2,344,Standard Class,10.89,1,0.0,2.83
2837,CA-2017-110842,GA-14725,OFF-PA-10000520,2,344,Standard Class,19.44,3,0.0,9.33
2838,CA-2017-110842,GA-14725,OFF-BI-10000977,2,344,Standard Class,121.6,5,0.2,39.52
2839,CA-2016-147368,TC-21295,TEC-MA-10002178,395,633,First Class,695.7,2,0.5,-27.83
2840,US-2015-104185,JB-15400,OFF-ST-10001526,30,38,Second Class,120.33,1,0.0,31.29
2841,US-2014-125521,CK-12325,FUR-CH-10003379,338,620,Standard Class,1139.92,4,0.0,284.98
2842,US-2017-135062,RL-19615,OFF-PA-10000100,307,516,Second Class,229.54,7,0.2,83.21
2843,CA-2017-135650,AC-10660,OFF-ST-10001809,144,722,Standard Class,143.73,2,0.2,-32.34
2844,CA-2017-112865,BH-11710,TEC-AC-10000387,12,797,Standard Class,36.05,3,0.2,-0.9
2845,US-2016-162852,BG-11695,FUR-CH-10004853,398,798,Standard Class,845.49,8,0.3,-12.08
2846,CA-2017-138163,XP-21865,OFF-AR-10001958,290,702,First Class,50.94,3,0.0,14.26
2847,CA-2017-152093,SN-20560,OFF-BI-10003527,156,19,Standard Class,762.59,3,0.8,-1143.89
2848,CA-2017-157854,DM-13345,FUR-FU-10003832,237,799,Standard Class,56.28,6,0.0,15.76
2849,CA-2017-157854,DM-13345,OFF-BI-10001359,237,799,Standard Class,2690.97,3,0.0,1264.76
2850,CA-2016-123617,AJ-10780,OFF-BI-10002976,184,86,Standard Class,7.43,6,0.7,-5.7
2851,US-2016-128293,KC-16255,OFF-ST-10000736,75,800,First Class,64.78,1,0.2,-12.96
2852,CA-2017-107342,VF-21715,OFF-PA-10001745,135,95,Standard Class,28.16,4,0.0,13.24
2853,CA-2016-136371,SV-20935,FUR-FU-10000409,188,691,Second Class,14.98,1,0.0,6.89
2854,CA-2016-136371,SV-20935,FUR-FU-10000221,188,691,Second Class,20.32,4,0.0,6.91
2855,CA-2017-137344,EM-13810,OFF-ST-10000344,118,649,Same Day,40.29,3,0.0,10.48
2856,CA-2017-169810,RB-19360,OFF-LA-10003663,376,801,Standard Class,20.23,7,0.0,9.51
2857,CA-2016-128594,DJ-13510,FUR-CH-10001215,89,371,First Class,1603.14,4,0.2,100.2
2858,CA-2016-154690,CC-12370,FUR-CH-10000988,307,244,Second Class,225.3,2,0.2,22.53
2859,CA-2017-138975,SC-20380,TEC-AC-10003441,149,241,Standard Class,67.8,4,0.0,4.07
2860,CA-2017-138975,SC-20380,TEC-PH-10004389,149,241,Standard Class,377.97,3,0.0,98.27
2861,CA-2017-138975,SC-20380,FUR-BO-10004695,149,241,Standard Class,1628.82,9,0.0,374.63
2862,CA-2017-138975,SC-20380,OFF-PA-10000100,149,241,Standard Class,286.93,7,0.0,140.6
2863,CA-2017-106537,RH-19495,OFF-PA-10000223,416,802,Standard Class,20.74,4,0.2,7.26
2864,US-2017-103828,JK-15370,OFF-ST-10001325,35,803,Same Day,31.44,3,0.0,8.49
2865,US-2017-103828,JK-15370,OFF-AP-10004249,35,803,Same Day,83.79,7,0.0,22.62
2866,US-2017-103828,JK-15370,OFF-AR-10000588,35,803,Same Day,59.52,3,0.0,15.48
2867,US-2017-103828,JK-15370,OFF-SU-10000946,35,803,Same Day,31.92,4,0.0,9.26
2868,CA-2016-115588,AF-10885,OFF-SU-10001225,214,339,Second Class,14.72,5,0.2,-3.31
2869,CA-2016-115588,AF-10885,OFF-ST-10001558,214,339,Second Class,38.98,3,0.2,-2.44
2870,CA-2017-143861,LC-16885,FUR-FU-10001546,105,493,Standard Class,17.09,2,0.2,1.07
2871,CA-2014-148040,BF-11275,OFF-PA-10002581,116,580,Standard Class,74.35,3,0.2,23.24
2872,CA-2014-148040,BF-11275,FUR-CH-10001482,116,580,Standard Class,314.35,3,0.2,-35.36
2873,CA-2017-135167,SC-20800,OFF-AR-10002399,2,141,Standard Class,4.26,1,0.0,1.75
2874,CA-2017-137022,SW-20275,OFF-ST-10001963,189,674,Standard Class,811.28,8,0.0,24.34
2875,US-2017-102638,MC-17845,OFF-FA-10002988,46,615,First Class,6.03,3,0.0,2.95
2876,US-2016-167339,TD-20995,FUR-CH-10004289,89,804,Second Class,153.57,2,0.2,-5.76
2877,US-2016-167339,TD-20995,FUR-CH-10000785,89,804,Second Class,1013.49,7,0.2,76.01
2878,CA-2016-152072,Dp-13240,OFF-EN-10003040,74,805,Standard Class,52.34,2,0.0,24.6
2879,CA-2016-152072,Dp-13240,OFF-AR-10001573,74,805,Standard Class,4.66,2,0.0,1.35
2880,CA-2016-152072,Dp-13240,TEC-AC-10000844,74,805,Standard Class,254.97,3,0.0,91.79
2881,CA-2016-102932,SD-20485,OFF-BI-10000756,417,252,Second Class,25.44,6,0.0,12.72
2882,CA-2016-102932,SD-20485,OFF-SU-10000381,417,252,Second Class,27.93,3,0.0,8.1
2883,CA-2014-165540,TM-21010,OFF-BI-10004094,398,806,Standard Class,8.85,5,0.8,-13.72
2884,CA-2016-130799,BK-11260,FUR-FU-10001852,95,584,Second Class,6.96,4,0.0,2.23
2885,CA-2016-164483,JF-15490,OFF-BI-10000014,35,807,Standard Class,17.46,2,0.2,5.89
2886,US-2016-159856,EP-13915,FUR-CH-10003396,287,808,Standard Class,307.92,5,0.2,-34.64
2887,CA-2017-102099,EP-13915,OFF-AR-10003811,142,405,First Class,6.63,3,0.0,1.79
2888,CA-2017-102099,EP-13915,OFF-PA-10003172,142,405,First Class,12.96,2,0.0,6.22
2889,CA-2017-102099,EP-13915,OFF-PA-10000289,142,405,First Class,32.4,5,0.0,15.55
2890,CA-2017-164049,KH-16630,OFF-PA-10000791,60,809,Standard Class,23.85,5,0.0,10.73
2891,CA-2014-142727,HG-14845,FUR-CH-10002304,418,334,Second Class,51.96,2,0.0,12.99
2892,CA-2014-142727,HG-14845,OFF-BI-10000136,418,334,Second Class,17.94,3,0.0,8.61
2893,CA-2017-139913,JC-16105,OFF-PA-10003739,145,437,Standard Class,11.56,2,0.0,5.66
2894,CA-2017-139913,JC-16105,OFF-PA-10002479,145,437,Standard Class,26.4,5,0.0,11.88
2895,CA-2017-139913,JC-16105,FUR-FU-10000771,145,437,Standard Class,69.08,11,0.0,29.01
2896,CA-2017-139913,JC-16105,TEC-PH-10001552,145,437,Standard Class,35.88,3,0.0,10.05
2897,CA-2014-169033,KM-16720,OFF-AR-10001915,256,810,Standard Class,49.65,5,0.0,20.85
2898,US-2016-164630,EB-13975,TEC-CO-10000971,44,811,Standard Class,959.97,4,0.2,120.0
2899,US-2015-114839,PW-19240,FUR-CH-10004086,67,34,Standard Class,408.42,2,0.3,-5.83
2900,CA-2015-166464,PG-18895,TEC-CO-10000971,46,812,Standard Class,479.98,2,0.2,60.0
2901,CA-2015-166464,PG-18895,OFF-LA-10001317,46,812,Standard Class,12.6,4,0.0,6.05
2902,CA-2017-124898,DB-12910,OFF-PA-10003656,113,221,Standard Class,184.66,7,0.0,84.94
2903,CA-2016-164035,CR-12730,OFF-PA-10002160,27,2,Standard Class,23.12,5,0.2,8.38
2904,CA-2016-153577,KH-16330,OFF-PA-10000575,419,813,Standard Class,37.46,7,0.2,12.18
2905,CA-2016-153577,KH-16330,FUR-CH-10003981,419,813,Standard Class,539.66,3,0.3,-7.71
2906,CA-2014-127586,CS-12400,OFF-ST-10002615,61,468,Standard Class,310.12,2,0.0,80.63
2907,CA-2017-121615,DL-12925,OFF-PA-10000327,20,133,Standard Class,8.56,2,0.0,3.85
2908,CA-2017-121615,DL-12925,OFF-ST-10001325,20,133,Standard Class,52.4,5,0.0,14.15
2909,CA-2017-121615,DL-12925,OFF-LA-10001771,20,133,Standard Class,14.94,3,0.0,6.87
2910,CA-2017-166415,ME-17725,OFF-FA-10004968,6,601,Standard Class,11.22,3,0.0,0.22
2911,CA-2015-118444,VD-21670,OFF-AP-10000576,250,600,Standard Class,387.14,4,0.2,24.2
2912,CA-2014-113929,CK-12205,OFF-EN-10003286,420,738,Standard Class,41.4,5,0.0,19.46
2913,CA-2014-113929,CK-12205,OFF-AR-10003772,420,738,Standard Class,35.0,4,0.0,10.5
2914,CA-2014-113929,CK-12205,OFF-BI-10002852,420,738,Standard Class,39.55,3,0.2,14.34
2915,CA-2015-134747,DL-12925,TEC-PH-10002890,421,89,Second Class,135.72,3,0.0,35.29
2916,CA-2015-134747,DL-12925,OFF-BI-10001308,421,89,Second Class,12.56,2,0.0,5.65
2917,CA-2015-134747,DL-12925,TEC-PH-10001750,421,89,Second Class,263.96,4,0.0,71.27
2918,CA-2017-155047,SE-20110,OFF-AR-10003338,78,152,First Class,5.95,1,0.2,0.37
2919,CA-2016-160129,LS-17200,OFF-FA-10002763,12,814,Same Day,15.8,5,0.2,2.37
2920,CA-2016-160129,LS-17200,FUR-FU-10002088,12,814,Same Day,14.37,2,0.2,3.95
2921,CA-2016-160129,LS-17200,FUR-FU-10003976,12,814,Same Day,70.45,7,0.2,12.33
2922,CA-2017-164329,MM-17920,OFF-ST-10001511,10,290,Same Day,129.3,2,0.0,6.46
2923,US-2015-141453,DB-13270,OFF-BI-10000301,111,673,Second Class,3.88,3,0.8,-5.82
2924,CA-2014-156993,RW-19630,OFF-FA-10003495,152,308,Standard Class,6.08,1,0.0,3.04
2925,CA-2014-157721,JM-16195,OFF-AP-10001303,291,815,First Class,19.9,1,0.0,8.96
2926,CA-2014-157721,JM-16195,FUR-FU-10002116,291,815,First Class,70.71,1,0.0,4.95
2927,CA-2017-128629,BP-11155,FUR-FU-10000771,113,816,Second Class,18.84,3,0.0,7.91
2928,CA-2017-158106,CT-11995,OFF-AR-10002255,422,401,Standard Class,8.64,3,0.0,2.51
2929,US-2017-120390,TH-21550,OFF-BI-10004995,180,16,Standard Class,1633.19,4,0.7,-1306.55
2930,CA-2017-143434,ME-17320,FUR-FU-10002597,81,552,Standard Class,19.76,4,0.0,8.3
2931,CA-2015-168564,TT-21220,OFF-BI-10004970,10,817,Same Day,6.61,2,0.2,2.23
2932,CA-2015-168564,TT-21220,OFF-BI-10002557,10,817,Same Day,7.28,2,0.2,2.73
2933,CA-2015-168564,TT-21220,FUR-CH-10000785,10,817,Same Day,144.78,1,0.2,10.86
2934,US-2016-169040,GT-14710,TEC-PH-10002310,60,410,Standard Class,156.79,1,0.2,13.72
2935,US-2016-169040,GT-14710,TEC-PH-10002834,60,410,Standard Class,431.98,3,0.2,27.0
2936,US-2016-169040,GT-14710,OFF-EN-10000927,60,410,Standard Class,35.89,1,0.0,16.15
2937,US-2016-169040,GT-14710,OFF-BI-10001636,60,410,Standard Class,47.21,7,0.2,15.34
2938,US-2016-169040,GT-14710,OFF-PA-10001736,60,410,Standard Class,248.08,7,0.0,116.6
2939,US-2016-169040,GT-14710,OFF-PA-10000482,60,410,Standard Class,189.7,5,0.0,89.16
2940,US-2016-169040,GT-14710,OFF-BI-10001658,60,410,Standard Class,59.81,3,0.2,19.44
2941,CA-2017-155880,JD-16150,FUR-CH-10000422,202,614,Standard Class,90.99,1,0.0,14.56
2942,CA-2017-155880,JD-16150,FUR-CH-10004675,202,614,Standard Class,1526.56,7,0.0,427.44
2943,CA-2017-155880,JD-16150,FUR-CH-10002880,202,614,Standard Class,368.97,3,0.0,40.59
2944,CA-2017-126242,MC-18100,OFF-ST-10000675,14,124,Standard Class,305.01,9,0.0,76.25
2945,CA-2017-126242,MC-18100,FUR-FU-10002685,14,124,Standard Class,18.7,1,0.0,7.11
2946,CA-2016-166443,LH-17020,FUR-FU-10004020,35,255,First Class,38.29,7,0.0,16.46
2947,CA-2017-169859,MP-18175,FUR-FU-10004963,143,818,Standard Class,26.25,3,0.0,11.02
2948,CA-2017-169859,MP-18175,OFF-BI-10000174,143,818,Standard Class,64.96,14,0.2,22.74
2949,CA-2017-169859,MP-18175,OFF-EN-10000461,143,818,Standard Class,43.7,5,0.0,20.54
2950,CA-2017-134915,EM-14140,TEC-AC-10001266,277,106,Same Day,41.6,4,0.2,13.0
2951,CA-2017-134915,EM-14140,OFF-PA-10002160,277,106,Same Day,23.12,5,0.2,8.38
2952,CA-2017-134915,EM-14140,FUR-CH-10004875,277,106,Same Day,113.89,2,0.2,9.97
2953,CA-2017-134915,EM-14140,FUR-FU-10000305,277,106,Same Day,113.57,2,0.2,-5.68
2954,CA-2017-134915,EM-14140,TEC-PH-10000347,277,106,Same Day,7.92,2,0.2,0.69
2955,CA-2017-134915,EM-14140,TEC-PH-10001459,277,106,Same Day,671.98,2,0.2,50.4
2956,CA-2016-153353,GG-14650,TEC-PH-10000439,46,299,Standard Class,39.99,1,0.0,11.6
2957,CA-2017-123638,MA-17995,FUR-CH-10002647,291,819,Standard Class,191.65,3,0.1,31.94
2958,CA-2017-168900,SH-20395,OFF-BI-10003910,158,465,Standard Class,2.31,1,0.7,-1.93
2959,CA-2015-158456,KT-16465,OFF-BI-10001097,4,101,Standard Class,19.94,4,0.2,7.23
2960,CA-2015-158456,KT-16465,OFF-FA-10004854,4,101,Standard Class,45.92,4,0.0,21.58
2961,CA-2017-143665,PO-19180,OFF-PA-10003673,61,467,Standard Class,20.34,3,0.0,9.36
2962,CA-2017-143665,PO-19180,OFF-LA-10002034,61,467,Standard Class,39.28,8,0.0,19.25
2963,CA-2017-137428,AY-10555,FUR-CH-10002774,219,820,Second Class,81.57,2,0.2,9.18
2964,CA-2017-137428,AY-10555,FUR-CH-10003817,219,820,Second Class,97.18,2,0.2,6.07
2965,CA-2017-137428,AY-10555,OFF-BI-10002949,219,820,Second Class,24.32,5,0.2,8.21
2966,CA-2017-137428,AY-10555,FUR-FU-10002445,219,820,Second Class,18.96,2,0.0,7.58
2967,CA-2014-162866,Co-12640,FUR-FU-10001473,302,423,Standard Class,32.95,6,0.6,-19.77
2968,CA-2014-162866,Co-12640,OFF-ST-10002562,302,423,Standard Class,30.02,4,0.2,3.0
2969,CA-2017-167941,JF-15565,OFF-AP-10002118,307,45,Second Class,499.58,3,0.2,43.71
2970,CA-2017-167941,JF-15565,OFF-PA-10001800,307,45,Second Class,31.1,6,0.2,10.89
2971,CA-2017-167941,JF-15565,OFF-BI-10002827,307,45,Second Class,13.27,8,0.7,-10.62
2972,CA-2017-167941,JF-15565,FUR-FU-10004671,307,45,Second Class,28.27,2,0.2,6.36
2973,CA-2017-167941,JF-15565,OFF-ST-10000736,307,45,Second Class,259.14,4,0.2,-51.83
2974,CA-2017-111808,AR-10510,OFF-BI-10004656,313,820,Standard Class,10.8,5,0.0,5.18
2975,CA-2015-137512,AG-10675,FUR-TA-10001095,294,821,Standard Class,244.01,2,0.3,-31.37
2976,CA-2015-137512,AG-10675,OFF-PA-10000213,294,821,Standard Class,15.94,4,0.2,5.38
2977,CA-2017-139773,DV-13045,FUR-CH-10001797,106,770,Same Day,188.55,7,0.3,-2.69
2978,CA-2017-134607,HL-15040,OFF-ST-10002214,145,622,Second Class,22.58,2,0.0,5.87
2979,CA-2014-109232,ND-18370,FUR-CH-10000422,423,287,Second Class,545.94,6,0.0,87.35
2980,CA-2015-139850,GB-14575,OFF-PA-10003848,64,822,Standard Class,20.74,4,0.2,7.26
2981,CA-2015-139850,GB-14575,FUR-FU-10003623,64,822,Standard Class,43.3,2,0.2,4.33
2982,CA-2014-131310,CL-12565,FUR-CH-10001797,61,137,Standard Class,123.14,4,0.2,13.85
2983,CA-2014-131310,CL-12565,OFF-BI-10003094,61,137,Standard Class,11.26,4,0.2,3.8
2984,US-2014-112872,RC-19960,OFF-ST-10002205,331,777,Second Class,53.42,3,0.2,4.67
2985,US-2014-112872,RC-19960,FUR-TA-10003238,331,777,Second Class,275.49,1,0.5,-170.8
2986,CA-2016-139269,JB-16045,FUR-FU-10000755,113,823,Standard Class,24.96,4,0.0,6.24
2987,CA-2016-139269,JB-16045,OFF-PA-10002893,113,823,Standard Class,19.36,2,0.0,9.29
2988,CA-2016-139269,JB-16045,OFF-ST-10000689,113,823,Standard Class,1267.65,9,0.0,152.12
2989,CA-2016-139010,MC-17635,TEC-AC-10004227,4,824,Second Class,12.99,1,0.0,0.78
2990,CA-2016-139010,MC-17635,OFF-BI-10000174,4,824,Second Class,18.56,4,0.2,6.5
2991,CA-2016-139010,MC-17635,OFF-ST-10001809,4,824,Second Class,449.15,5,0.0,8.98
2992,CA-2016-139010,MC-17635,OFF-BI-10002309,4,824,Second Class,31.25,7,0.2,10.94
2993,CA-2016-134376,TT-21265,OFF-AP-10004532,24,825,Standard Class,61.44,3,0.0,16.59
2994,CA-2017-147291,MJ-17740,OFF-BI-10003091,84,826,Standard Class,895.92,4,0.0,421.08
2995,CA-2016-112893,AT-10735,OFF-BI-10004654,353,370,Second Class,55.36,4,0.2,18.68
2996,US-2014-150532,PB-19150,OFF-ST-10000760,52,687,Standard Class,55.92,5,0.2,6.29
2997,CA-2014-138317,NW-18400,OFF-EN-10001539,75,262,Standard Class,24.9,4,0.2,8.4
2998,CA-2014-138317,NW-18400,FUR-FU-10000550,75,262,Standard Class,3.98,1,0.2,0.65
2999,CA-2014-138317,NW-18400,TEC-AC-10003628,75,262,Standard Class,95.97,4,0.2,28.79
3000,CA-2014-138317,NW-18400,TEC-MA-10004521,75,262,Standard Class,206.99,3,0.7,-172.49
3001,CA-2014-138317,NW-18400,OFF-AP-10003860,75,262,Standard Class,44.42,2,0.2,3.89
3002,CA-2014-138317,NW-18400,OFF-BI-10000069,75,262,Standard Class,9.01,2,0.7,-7.2
3003,CA-2015-130610,VP-21730,OFF-BI-10003655,424,762,Standard Class,19.0,5,0.0,8.93
3004,CA-2017-104381,RD-19810,OFF-BI-10001628,145,820,Standard Class,33.38,4,0.2,10.43
3005,CA-2016-131499,MG-17875,OFF-AP-10003779,165,163,First Class,207.48,1,0.0,62.24
3006,CA-2014-148761,PA-19060,OFF-BI-10000666,425,827,Standard Class,91.68,3,0.0,45.84
3007,CA-2017-116519,CR-12730,OFF-AP-10000828,30,120,First Class,904.9,5,0.0,253.37
3008,CA-2014-130729,AA-10375,OFF-BI-10002706,350,746,Standard Class,34.27,3,0.2,11.14
3009,CA-2016-124772,JG-15160,FUR-FU-10004748,264,6,First Class,191.82,3,0.0,74.81
3010,CA-2016-115525,RR-19525,OFF-AP-10000026,214,198,Standard Class,243.88,5,0.2,27.44
3011,CA-2017-134845,SR-20425,OFF-BI-10000773,128,828,Standard Class,12.03,5,0.7,-9.22
3012,CA-2017-134845,SR-20425,TEC-MA-10000822,128,828,Standard Class,2549.98,5,0.7,-3399.98
3013,CA-2017-134845,SR-20425,OFF-BI-10001543,128,828,Standard Class,21.59,2,0.7,-15.84
3014,CA-2017-134845,SR-20425,OFF-BI-10003355,128,828,Standard Class,8.96,6,0.7,-6.57
3015,CA-2017-134845,SR-20425,OFF-PA-10002005,128,828,Standard Class,20.74,4,0.2,7.26
3016,US-2015-138919,LS-16975,FUR-TA-10004154,46,15,Standard Class,344.22,2,0.4,-103.27
3017,US-2016-160528,MH-18115,OFF-ST-10002743,426,829,Standard Class,727.3,8,0.2,-172.73
3018,US-2016-160528,MH-18115,FUR-FU-10004973,426,829,Standard Class,22.61,3,0.6,-10.17
3019,US-2016-160528,MH-18115,TEC-AC-10002842,426,829,Standard Class,666.4,7,0.2,-33.32
3020,CA-2015-123568,SC-20095,OFF-FA-10002701,9,628,Standard Class,5.04,3,0.0,0.2
3021,CA-2015-123568,SC-20095,OFF-PA-10001125,9,628,Standard Class,92.94,3,0.0,41.82
3022,CA-2015-123568,SC-20095,FUR-FU-10004090,9,628,Standard Class,66.69,3,0.0,22.01
3023,CA-2015-123568,SC-20095,OFF-BI-10001510,9,628,Standard Class,91.68,5,0.2,28.65
3024,CA-2017-124674,JB-16000,FUR-BO-10002202,231,702,Standard Class,327.73,2,0.32,-14.46
3025,CA-2015-164441,AC-10450,OFF-BI-10001922,165,628,Standard Class,52.27,11,0.2,17.64
3026,CA-2015-164441,AC-10450,OFF-PA-10001667,165,628,Standard Class,17.94,3,0.0,8.07
3027,CA-2017-169054,MO-17800,FUR-FU-10001488,12,301,Standard Class,254.35,3,0.2,0.0
3028,CA-2014-106719,RB-19645,OFF-BI-10002799,427,830,Same Day,8.29,2,0.2,2.69
3029,CA-2017-116855,AI-10855,FUR-CH-10003846,338,95,Standard Class,504.9,5,0.0,80.78
3030,US-2016-164189,DR-12880,TEC-PH-10003691,428,831,Standard Class,403.17,4,0.2,25.2
3031,CA-2015-168480,DM-12955,FUR-BO-10000468,368,482,Standard Class,194.32,4,0.0,31.09
3032,CA-2015-168480,DM-12955,OFF-AR-10001044,368,482,Standard Class,25.99,1,0.0,7.54
3033,US-2016-114293,JH-16180,FUR-CH-10003833,428,832,Standard Class,195.14,4,0.2,-12.2
3034,CA-2017-134173,AB-10060,OFF-PA-10004355,106,119,Standard Class,20.74,4,0.2,7.26
3035,US-2015-123960,BD-11605,TEC-AC-10003038,69,833,Standard Class,53.7,6,0.0,10.2
3036,US-2015-123960,BD-11605,OFF-BI-10002799,69,833,Standard Class,36.26,7,0.0,16.68
3037,US-2015-123960,BD-11605,OFF-AR-10003582,69,833,Standard Class,56.3,2,0.0,15.76
3038,US-2015-123960,BD-11605,OFF-PA-10004451,69,833,Standard Class,32.4,5,0.0,15.55
3039,US-2015-123960,BD-11605,FUR-FU-10004666,69,833,Standard Class,29.16,2,0.0,10.79
3040,CA-2017-101749,AS-10045,FUR-TA-10001520,55,622,Standard Class,171.29,3,0.2,-6.42
3041,US-2016-147991,ZD-21925,FUR-FU-10004270,429,466,Standard Class,16.72,5,0.2,3.34
3042,CA-2017-149559,KF-16285,OFF-PA-10003172,107,221,Same Day,12.96,2,0.0,6.22
3043,CA-2017-149559,KF-16285,OFF-EN-10002312,107,221,Same Day,22.18,2,0.0,10.87
3044,CA-2017-149559,KF-16285,FUR-CH-10002320,107,221,Same Day,2054.27,8,0.2,256.78
3045,CA-2015-135174,BP-11230,TEC-PH-10001530,413,29,Second Class,1022.97,5,0.4,-255.74
3046,CA-2017-125290,CC-12430,OFF-AR-10001216,40,45,Second Class,13.9,5,0.0,3.61
3047,CA-2017-125290,CC-12430,OFF-PA-10003127,40,45,Second Class,26.38,1,0.0,12.13
3048,CA-2014-137351,DB-13615,OFF-BI-10003910,60,588,Standard Class,43.18,7,0.2,13.49
3049,CA-2017-121419,TC-21475,FUR-TA-10004534,113,460,First Class,411.8,2,0.0,70.01
3050,CA-2017-121419,TC-21475,TEC-AC-10000892,113,460,First Class,360.0,4,0.0,129.6
3051,US-2017-148054,NZ-18565,FUR-FU-10003247,430,834,Standard Class,41.96,2,0.0,2.94
3052,US-2017-148054,NZ-18565,OFF-AP-10004336,430,834,Standard Class,227.84,4,0.0,66.07
3053,US-2017-148054,NZ-18565,OFF-PA-10001295,430,834,Standard Class,37.94,2,0.0,18.21
3054,CA-2016-128517,SW-20350,TEC-PH-10002555,84,527,Second Class,517.9,2,0.0,134.65
3055,CA-2016-128517,SW-20350,OFF-BI-10000831,84,527,Second Class,5.28,2,0.0,2.43
3056,US-2015-100377,TS-21370,TEC-CO-10001046,37,835,Standard Class,2799.96,5,0.2,874.99
3057,CA-2017-131492,HH-15010,OFF-EN-10002973,95,16,Second Class,8.96,2,0.0,4.3
3058,CA-2017-131492,HH-15010,OFF-LA-10001641,95,16,Second Class,31.5,10,0.0,15.12
3059,CA-2017-131492,HH-15010,FUR-FU-10003878,95,16,Second Class,30.56,2,0.0,10.39
3060,CA-2017-131492,HH-15010,FUR-TA-10003837,95,16,Second Class,24.37,2,0.2,-3.35
3061,CA-2016-144554,DM-13345,TEC-AC-10002800,56,78,Standard Class,119.98,3,0.2,22.5
3062,CA-2017-127621,RE-19450,OFF-PA-10001307,177,449,Standard Class,26.88,8,0.2,9.74
3063,CA-2015-145184,JD-16150,TEC-PH-10002350,286,155,First Class,83.97,3,0.0,23.51
3064,CA-2015-145184,JD-16150,TEC-AC-10000397,286,155,First Class,104.97,3,0.0,7.35
3065,CA-2017-106859,BF-11215,OFF-ST-10000615,384,678,Second Class,90.8,8,0.0,25.42
3066,CA-2017-106859,BF-11215,TEC-PH-10004531,384,678,Second Class,140.74,8,0.2,49.26
3067,CA-2017-106859,BF-11215,TEC-AC-10004001,384,678,Second Class,214.95,5,0.0,88.13
3068,CA-2017-106859,BF-11215,OFF-PA-10001534,384,678,Second Class,45.36,7,0.0,21.77
3069,CA-2017-106859,BF-11215,OFF-PA-10001815,384,678,Second Class,288.24,6,0.0,138.36
3070,US-2017-120089,ML-17755,OFF-AP-10003779,214,330,Same Day,663.94,4,0.2,82.99
3071,CA-2014-119375,YC-21895,OFF-ST-10002011,286,665,Standard Class,2934.33,7,0.0,792.27
3072,CA-2014-119375,YC-21895,FUR-FU-10002379,286,665,Standard Class,124.41,3,0.0,14.93
3073,CA-2014-119375,YC-21895,OFF-AR-10003752,286,665,Standard Class,57.75,5,0.0,26.56
3074,CA-2016-125206,LR-16915,OFF-ST-10003692,63,836,First Class,114.46,2,0.0,28.62
3075,CA-2015-126137,BS-11755,FUR-BO-10004409,4,293,Standard Class,120.67,2,0.15,18.45
3076,CA-2014-143903,KM-16375,OFF-ST-10003306,163,837,Standard Class,342.86,3,0.2,38.57
3077,CA-2014-143903,KM-16375,FUR-FU-10003724,163,837,Standard Class,16.74,5,0.6,-14.23
3078,CA-2014-143903,KM-16375,FUR-CH-10002024,163,837,Standard Class,981.37,2,0.3,-140.2
3079,CA-2014-104780,BT-11530,OFF-AR-10003514,89,372,Standard Class,31.84,8,0.0,10.51
3080,CA-2017-101182,KB-16405,OFF-PA-10001800,431,508,First Class,12.96,2,0.0,6.22
3081,CA-2017-101182,KB-16405,TEC-PH-10003589,431,508,First Class,43.18,3,0.2,15.11
3082,US-2017-132297,DW-13480,OFF-BI-10003364,176,838,Standard Class,58.34,2,0.0,28.0
3083,US-2017-132297,DW-13480,TEC-PH-10002834,176,838,Standard Class,539.97,3,0.0,134.99
3084,CA-2014-100328,JC-15340,OFF-BI-10000343,24,839,Standard Class,3.93,1,0.2,1.33
3085,CA-2017-118773,TP-21415,OFF-BI-10004584,33,840,Standard Class,252.78,4,0.8,-417.09
3086,CA-2017-118773,TP-21415,TEC-AC-10002402,33,840,Standard Class,127.98,2,0.2,16.0
3087,CA-2017-118773,TP-21415,FUR-FU-10000550,33,840,Standard Class,3.98,2,0.6,-2.69
3088,CA-2017-118773,TP-21415,OFF-AP-10000055,33,840,Standard Class,12.99,2,0.8,-32.48
3089,US-2017-159205,DB-12910,FUR-FU-10001591,1,186,Second Class,61.0,5,0.0,25.62
3090,US-2017-159205,DB-12910,TEC-PH-10000526,1,186,Second Class,671.93,7,0.0,188.14
3091,CA-2016-112123,BH-11710,OFF-BI-10001071,286,841,Standard Class,447.86,7,0.0,219.45
3092,CA-2016-112123,BH-11710,TEC-PH-10001557,286,841,Standard Class,479.95,5,0.0,129.59
3093,CA-2016-112123,BH-11710,OFF-PA-10001977,286,841,Standard Class,166.44,3,0.0,79.89
3094,CA-2015-114468,TD-20995,OFF-SU-10004231,432,842,Same Day,31.68,4,0.2,2.77
3095,CA-2015-114468,TD-20995,OFF-PA-10000809,432,842,Same Day,10.37,2,0.2,3.63
3096,CA-2015-114468,TD-20995,OFF-FA-10003021,432,842,Same Day,12.03,8,0.2,2.26
3097,CA-2015-114468,TD-20995,OFF-AP-10000696,432,842,Same Day,5.77,2,0.8,-13.55
3098,CA-2017-135692,CV-12805,OFF-LA-10001158,7,843,Standard Class,33.12,4,0.2,11.59
3099,CA-2017-135692,CV-12805,FUR-BO-10002268,7,843,Standard Class,220.27,4,0.32,-42.11
3100,CA-2017-131233,CS-12355,OFF-BI-10000829,24,350,Standard Class,10.78,3,0.2,3.5
3101,CA-2017-131233,CS-12355,FUR-BO-10003441,24,350,Standard Class,242.35,3,0.2,9.09
3102,CA-2017-119578,JG-15310,OFF-SU-10003505,260,67,Second Class,695.16,6,0.0,34.76
3103,CA-2017-119578,JG-15310,FUR-BO-10003660,260,67,Second Class,220.98,1,0.0,50.83
3104,CA-2016-124562,JP-16135,OFF-BI-10001267,48,17,Standard Class,12.96,7,0.7,-9.5
3105,US-2017-140074,EC-14050,OFF-PA-10002741,24,722,Standard Class,25.68,6,0.0,11.56
3106,CA-2016-103037,KH-16630,OFF-LA-10004345,33,198,Standard Class,15.71,4,0.2,5.7
3107,CA-2017-127460,FG-14260,OFF-ST-10004340,174,816,Standard Class,298.46,6,0.2,26.12
3108,CA-2016-121671,AA-10480,OFF-PA-10001471,335,20,Standard Class,21.93,3,0.0,10.09
3109,CA-2016-121671,AA-10480,OFF-ST-10002344,335,20,Standard Class,242.94,3,0.0,4.86
3110,CA-2016-121671,AA-10480,OFF-PA-10001892,335,20,Standard Class,7.64,1,0.0,3.74
3111,CA-2016-121671,AA-10480,OFF-PA-10001934,335,20,Standard Class,51.84,8,0.0,25.4
3112,CA-2016-121671,AA-10480,OFF-ST-10000078,335,20,Standard Class,265.17,1,0.0,47.73
3113,CA-2016-150350,MS-17770,TEC-MA-10001972,60,829,Standard Class,837.6,3,0.2,62.82
3114,CA-2016-150350,MS-17770,OFF-EN-10002504,60,829,Standard Class,135.9,5,0.0,63.87
3115,CA-2016-150350,MS-17770,OFF-PA-10002160,60,829,Standard Class,34.68,6,0.0,16.99
3116,CA-2016-150350,MS-17770,FUR-CH-10001973,60,829,Standard Class,532.7,6,0.2,-39.95
3117,CA-2016-150350,MS-17770,OFF-AP-10001492,60,829,Standard Class,43.1,5,0.0,11.21
3118,CA-2016-150350,MS-17770,OFF-SU-10002189,60,829,Standard Class,15.88,4,0.0,0.16
3119,CA-2015-121720,JE-15610,FUR-CH-10003312,153,833,First Class,1123.92,5,0.2,-182.64
3120,CA-2015-121720,JE-15610,TEC-PH-10002496,153,833,First Class,249.58,2,0.2,31.2
3121,CA-2015-121720,JE-15610,FUR-FU-10003464,153,833,First Class,48.67,3,0.2,7.3
3122,CA-2015-121720,JE-15610,OFF-AR-10000380,153,833,First Class,60.77,2,0.2,7.6
3123,CA-2015-121720,JE-15610,OFF-BI-10004593,153,833,First Class,78.6,5,0.7,-62.88
3124,CA-2015-121720,JE-15610,OFF-BI-10001308,153,833,First Class,3.77,2,0.7,-3.14
3125,CA-2015-121720,JE-15610,OFF-ST-10001780,153,833,First Class,1036.62,2,0.2,51.83
3126,CA-2015-121720,JE-15610,OFF-ST-10003816,153,833,First Class,563.81,4,0.2,21.14
3127,CA-2017-149895,EB-14110,TEC-PH-10002200,64,566,Standard Class,258.53,2,0.4,-47.4
3128,CA-2017-147564,BP-11155,OFF-PA-10004438,165,281,Standard Class,49.12,4,0.0,23.09
3129,CA-2014-136399,CC-12100,FUR-FU-10004090,14,758,First Class,44.46,2,0.0,14.67
3130,CA-2014-136399,CC-12100,FUR-CH-10002602,14,758,First Class,241.57,2,0.2,18.12
3131,CA-2014-136399,CC-12100,TEC-AC-10001142,14,758,First Class,395.0,5,0.0,39.5
3132,CA-2014-136399,CC-12100,TEC-PH-10004977,14,758,First Class,627.17,4,0.2,70.56
3133,CA-2014-107916,JP-15460,FUR-FU-10004586,188,830,First Class,13.28,2,0.0,6.37
3134,CA-2014-107916,JP-15460,OFF-BI-10001116,188,830,First Class,12.67,3,0.2,4.44
3135,CA-2017-164168,LS-16975,OFF-BI-10000666,177,106,Standard Class,30.56,5,0.8,-45.84
3136,CA-2017-164168,LS-16975,OFF-ST-10002583,177,106,Standard Class,77.95,3,0.2,-15.59
3137,CA-2017-164168,LS-16975,TEC-PH-10004908,177,106,Standard Class,67.99,1,0.2,8.5
3138,CA-2017-164168,LS-16975,OFF-EN-10001219,177,106,Standard Class,12.22,2,0.2,4.43
3139,CA-2017-164168,LS-16975,TEC-AC-10004568,177,106,Standard Class,44.78,2,0.2,-0.56
3140,CA-2017-164168,LS-16975,FUR-FU-10001756,177,106,Standard Class,22.85,3,0.6,-17.71
3141,CA-2015-112557,JL-15850,OFF-AP-10002311,46,335,First Class,206.43,3,0.0,90.83
3142,US-2014-122959,CY-12745,OFF-BI-10003650,66,433,Same Day,210.39,2,0.8,-336.63
3143,CA-2017-162572,RB-19360,TEC-AC-10003628,94,146,Second Class,119.96,5,0.2,35.99
3144,CA-2017-162572,RB-19360,OFF-AR-10001547,94,146,Second Class,10.61,6,0.2,0.93
3145,US-2016-148110,AR-10825,FUR-CH-10002647,111,65,Standard Class,347.8,7,0.3,-24.84
3146,CA-2017-131828,CS-11845,FUR-CH-10004495,60,513,Second Class,963.14,4,0.2,108.35
3147,CA-2017-131828,CS-11845,TEC-PH-10002923,60,513,Second Class,88.78,3,0.2,7.77
3148,CA-2014-109218,AR-10825,OFF-AR-10001374,26,480,Second Class,32.4,5,0.0,10.37
3149,CA-2016-120558,RD-19810,OFF-PA-10003441,46,844,First Class,32.4,5,0.0,15.55
3150,US-2014-109036,KH-16510,OFF-LA-10002043,6,415,Standard Class,31.05,3,0.0,14.9
3151,CA-2015-147830,NF-18385,TEC-AC-10002049,56,84,First Class,2025.36,6,0.2,607.61
3152,CA-2015-147830,NF-18385,TEC-MA-10000418,56,84,First Class,1799.99,2,0.7,-2639.99
3153,CA-2015-147830,NF-18385,TEC-PH-10004908,56,84,First Class,101.99,2,0.4,-17.0
3154,CA-2015-147830,NF-18385,FUR-FU-10004091,56,84,First Class,262.86,7,0.2,69.0
3155,CA-2017-150497,SM-20950,OFF-BI-10004600,433,229,Standard Class,735.98,2,0.0,331.19
3156,CA-2014-128986,GH-14410,OFF-PA-10001289,277,94,Second Class,93.02,3,0.2,33.72
3157,CA-2015-139584,EM-13810,FUR-TA-10001539,30,253,Standard Class,284.36,2,0.4,-75.83
3158,CA-2015-139584,EM-13810,TEC-AC-10001266,30,253,Standard Class,26.0,2,0.0,11.7
3159,US-2016-162677,DB-13210,OFF-ST-10001291,223,254,First Class,67.64,5,0.2,5.92
3160,US-2016-162677,DB-13210,TEC-AC-10001314,223,254,First Class,119.98,3,0.2,-18.0
3161,US-2014-150924,PT-19090,OFF-BI-10004040,33,172,Second Class,5.18,5,0.8,-8.03
3162,CA-2014-153969,HF-14995,OFF-EN-10001539,10,159,Standard Class,15.56,2,0.0,7.31
3163,CA-2014-153969,HF-14995,OFF-EN-10004483,10,159,Standard Class,78.35,5,0.0,36.82
3164,CA-2014-153969,HF-14995,OFF-AR-10001615,10,159,Standard Class,59.52,3,0.0,15.48
3165,CA-2014-153969,HF-14995,OFF-PA-10000327,10,159,Standard Class,38.52,9,0.0,17.33
3166,CA-2014-153969,HF-14995,TEC-PH-10001299,10,159,Standard Class,239.98,2,0.2,24.0
3167,CA-2014-153969,HF-14995,OFF-PA-10002246,10,159,Standard Class,19.35,3,0.0,9.48
3168,CA-2016-146682,KW-16435,FUR-FU-10002671,243,518,First Class,67.0,5,0.0,32.16
3169,CA-2016-138695,KC-16675,FUR-CH-10003833,395,317,Standard Class,390.27,8,0.2,-24.39
3170,CA-2016-138695,KC-16675,OFF-PA-10001667,395,317,Standard Class,62.19,13,0.2,19.43
3171,CA-2017-107461,PK-19075,OFF-BI-10002003,38,203,Second Class,23.88,6,0.0,11.22
3172,US-2016-133879,KT-16465,OFF-BI-10004465,37,845,Standard Class,3.17,2,0.8,-4.75
3173,US-2016-133879,KT-16465,FUR-CH-10000665,37,845,Standard Class,528.43,5,0.3,0.0
3174,US-2016-133879,KT-16465,OFF-AR-10004956,37,845,Standard Class,13.39,3,0.2,1.51
3175,CA-2017-157483,EP-13915,OFF-AR-10004260,84,344,Standard Class,181.86,7,0.0,50.92
3176,US-2017-132059,AP-10915,FUR-BO-10001811,377,398,Standard Class,180.59,2,0.7,-240.78
3177,US-2017-132059,AP-10915,TEC-AC-10003280,377,398,Standard Class,47.98,2,0.2,0.6
3178,CA-2017-122280,SH-20395,OFF-PA-10004911,24,19,Same Day,18.76,2,0.0,9.0
3179,CA-2017-105235,SM-20950,FUR-FU-10001487,165,257,Standard Class,20.94,3,0.0,6.07
3180,CA-2017-105235,SM-20950,FUR-FU-10000521,165,257,Standard Class,58.68,2,0.0,18.19
3181,CA-2017-105235,SM-20950,OFF-AP-10001271,165,257,Standard Class,254.9,5,0.0,68.82
3182,CA-2017-152912,BM-11650,OFF-BI-10004728,210,46,Second Class,9.64,2,0.0,4.43
3183,CA-2017-152912,BM-11650,TEC-AC-10004666,210,46,Second Class,826.62,3,0.0,355.45
3184,CA-2017-152912,BM-11650,OFF-ST-10003208,210,46,Second Class,1633.14,9,0.0,473.61
3185,CA-2017-152912,BM-11650,OFF-ST-10003208,210,46,Second Class,544.38,3,0.0,157.87
3186,CA-2014-123498,TC-20980,OFF-BI-10000632,17,846,First Class,26.05,3,0.8,-44.28
3187,CA-2014-123498,TC-20980,OFF-EN-10004773,17,846,First Class,74.35,3,0.2,26.95
3188,CA-2017-159352,KB-16585,TEC-PH-10004700,112,847,Standard Class,69.93,7,0.0,32.17
3189,US-2017-146416,JE-16165,OFF-LA-10003714,434,180,Second Class,3.75,1,0.0,1.8
3190,US-2017-146416,JE-16165,OFF-BI-10001787,434,180,Second Class,20.93,4,0.2,7.59
3191,US-2015-163783,DR-12940,OFF-ST-10002957,27,18,Standard Class,12.67,3,0.2,-3.17
3192,CA-2017-123981,RW-19630,TEC-PH-10002115,46,281,Standard Class,65.99,1,0.0,17.16
3193,CA-2017-158953,ML-18040,OFF-BI-10002557,435,401,Standard Class,6.37,7,0.8,-9.56
3194,CA-2014-165428,JL-15130,OFF-BI-10002949,67,417,First Class,3.65,3,0.8,-6.02
3195,CA-2014-165428,JL-15130,OFF-PA-10004100,67,417,First Class,31.1,6,0.2,10.89
3196,CA-2016-169026,CM-12655,OFF-FA-10001883,130,591,Standard Class,23.34,3,0.0,0.23
3197,CA-2017-109750,FH-14365,TEC-PH-10000702,30,848,Standard Class,29.97,3,0.0,14.09
3198,CA-2015-149384,EH-13945,OFF-BI-10003196,287,849,Same Day,3.37,3,0.7,-2.24
3199,CA-2014-131527,TB-21280,TEC-PH-10001644,223,589,Standard Class,95.97,4,0.2,9.6
3200,CA-2017-164000,AH-10030,OFF-AR-10003183,64,405,Standard Class,18.7,7,0.2,2.34
3201,CA-2014-164224,TT-21070,FUR-FU-10000308,76,599,Second Class,149.23,3,0.2,3.73
3202,CA-2014-164224,TT-21070,OFF-PA-10001526,76,599,Second Class,15.94,4,0.2,5.78
3203,CA-2014-158372,RD-19900,TEC-PH-10002103,89,850,Standard Class,601.54,8,0.2,60.15
3204,CA-2014-158372,RD-19900,TEC-AC-10004209,89,850,Standard Class,10.99,1,0.0,4.29
3205,CA-2014-158372,RD-19900,FUR-FU-10000397,89,850,Standard Class,39.88,2,0.0,11.17
3206,CA-2014-158372,RD-19900,OFF-PA-10002137,89,850,Standard Class,62.24,8,0.0,28.01
3207,CA-2014-158372,RD-19900,FUR-FU-10001867,89,850,Standard Class,53.2,5,0.0,14.9
3208,CA-2014-158372,RD-19900,OFF-LA-10000407,89,850,Standard Class,39.84,8,0.0,18.33
3209,CA-2016-108882,LA-16780,TEC-AC-10000420,254,851,Standard Class,349.95,5,0.0,118.98
3210,CA-2016-108882,LA-16780,TEC-PH-10002726,254,851,Standard Class,377.93,9,0.2,141.72
3211,US-2017-108245,SH-19975,OFF-EN-10001415,436,586,Standard Class,13.39,3,0.2,5.02
3212,US-2017-108245,SH-19975,OFF-BI-10000773,436,586,Standard Class,11.23,7,0.8,-18.53
3213,CA-2014-142314,SF-20200,OFF-AP-10002350,239,852,Standard Class,207.24,11,0.0,58.03
3214,CA-2016-132409,TH-21235,OFF-AR-10001919,64,440,Standard Class,1.5,1,0.2,0.17
3215,CA-2016-132409,TH-21235,OFF-AP-10002082,64,440,Standard Class,34.85,2,0.2,6.53
3216,CA-2017-150189,VG-21790,OFF-LA-10002762,437,142,First Class,75.18,6,0.0,35.33
3217,CA-2014-114433,NP-18325,TEC-AC-10002800,233,9,Standard Class,149.97,3,0.0,52.49
3218,CA-2017-104640,FH-14275,OFF-BI-10003925,24,469,Standard Class,931.18,3,0.2,314.27
3219,CA-2017-104640,FH-14275,TEC-PH-10002200,24,469,Standard Class,430.88,2,0.0,124.96
3220,US-2015-137008,JP-15460,OFF-PA-10001295,101,654,Standard Class,94.85,5,0.0,45.53
3221,US-2015-137008,JP-15460,OFF-EN-10002500,101,654,Standard Class,51.12,4,0.0,23.0
3222,US-2015-137008,JP-15460,TEC-AC-10000892,101,654,Standard Class,90.0,1,0.0,32.4
3223,CA-2014-108189,ES-14080,OFF-PA-10001838,287,853,First Class,9.41,2,0.2,3.41
3224,CA-2014-108189,ES-14080,OFF-FA-10000735,287,853,First Class,4.67,2,0.2,1.46
3225,CA-2014-108189,ES-14080,TEC-PH-10001760,287,853,First Class,318.4,2,0.2,107.46
3226,CA-2014-108189,ES-14080,OFF-EN-10004846,287,853,First Class,12.77,6,0.2,4.63
3227,CA-2014-108189,ES-14080,OFF-SU-10003567,287,853,First Class,15.36,2,0.2,-3.26
3228,CA-2014-108189,ES-14080,TEC-PH-10001557,287,853,First Class,230.38,3,0.2,20.16
3229,CA-2014-108189,ES-14080,TEC-AC-10003038,287,853,First Class,7.16,1,0.2,-0.09
3230,CA-2014-154641,KL-16645,OFF-ST-10004459,46,431,Standard Class,375.34,1,0.0,18.77
3231,CA-2017-131625,BN-11515,FUR-FU-10004960,30,854,Second Class,114.9,5,0.0,39.07
3232,US-2017-156356,ND-18370,OFF-BI-10000632,15,514,Standard Class,26.05,3,0.8,-44.28
3233,US-2017-156356,ND-18370,OFF-BI-10001107,15,514,Standard Class,2.9,1,0.8,-4.78
3234,US-2017-156356,ND-18370,OFF-ST-10002301,15,514,Standard Class,32.54,2,0.2,-7.73
3235,CA-2016-138933,JL-15130,OFF-BI-10003355,216,424,First Class,3.98,1,0.2,1.39
3236,CA-2016-140746,RC-19825,FUR-TA-10002903,70,805,Same Day,181.8,1,0.3,-15.58
3237,CA-2016-146836,CC-12475,OFF-ST-10001580,24,441,Same Day,44.94,3,0.0,12.58
3238,CA-2016-146836,CC-12475,OFF-BI-10000315,24,441,Same Day,45.58,3,0.2,15.95
3239,US-2016-127971,DW-13195,FUR-CH-10003774,15,74,Standard Class,318.43,5,0.3,-77.33
3240,US-2016-127971,DW-13195,TEC-PH-10003095,15,74,Standard Class,122.92,7,0.2,46.1
3241,US-2016-127971,DW-13195,FUR-FU-10000023,15,74,Standard Class,7.07,3,0.6,-2.83
3242,US-2016-140809,CK-12760,OFF-ST-10002214,102,855,First Class,56.45,5,0.0,14.68
3243,CA-2017-114524,EG-13900,OFF-BI-10002799,37,186,Second Class,13.47,13,0.8,-22.9
3244,CA-2017-113355,SJ-20215,TEC-PH-10004912,71,97,Standard Class,219.8,5,0.2,24.73
3245,CA-2017-113355,SJ-20215,FUR-CH-10002602,71,97,Standard Class,317.06,3,0.3,-18.12
3246,US-2017-140907,BP-11185,TEC-AC-10004510,6,390,Second Class,49.08,3,0.0,4.91
3247,US-2017-140907,BP-11185,OFF-ST-10000060,6,390,Second Class,324.9,5,0.0,38.99
3248,US-2017-140907,BP-11185,OFF-AR-10000799,6,390,Second Class,18.24,3,0.0,5.29
3249,CA-2016-159730,SJ-20125,FUR-CH-10004875,6,43,Standard Class,113.89,2,0.2,9.97
3250,CA-2016-159730,SJ-20125,TEC-PH-10002085,6,43,Standard Class,105.58,2,0.2,7.92
3251,CA-2016-157868,MC-17590,OFF-FA-10000992,438,444,Standard Class,24.85,7,0.0,11.68
3252,CA-2017-119389,BG-11740,FUR-FU-10001473,75,828,First Class,60.31,3,0.2,5.28
3253,CA-2017-110373,MA-17560,OFF-AR-10003045,27,856,Second Class,7.06,3,0.2,2.2
3254,CA-2017-110373,MA-17560,TEC-PH-10001536,27,856,Second Class,27.18,2,0.2,2.04
3255,CA-2016-155474,CC-12220,TEC-PH-10001580,60,631,Standard Class,107.98,1,0.2,9.45
3256,CA-2016-155474,CC-12220,OFF-BI-10004209,60,631,Standard Class,19.3,3,0.2,6.03
3257,CA-2015-155453,RA-19885,OFF-LA-10001613,134,102,Standard Class,4.61,2,0.2,1.67
3258,US-2016-161844,DK-12835,FUR-TA-10001676,79,11,Second Class,79.97,3,0.4,-29.32
3259,US-2016-161844,DK-12835,OFF-BI-10003712,79,11,Second Class,2.95,2,0.7,-2.06
3260,US-2016-162103,LB-16795,OFF-BI-10000285,419,374,Standard Class,3.14,2,0.8,-4.7
3261,CA-2014-151554,CM-11815,OFF-PA-10004609,90,688,First Class,20.74,4,0.2,7.26
3262,CA-2014-140662,TS-21205,TEC-AC-10001314,10,665,First Class,99.98,2,0.0,8.0
3263,CA-2014-140662,TS-21205,OFF-PA-10003395,10,665,First Class,733.95,7,0.0,352.3
3264,CA-2014-140662,TS-21205,OFF-AP-10001242,10,665,First Class,241.44,3,0.0,72.43
3265,CA-2016-122518,RF-19345,OFF-LA-10001641,124,759,Second Class,10.08,4,0.2,3.53
3266,US-2014-126571,JF-15565,OFF-ST-10003816,75,857,Standard Class,281.9,2,0.2,10.57
3267,US-2014-126571,JF-15565,OFF-EN-10002230,75,857,Standard Class,201.43,3,0.2,67.98
3268,CA-2014-143840,EH-14185,TEC-PH-10002660,34,858,Standard Class,135.98,2,0.0,33.99
3269,CA-2014-143840,EH-14185,TEC-PH-10003171,34,858,Standard Class,44.95,1,0.0,12.59
3270,CA-2014-115980,VW-21775,TEC-AC-10003709,376,859,Standard Class,2.97,3,0.0,1.31
3271,CA-2014-115980,VW-21775,OFF-FA-10000304,376,859,Standard Class,6.54,3,0.0,2.68
3272,CA-2015-155145,KN-16450,TEC-AC-10003709,439,18,Second Class,7.92,8,0.0,3.48
3273,CA-2015-146038,SJ-20215,FUR-CH-10002774,14,98,Standard Class,203.92,5,0.2,22.94
3274,CA-2017-133865,PS-19045,TEC-CO-10001046,4,541,Standard Class,3359.95,6,0.2,1049.98
3275,CA-2017-116358,KM-16225,OFF-FA-10003495,440,809,Standard Class,18.24,3,0.0,9.12
3276,CA-2017-116358,KM-16225,OFF-AR-10004685,440,809,Standard Class,27.78,6,0.0,9.17
3277,CA-2014-102988,GM-14695,OFF-AR-10004757,213,268,Second Class,22.96,7,0.0,7.58
3278,CA-2014-102988,GM-14695,TEC-PH-10001615,213,268,Second Class,28.99,1,0.0,8.41
3279,CA-2014-102988,GM-14695,OFF-PA-10003349,213,268,Second Class,12.96,2,0.0,6.35
3280,CA-2014-102988,GM-14695,OFF-AR-10000127,213,268,Second Class,22.96,7,0.0,6.66
3281,CA-2014-102988,GM-14695,OFF-SU-10002881,213,268,Second Class,4164.05,5,0.0,83.28
3282,US-2014-117170,KT-16465,TEC-AC-10001109,315,329,Standard Class,47.98,2,0.2,13.2
3283,US-2014-117170,KT-16465,OFF-PA-10000682,315,329,Standard Class,4.62,1,0.2,1.68
3284,CA-2014-159478,MH-17785,FUR-FU-10000221,46,588,Standard Class,15.24,3,0.0,5.18
3285,CA-2014-103702,AF-10885,OFF-BI-10002429,324,172,Standard Class,63.92,7,0.7,-46.88
3286,CA-2017-150525,JP-16135,OFF-AR-10002375,316,298,Standard Class,6.56,2,0.0,1.9
3287,CA-2017-150525,JP-16135,OFF-AP-10000595,316,298,Standard Class,13.11,3,0.0,3.41
3288,CA-2015-157770,RD-19585,TEC-PH-10001530,441,351,First Class,494.38,3,0.2,49.44
3289,CA-2015-157770,RD-19585,OFF-BI-10000050,441,351,First Class,29.2,5,0.2,9.86
3290,CA-2015-157770,RD-19585,TEC-AC-10001552,441,351,First Class,248.85,5,0.0,27.37
3291,CA-2015-157770,RD-19585,TEC-AC-10003399,441,351,First Class,36.24,1,0.0,15.22
3292,CA-2016-167290,JF-15295,OFF-AR-10004078,424,860,Standard Class,11.68,2,0.0,3.5
3293,CA-2014-106264,CK-12595,OFF-SU-10002189,143,59,Standard Class,11.91,3,0.0,0.12
3294,CA-2014-106264,CK-12595,FUR-FU-10001852,143,59,Standard Class,3.48,2,0.0,1.11
3295,CA-2014-138023,KH-16510,OFF-BI-10003638,177,861,First Class,30.96,8,0.8,-52.63
3296,CA-2017-113418,CM-12655,TEC-MA-10002428,46,173,First Class,1704.89,11,0.0,767.2
3297,US-2015-110569,EB-13870,OFF-BI-10001036,52,294,Standard Class,19.19,7,0.7,-12.8
3298,US-2015-110569,EB-13870,OFF-AP-10004708,52,294,Standard Class,121.79,4,0.2,13.7
3299,CA-2017-136308,MW-18235,TEC-MA-10000488,35,674,Same Day,1919.98,3,0.2,216.0
3300,US-2014-159926,CS-11950,OFF-BI-10003656,12,729,Standard Class,51.0,1,0.7,-40.8
3301,US-2014-159926,CS-11950,OFF-ST-10003656,12,729,Standard Class,76.79,1,0.2,-16.32
3302,US-2014-159926,CS-11950,TEC-PH-10001128,12,729,Standard Class,539.96,6,0.4,-107.99
3303,US-2014-159926,CS-11950,FUR-FU-10001473,12,729,Standard Class,60.31,3,0.2,5.28
3304,US-2014-159926,CS-11950,OFF-BI-10004656,12,729,Standard Class,1.94,3,0.7,-1.43
3305,CA-2014-104738,SP-20620,OFF-EN-10004955,162,126,Second Class,12.98,3,0.2,4.71
3306,CA-2014-104738,SP-20620,TEC-PH-10002468,162,126,Second Class,217.58,2,0.2,19.04
3307,CA-2014-104738,SP-20620,TEC-PH-10000576,162,126,Second Class,328.78,3,0.2,28.77
3308,CA-2014-104738,SP-20620,OFF-BI-10002160,162,126,Second Class,2.29,3,0.8,-3.66
3309,CA-2014-104738,SP-20620,TEC-AC-10003628,162,126,Second Class,47.98,2,0.2,14.4
3310,CA-2015-144386,GT-14635,OFF-BI-10001116,30,600,Standard Class,25.34,6,0.2,8.87
3311,CA-2016-111416,LW-17215,OFF-BI-10002026,46,43,Standard Class,232.4,5,0.2,78.44
3312,CA-2016-162747,AH-10030,FUR-FU-10003691,253,232,Second Class,86.45,7,0.0,38.04
3313,US-2014-133130,TH-21100,FUR-CH-10002602,89,128,Standard Class,603.92,5,0.2,45.29
3314,US-2014-133130,TH-21100,OFF-PA-10000675,89,128,Standard Class,81.98,2,0.0,40.17
3315,CA-2017-169978,HG-15025,FUR-CH-10002602,188,166,Standard Class,271.76,2,0.1,48.31
3316,CA-2017-169978,HG-15025,OFF-BI-10001900,188,166,Standard Class,14.38,3,0.2,4.85
3317,CA-2017-161739,EB-13750,FUR-FU-10001468,218,469,Second Class,341.96,5,0.6,-427.45
3318,CA-2015-165057,SC-20725,OFF-AR-10004648,72,862,Standard Class,181.35,9,0.0,48.96
3319,CA-2015-165057,SC-20725,OFF-LA-10003190,72,862,Standard Class,8.64,3,0.0,4.23
3320,CA-2014-134551,TS-21505,OFF-AP-10004868,85,415,Standard Class,43.51,7,0.2,3.81
3321,CA-2014-134551,TS-21505,FUR-CH-10004287,85,415,Standard Class,662.88,3,0.2,74.57
3322,CA-2014-134551,TS-21505,OFF-PA-10002689,85,415,Standard Class,25.92,5,0.2,9.07
3323,CA-2015-120810,TH-21550,OFF-AP-10002892,30,863,Standard Class,68.94,3,0.0,20.68
3324,CA-2015-120810,TH-21550,FUR-FU-10002253,30,863,Standard Class,128.82,3,0.0,50.24
3325,CA-2014-165309,KD-16270,OFF-BI-10001359,15,8,Standard Class,896.99,5,0.8,-1480.03
3326,CA-2014-165309,KD-16270,OFF-BI-10001267,15,8,Standard Class,1.23,1,0.8,-1.97
3327,CA-2014-165309,KD-16270,OFF-AR-10003582,15,8,Standard Class,67.56,3,0.2,6.76
3328,CA-2014-165309,KD-16270,OFF-PA-10003724,15,8,Standard Class,21.72,5,0.2,7.87
3329,CA-2014-165309,KD-16270,OFF-PA-10001033,15,8,Standard Class,262.34,8,0.2,95.1
3330,CA-2014-165309,KD-16270,TEC-PH-10003505,15,8,Standard Class,148.48,2,0.2,16.7
3331,CA-2014-165309,KD-16270,TEC-PH-10004959,15,8,Standard Class,241.18,3,0.2,15.07
3332,CA-2017-122595,GM-14455,TEC-AC-10000474,156,818,Standard Class,227.98,3,0.2,28.5
3333,CA-2017-122595,GM-14455,TEC-PH-10003095,156,818,Standard Class,52.68,3,0.2,19.76
3334,CA-2017-122595,GM-14455,FUR-FU-10002963,156,818,Standard Class,2.03,1,0.6,-1.32
3335,US-2017-109253,PR-18880,OFF-AR-10000203,233,171,First Class,17.12,4,0.0,4.96
3336,US-2017-109253,PR-18880,TEC-PH-10004667,233,171,First Class,431.97,4,0.2,37.8
3337,US-2017-109253,PR-18880,FUR-FU-10000193,233,171,First Class,129.92,4,0.0,10.39
3338,US-2017-109253,PR-18880,FUR-TA-10001539,233,171,First Class,568.73,3,0.2,28.44
3339,US-2017-109253,PR-18880,OFF-BI-10000962,233,171,First Class,117.14,9,0.2,42.46
3340,US-2017-109253,PR-18880,OFF-AP-10002867,233,171,First Class,203.52,3,0.0,54.95
3341,US-2017-109253,PR-18880,OFF-LA-10001158,233,171,First Class,51.75,5,0.0,24.84
3342,CA-2016-145982,TB-21055,OFF-PA-10000675,360,279,Second Class,122.97,3,0.0,60.26
3343,CA-2016-145982,TB-21055,FUR-TA-10001307,360,279,Second Class,244.62,1,0.3,20.97
3344,CA-2016-145982,TB-21055,TEC-PH-10000011,360,279,Second Class,59.97,3,0.0,28.79
3345,CA-2016-145982,TB-21055,OFF-PA-10002666,360,279,Second Class,81.54,9,0.0,36.69
3346,CA-2016-145982,TB-21055,OFF-FA-10000735,360,279,Second Class,11.68,4,0.0,5.26
3347,CA-2016-145982,TB-21055,OFF-BI-10000174,360,279,Second Class,29.0,5,0.0,13.92
3348,CA-2015-112014,ON-18715,OFF-AR-10003156,442,864,Standard Class,50.8,5,0.0,13.21
3349,CA-2017-154732,AH-10195,OFF-BI-10000474,37,61,First Class,16.03,5,0.8,-25.65
3350,US-2016-157308,NM-18520,OFF-BI-10003712,60,865,Standard Class,15.71,4,0.2,5.7
3351,CA-2016-147536,AR-10510,TEC-AC-10003280,24,483,Standard Class,89.97,3,0.0,18.89
3352,US-2014-134733,BM-11650,FUR-BO-10002916,89,866,Standard Class,436.0,3,0.15,20.52
3353,US-2014-134733,BM-11650,TEC-PH-10002726,89,866,Standard Class,83.98,2,0.2,31.49
3354,US-2014-150434,CA-12310,TEC-PH-10000895,320,867,Standard Class,359.98,2,0.0,93.59
3355,US-2014-150434,CA-12310,FUR-TA-10004152,320,867,Standard Class,70.56,1,0.3,-4.03
3356,US-2014-150434,CA-12310,OFF-BI-10003694,320,867,Standard Class,20.88,2,0.0,9.6
3357,US-2014-150434,CA-12310,OFF-BI-10002160,320,867,Standard Class,3.81,1,0.0,1.83
3358,CA-2017-100335,NF-18595,OFF-PA-10001685,27,211,Standard Class,73.01,9,0.2,26.47
3359,CA-2016-139234,AF-10870,OFF-BI-10000773,27,716,Standard Class,3.21,2,0.8,-5.29
3360,CA-2016-139234,AF-10870,TEC-AC-10004510,27,716,Standard Class,26.18,2,0.2,-3.27
3361,US-2015-142020,TC-21535,OFF-PA-10004569,24,594,Second Class,30.44,4,0.0,14.31
3362,US-2015-142020,TC-21535,FUR-FU-10000672,24,594,Second Class,35.28,3,0.0,12.0
3363,CA-2015-139962,Dp-13240,OFF-PA-10004451,443,351,Standard Class,19.44,3,0.0,9.33
3364,CA-2015-139962,Dp-13240,OFF-BI-10004738,443,351,Standard Class,37.88,2,0.0,18.94
3365,CA-2016-130050,MC-17425,FUR-FU-10001940,67,88,Second Class,9.55,3,0.6,-3.82
3366,CA-2014-115161,LC-17050,FUR-BO-10003966,169,868,First Class,290.67,2,0.15,3.42
3367,CA-2014-165379,BM-11650,OFF-PA-10003072,163,869,Standard Class,10.37,2,0.2,3.63
3368,CA-2014-165379,BM-11650,OFF-PA-10002245,163,869,Standard Class,14.35,3,0.2,4.49
3369,CA-2015-115511,NW-18400,FUR-BO-10002598,122,83,Standard Class,141.96,2,0.0,41.17
3370,CA-2015-115511,NW-18400,OFF-BI-10002225,122,83,Standard Class,66.05,4,0.2,23.12
3371,CA-2016-134887,TB-21280,TEC-AC-10003832,137,870,Same Day,1287.45,5,0.0,244.62
3372,CA-2017-123778,BS-11755,OFF-BI-10000822,35,398,Standard Class,25.82,6,0.2,9.04
3373,CA-2017-123778,BS-11755,OFF-AP-10001242,35,398,Standard Class,160.96,2,0.0,48.29
3374,CA-2015-161718,SO-20335,FUR-FU-10002445,420,785,Standard Class,28.44,3,0.0,11.38
3375,CA-2015-161718,SO-20335,FUR-CH-10002372,420,785,Standard Class,364.41,5,0.1,8.1
3376,CA-2015-161718,SO-20335,TEC-PH-10000376,420,785,Standard Class,39.96,4,0.0,10.39
3377,CA-2015-161718,SO-20335,FUR-CH-10002965,420,785,Standard Class,361.76,2,0.1,68.33
3378,CA-2016-100671,CS-12490,OFF-ST-10004950,444,475,First Class,111.67,9,0.2,6.98
3379,CA-2017-142867,PO-19180,OFF-BI-10003166,15,295,Standard Class,13.78,6,0.8,-22.04
3380,CA-2017-142867,PO-19180,OFF-PA-10004610,15,295,Standard Class,10.27,3,0.2,3.21
3381,CA-2017-103156,TD-20995,FUR-FU-10000320,75,52,First Class,24.05,9,0.2,7.21
3382,US-2017-162208,SP-20620,OFF-EN-10004030,86,152,First Class,2.9,1,0.2,0.98
3383,CA-2015-130659,MS-17365,OFF-EN-10004147,46,785,Second Class,17.94,3,0.0,8.79
3384,CA-2015-130659,MS-17365,FUR-CH-10003535,46,785,Second Class,384.17,7,0.1,29.88
3385,CA-2015-130659,MS-17365,TEC-PH-10004586,46,785,Second Class,1799.75,5,0.0,539.92
3386,CA-2017-148404,Dp-13240,OFF-ST-10003208,44,567,Standard Class,580.67,4,0.2,65.33
3387,CA-2017-148404,Dp-13240,OFF-FA-10003112,44,567,Standard Class,18.94,3,0.2,5.92
3388,CA-2017-148404,Dp-13240,TEC-PH-10004447,44,567,Standard Class,222.38,2,0.2,16.68
3389,CA-2017-148404,Dp-13240,OFF-BI-10002854,44,567,Standard Class,50.45,6,0.7,-33.64
3390,CA-2017-148404,Dp-13240,FUR-TA-10001039,44,567,Standard Class,154.76,3,0.4,-36.11
3391,CA-2017-101077,DB-13660,OFF-PA-10004239,177,614,Second Class,6.85,2,0.2,2.14
3392,CA-2014-166471,MG-17650,TEC-PH-10001530,6,129,Standard Class,1091.17,4,0.2,68.2
3393,CA-2014-166471,MG-17650,TEC-PH-10000038,6,129,Standard Class,219.17,2,0.2,-43.83
3394,CA-2014-105340,EH-14185,OFF-BI-10001765,90,755,First Class,6.93,1,0.8,-11.08
3395,US-2017-131583,CL-11890,OFF-PA-10000380,106,194,Same Day,40.03,6,0.2,15.01
3396,US-2017-148362,KF-16285,OFF-ST-10001128,305,871,Standard Class,443.92,4,0.0,13.32
3397,US-2017-148362,KF-16285,OFF-BI-10003656,305,871,Standard Class,169.99,1,0.0,78.2
3398,US-2017-148362,KF-16285,OFF-PA-10003441,305,871,Standard Class,25.92,4,0.0,12.44
3399,CA-2014-102274,DH-13075,TEC-PH-10002923,127,872,Standard Class,36.99,1,0.0,9.99
3400,CA-2014-102274,DH-13075,OFF-PA-10004359,127,872,Standard Class,629.1,6,0.0,301.97
3401,CA-2014-102274,DH-13075,OFF-ST-10001511,127,872,Standard Class,193.95,3,0.0,9.7
3402,CA-2014-102274,DH-13075,OFF-AR-10002833,127,872,Standard Class,5.46,3,0.0,1.47
3403,CA-2015-129700,LA-16780,FUR-FU-10001940,445,125,First Class,22.29,7,0.6,-8.92
3404,CA-2017-168739,HZ-14950,FUR-FU-10003919,15,149,Standard Class,65.42,4,0.6,-52.34
3405,CA-2015-152527,CM-12190,OFF-ST-10003479,26,873,Same Day,77.88,2,0.0,3.89
3406,US-2014-150119,LB-16795,FUR-CH-10002965,48,489,Standard Class,281.37,2,0.3,-12.06
3407,US-2014-150119,LB-16795,FUR-CH-10002965,48,489,Standard Class,281.37,2,0.3,-12.06
3408,US-2014-150119,LB-16795,OFF-BI-10000145,48,489,Standard Class,7.49,8,0.7,-5.24
3409,US-2014-150119,LB-16795,FUR-FU-10002191,48,489,Standard Class,22.34,4,0.2,7.82
3410,US-2017-150847,JF-15490,OFF-PA-10004451,48,505,Standard Class,10.37,2,0.2,3.63
3411,CA-2016-100244,GM-14695,OFF-PA-10001471,35,874,Standard Class,65.79,9,0.0,30.26
3412,CA-2016-100244,GM-14695,OFF-BI-10003656,35,874,Standard Class,271.98,2,0.2,88.39
3413,CA-2016-100244,GM-14695,OFF-AR-10000940,35,874,Standard Class,11.76,4,0.0,3.18
3414,CA-2016-100244,GM-14695,OFF-PA-10002319,35,874,Standard Class,77.52,2,0.0,37.98
3415,CA-2016-100244,GM-14695,OFF-BI-10000977,35,874,Standard Class,48.64,2,0.2,15.81
3416,CA-2016-116540,SS-20590,OFF-FA-10002676,8,477,Same Day,1.81,1,0.0,0.65
3417,CA-2016-116540,SS-20590,OFF-BI-10004970,8,477,Same Day,8.26,2,0.0,3.88
3418,CA-2015-151841,TC-21475,OFF-AP-10003971,43,382,Standard Class,43.56,5,0.2,3.27
3419,CA-2015-151841,TC-21475,OFF-SU-10001574,43,382,Standard Class,5.84,2,0.2,0.73
3420,CA-2015-150791,CC-12430,FUR-CH-10000665,24,685,Standard Class,271.76,2,0.1,60.39
3421,CA-2016-134803,CL-12565,OFF-AP-10000891,26,317,Standard Class,262.24,2,0.0,78.67
3422,CA-2016-134803,CL-12565,OFF-PA-10003790,26,317,Standard Class,182.72,8,0.0,84.05
3423,CA-2016-134803,CL-12565,TEC-AC-10002217,26,317,Standard Class,131.6,7,0.0,7.9
3424,CA-2016-134803,CL-12565,OFF-BI-10002215,26,317,Standard Class,22.72,4,0.2,7.38
3425,CA-2016-134803,CL-12565,TEC-MA-10001972,26,317,Standard Class,558.4,2,0.2,41.88
3426,CA-2015-153381,DE-13255,OFF-BI-10001525,446,497,Standard Class,15.24,4,0.0,6.86
3427,CA-2015-153381,DE-13255,FUR-CH-10000988,446,497,Standard Class,1408.1,10,0.0,394.27
3428,US-2017-111024,SZ-20035,OFF-PA-10000174,404,446,Second Class,32.9,4,0.2,11.1
3429,US-2017-111024,SZ-20035,FUR-TA-10002041,404,446,Second Class,215.15,2,0.4,-103.99
3430,US-2017-111024,SZ-20035,OFF-PA-10002246,404,446,Second Class,30.96,6,0.2,11.22
3431,CA-2017-148264,LF-17185,OFF-ST-10003327,96,167,First Class,29.79,3,0.0,8.64
3432,CA-2017-148264,LF-17185,FUR-FU-10002703,96,167,First Class,128.9,2,0.0,15.47
3433,CA-2017-148264,LF-17185,OFF-PA-10003651,96,167,First Class,60.12,9,0.0,28.86
3434,CA-2017-131212,AB-10165,OFF-BI-10001617,293,257,Standard Class,24.82,3,0.2,8.38
3435,CA-2017-131212,AB-10165,OFF-BI-10000145,293,257,Standard Class,14.98,6,0.2,5.43
3436,US-2015-100531,NM-18520,OFF-BI-10001670,27,875,First Class,15.08,2,0.8,-22.62
3437,US-2015-100531,NM-18520,FUR-FU-10003849,27,875,First Class,24.29,3,0.6,-12.75
3438,CA-2017-152583,RA-19945,FUR-FU-10003849,163,506,Same Day,16.19,2,0.6,-8.5
3439,CA-2017-152583,RA-19945,FUR-TA-10002041,163,506,Same Day,251.01,2,0.3,-68.13
3440,CA-2017-152583,RA-19945,OFF-ST-10002214,163,506,Same Day,54.19,6,0.2,4.06
3441,CA-2015-144099,PO-19195,OFF-BI-10001078,35,240,Same Day,4.3,1,0.2,1.56
3442,CA-2014-158337,KA-16525,OFF-PA-10002137,24,519,Second Class,108.92,14,0.0,49.01
3443,CA-2017-168858,JD-16150,OFF-EN-10001415,165,124,Standard Class,16.74,3,0.0,8.37
3444,CA-2017-168858,JD-16150,OFF-AP-10003849,165,124,Standard Class,2504.74,7,0.0,626.18
3445,CA-2016-116344,JO-15145,OFF-ST-10001713,12,876,Standard Class,84.78,2,0.2,-16.96
3446,CA-2015-131779,LE-16810,OFF-ST-10001505,286,822,Standard Class,29.9,5,0.0,5.08
3447,CA-2016-158869,AH-10690,OFF-PA-10000474,24,877,First Class,70.88,2,0.0,33.31
3448,CA-2017-102554,KN-16705,OFF-AR-10001919,342,533,Standard Class,3.76,2,0.0,1.09
3449,CA-2016-162614,TB-21250,OFF-BI-10004001,14,878,Standard Class,27.26,2,0.2,8.86
3450,CA-2014-168592,DP-13390,OFF-AP-10004785,95,79,Standard Class,56.65,5,0.0,24.36
3451,CA-2014-168592,DP-13390,OFF-ST-10002406,95,79,Standard Class,14.97,1,0.0,4.19
3452,CA-2014-168592,DP-13390,OFF-FA-10002988,95,79,Standard Class,4.02,2,0.0,1.97
3453,CA-2014-157609,KN-16705,TEC-PH-10002415,315,879,Second Class,471.92,2,0.2,29.5
3454,CA-2015-153325,ST-20530,OFF-BI-10004236,258,880,Second Class,58.72,4,0.0,27.01
3455,CA-2015-153626,EB-13870,OFF-AR-10000657,396,585,Standard Class,5.16,3,0.2,0.84
3456,CA-2016-166485,AH-10210,OFF-PA-10004996,396,881,Standard Class,16.5,2,0.2,5.57
3457,CA-2017-136448,AS-10090,TEC-AC-10001109,106,119,First Class,71.98,3,0.2,19.79
3458,CA-2017-136448,AS-10090,FUR-FU-10003832,106,119,First Class,22.51,3,0.2,2.25
3459,CA-2017-136448,AS-10090,OFF-BI-10002393,106,119,First Class,3.44,2,0.7,-2.76
3460,CA-2017-136448,AS-10090,OFF-BI-10001359,106,119,First Class,538.19,2,0.7,-412.62
3461,CA-2017-136448,AS-10090,TEC-AC-10003628,106,119,First Class,47.98,2,0.2,14.4
3462,CA-2017-114258,EM-13825,TEC-PH-10003012,177,61,Second Class,492.77,4,0.2,55.44
3463,CA-2015-152611,KA-16525,OFF-AR-10003903,348,764,Second Class,286.79,7,0.0,74.57
3464,CA-2016-165470,HJ-14875,OFF-PA-10004675,134,882,Standard Class,5.08,1,0.2,1.65
3465,CA-2017-128699,ND-18370,TEC-AC-10001990,134,735,Second Class,47.99,1,0.2,7.2
3466,US-2015-147242,EH-13765,OFF-AP-10003842,443,230,Standard Class,61.96,2,0.0,16.11
3467,US-2015-147242,EH-13765,FUR-BO-10004695,443,230,Standard Class,361.96,2,0.0,83.25
3468,US-2015-147242,EH-13765,OFF-PA-10003039,443,230,Standard Class,278.82,9,0.0,125.47
3469,CA-2016-146143,MC-17845,FUR-FU-10002045,130,883,Standard Class,133.38,6,0.0,58.69
3470,CA-2015-100888,MH-17455,OFF-PA-10001019,223,745,Standard Class,47.95,3,0.2,16.18
3471,US-2016-150035,CL-11890,FUR-FU-10003724,35,50,Standard Class,16.74,2,0.0,4.35
3472,CA-2017-122644,SF-20965,OFF-PA-10003673,48,106,Standard Class,10.85,2,0.2,3.53
3473,CA-2017-122644,SF-20965,TEC-AC-10003614,48,106,Standard Class,18.54,2,0.2,3.01
3474,CA-2017-111815,EP-13915,FUR-CH-10000785,447,449,Standard Class,180.98,1,0.0,47.05
3475,CA-2017-111815,EP-13915,TEC-AC-10002926,447,449,Standard Class,99.98,2,0.0,42.99
3476,CA-2016-144911,RW-19630,TEC-AC-10004633,440,582,First Class,34.95,5,0.0,15.38
3477,CA-2016-144911,RW-19630,OFF-BI-10000977,440,582,First Class,152.0,5,0.0,69.92
3478,CA-2014-143385,SJ-20500,TEC-AC-10001635,448,884,Standard Class,92.52,9,0.0,18.5
3479,CA-2016-131289,SP-20620,OFF-AR-10003056,95,17,Standard Class,8.56,2,0.0,2.48
3480,CA-2016-131289,SP-20620,OFF-PA-10003363,95,17,Standard Class,45.36,7,0.0,21.77
3481,CA-2016-131289,SP-20620,FUR-TA-10003954,95,17,Standard Class,1421.66,6,0.2,-195.48
3482,CA-2014-124023,PJ-19015,FUR-FU-10004415,273,885,First Class,8.96,2,0.0,2.78
3483,CA-2014-124688,CC-12610,TEC-PH-10000455,29,10,First Class,579.95,5,0.0,168.19
3484,CA-2014-124688,CC-12610,FUR-FU-10002456,29,10,First Class,29.12,4,0.0,12.52
3485,CA-2014-124688,CC-12610,FUR-TA-10003569,29,10,First Class,1202.94,3,0.0,300.74
3486,CA-2016-151169,MY-18295,OFF-BI-10002813,286,148,Standard Class,7.92,4,0.0,3.56
3487,US-2016-134761,DB-13210,TEC-PH-10002890,449,886,Same Day,36.19,1,0.2,2.71
3488,CA-2017-120705,MG-17875,OFF-ST-10001522,3,529,Standard Class,147.18,2,0.2,-29.44
3489,CA-2015-157322,RH-19600,FUR-CH-10004086,450,741,Standard Class,408.42,2,0.3,-5.83
3490,CA-2015-157322,RH-19600,FUR-CH-10003774,450,741,Standard Class,382.12,6,0.3,-92.8
3491,CA-2015-157322,RH-19600,OFF-ST-10004507,450,741,Standard Class,68.6,5,0.2,6.0
3492,CA-2015-157322,RH-19600,OFF-ST-10003208,450,741,Standard Class,435.5,3,0.2,48.99
3493,CA-2015-157322,RH-19600,OFF-PA-10000659,450,741,Standard Class,11.17,2,0.2,3.77
3494,CA-2017-142034,KB-16240,TEC-AC-10002305,451,242,Standard Class,72.0,4,0.0,12.96
3495,CA-2017-142034,KB-16240,TEC-AC-10000990,451,242,Standard Class,655.9,5,0.0,275.48
3496,CA-2017-142034,KB-16240,FUR-CH-10000665,451,242,Standard Class,603.92,4,0.0,181.18
3497,CA-2016-107328,CA-12055,FUR-TA-10001932,2,591,Standard Class,513.02,2,0.2,12.83
3498,CA-2016-107328,CA-12055,OFF-AP-10004487,2,591,Standard Class,487.92,6,0.0,136.62
3499,CA-2016-107328,CA-12055,OFF-BI-10002160,2,591,Standard Class,15.24,5,0.2,5.33
3500,CA-2016-108616,JK-15730,TEC-AC-10000420,273,322,Standard Class,209.97,3,0.0,71.39
3501,CA-2016-108616,JK-15730,OFF-BI-10001989,273,322,Standard Class,62.94,3,0.0,30.21
3502,CA-2016-108616,JK-15730,OFF-AR-10001149,273,322,Standard Class,25.92,9,0.0,7.78
3503,CA-2017-125115,RD-19930,OFF-PA-10004101,111,319,Same Day,10.37,2,0.2,3.63
3504,CA-2017-125115,RD-19930,TEC-AC-10001714,111,319,Same Day,95.74,3,0.2,20.34
3505,CA-2016-150945,JK-16120,OFF-ST-10003716,30,123,Second Class,900.08,4,0.0,117.01
3506,CA-2014-166863,SC-20020,TEC-PH-10000369,303,887,Standard Class,201.58,2,0.2,20.16
3507,CA-2014-166863,SC-20020,OFF-BI-10000756,303,887,Standard Class,3.39,4,0.8,-5.09
3508,CA-2014-166863,SC-20020,FUR-BO-10001608,303,887,Standard Class,193.07,4,0.32,-19.87
3509,CA-2014-166863,SC-20020,OFF-PA-10001166,303,887,Standard Class,15.55,3,0.2,5.44
3510,CA-2014-166863,SC-20020,OFF-PA-10000587,303,887,Standard Class,11.65,2,0.2,4.08
3511,CA-2014-166863,SC-20020,TEC-MA-10001972,303,887,Standard Class,418.8,2,0.4,-97.72
3512,CA-2014-166863,SC-20020,OFF-ST-10004123,303,887,Standard Class,509.49,7,0.2,-127.37
3513,CA-2017-140326,HW-14935,FUR-BO-10000112,156,508,First Class,825.17,9,0.3,-117.88
3514,CA-2017-140326,HW-14935,OFF-PA-10004041,156,508,First Class,17.76,3,0.2,5.55
3515,CA-2017-140326,HW-14935,OFF-AR-10001149,156,508,First Class,6.91,3,0.2,0.86
3516,CA-2016-168536,SC-20800,TEC-AC-10002323,130,888,Standard Class,66.3,3,0.0,8.62
3517,US-2016-113649,HA-14920,OFF-PA-10000130,307,889,First Class,30.82,9,0.2,9.63
3518,US-2016-113649,HA-14920,TEC-PH-10002350,307,889,First Class,44.78,2,0.2,4.48
3519,US-2016-113649,HA-14920,OFF-AP-10002518,307,889,First Class,569.54,4,0.2,64.07
3520,CA-2015-124975,MG-17875,FUR-TA-10002645,174,138,First Class,796.42,7,0.5,-525.64
3521,CA-2015-168767,DM-12955,OFF-BI-10000773,380,890,Standard Class,12.83,2,0.2,4.33
3522,CA-2016-114482,DM-13345,OFF-PA-10003845,194,832,Second Class,40.46,7,0.0,19.83
3523,CA-2016-114482,DM-13345,TEC-PH-10001580,194,832,Second Class,404.94,3,0.0,109.33
3524,CA-2016-137673,ML-17395,TEC-AC-10002345,189,65,Standard Class,116.0,8,0.0,29.0
3525,CA-2016-132731,GA-14515,TEC-PH-10004120,177,391,Standard Class,657.55,6,0.2,49.32
3526,CA-2017-148922,SU-20665,TEC-AC-10001838,130,390,Second Class,599.97,3,0.0,257.99
3527,CA-2017-148922,SU-20665,TEC-PH-10000148,130,390,Second Class,38.97,3,0.0,0.78
3528,CA-2017-148922,SU-20665,OFF-BI-10003476,130,390,Second Class,45.84,8,0.0,22.0
3529,CA-2016-130680,BD-11320,TEC-PH-10004833,143,891,Standard Class,38.24,4,0.2,-9.56
3530,CA-2015-141145,DB-13405,TEC-AC-10001465,416,15,Standard Class,87.17,3,0.2,10.9
3531,US-2016-152835,RP-19855,OFF-AR-10003056,378,289,Standard Class,21.4,5,0.0,6.21
3532,CA-2016-155565,EH-13765,OFF-SU-10001218,46,317,Same Day,54.9,5,0.0,15.37
3533,CA-2014-110849,JL-15835,TEC-MA-10002859,14,892,Standard Class,287.97,4,0.2,97.19
3534,CA-2014-110849,JL-15835,OFF-AR-10002375,14,892,Standard Class,13.12,4,0.0,3.8
3535,CA-2014-110849,JL-15835,OFF-AR-10000657,14,892,Standard Class,10.75,5,0.0,3.55
3536,CA-2014-110849,JL-15835,OFF-FA-10000134,14,892,Standard Class,11.62,2,0.0,3.6
3537,CA-2016-145842,FM-14380,OFF-ST-10000419,24,27,Second Class,40.74,3,0.0,0.41
3538,CA-2014-158771,SB-20290,OFF-ST-10000107,1,310,Same Day,83.25,3,0.0,14.98
3539,CA-2014-158771,SB-20290,OFF-LA-10001641,1,310,Same Day,9.45,3,0.0,4.54
3540,CA-2014-158771,SB-20290,OFF-LA-10003121,1,310,Same Day,20.65,5,0.0,9.5
3541,CA-2014-158771,SB-20290,OFF-PA-10002689,1,310,Same Day,45.36,7,0.0,21.77
3542,CA-2016-157511,SV-20365,FUR-FU-10002107,48,32,First Class,5.35,3,0.2,1.61
3543,CA-2016-157511,SV-20365,FUR-CH-10002647,48,32,First Class,99.37,2,0.3,-7.1
3544,CA-2016-157511,SV-20365,OFF-AR-10002257,48,32,First Class,2.67,1,0.2,0.37
3545,CA-2017-121216,MM-17920,OFF-PA-10004519,358,332,Second Class,28.67,8,0.2,10.39
3546,CA-2017-121216,MM-17920,OFF-AP-10001947,358,332,Second Class,29.31,8,0.8,-74.75
3547,CA-2017-155292,RD-19810,OFF-ST-10004963,127,506,First Class,105.98,7,0.0,4.24
3548,CA-2017-155292,RD-19810,OFF-SU-10002573,127,506,First Class,35.06,2,0.0,10.52
3549,CA-2017-155292,RD-19810,FUR-CH-10000553,127,506,First Class,33.94,1,0.0,9.16
3550,CA-2017-155292,RD-19810,OFF-LA-10001982,127,506,First Class,30.0,8,0.0,14.4
3551,CA-2016-152555,ME-17320,OFF-PA-10001295,156,893,Second Class,45.53,3,0.2,15.93
3552,CA-2016-152555,ME-17320,FUR-CH-10002965,156,893,Second Class,844.12,6,0.3,-36.18
3553,CA-2016-152555,ME-17320,TEC-PH-10001254,156,893,Second Class,812.74,8,0.2,60.96
3554,CA-2017-107832,FH-14275,OFF-BI-10001658,75,52,Second Class,7.48,1,0.7,-5.98
3555,CA-2014-120838,PO-18865,OFF-ST-10000585,2,894,Second Class,330.4,2,0.0,85.9
3556,CA-2014-120838,PO-18865,TEC-PH-10003484,2,894,Second Class,604.75,6,0.2,37.8
3557,CA-2017-118542,CC-12550,OFF-PA-10004735,142,97,Standard Class,45.36,7,0.0,21.77
3558,CA-2017-118542,CC-12550,OFF-BI-10003429,142,97,Standard Class,10.13,2,0.2,3.67
3559,CA-2017-152737,TS-21505,OFF-BI-10002982,35,660,Standard Class,21.79,4,0.2,7.63
3560,CA-2017-152737,TS-21505,TEC-AC-10004975,35,660,Standard Class,439.8,4,0.0,145.13
3561,CA-2017-109757,MD-17350,OFF-AR-10002335,76,508,Second Class,8.26,4,0.2,0.62
3562,CA-2017-109757,MD-17350,OFF-BI-10004001,76,508,Second Class,25.56,5,0.7,-20.45
3563,CA-2017-109757,MD-17350,OFF-BI-10001634,76,508,Second Class,4.37,2,0.7,-3.06
3564,CA-2017-109757,MD-17350,OFF-PA-10000007,76,508,Second Class,11.52,4,0.2,3.74
3565,CA-2016-130029,GT-14755,OFF-PA-10000552,14,895,First Class,12.96,2,0.0,6.22
3566,CA-2016-130029,GT-14755,OFF-FA-10001135,14,895,First Class,3.96,2,0.0,0.08
3567,CA-2017-103877,RD-19660,OFF-BI-10003650,54,211,Standard Class,1577.94,3,0.0,757.41
3568,CA-2016-137176,DB-12910,FUR-FU-10003832,78,370,Second Class,15.01,4,0.6,-12.01
3569,CA-2017-168109,JK-15640,TEC-AC-10003628,60,446,Same Day,59.98,2,0.0,26.39
3570,CA-2017-168109,JK-15640,TEC-MA-10001148,60,446,Same Day,2395.2,6,0.2,209.58
3571,CA-2017-168109,JK-15640,TEC-AC-10002049,60,446,Same Day,1687.8,4,0.0,742.63
3572,CA-2017-168109,JK-15640,TEC-PH-10000702,60,446,Same Day,7.99,1,0.2,2.7
3573,US-2017-126081,FC-14335,OFF-PA-10003953,352,223,Standard Class,5.18,1,0.2,1.81
3574,CA-2017-117023,JW-15955,OFF-AR-10003602,256,784,Standard Class,11.68,2,0.0,5.49
3575,CA-2017-117023,JW-15955,OFF-AR-10004062,256,784,Standard Class,104.8,10,0.0,26.2
3576,CA-2015-143532,DC-12850,OFF-PA-10001560,452,532,Standard Class,14.5,3,0.2,4.89
3577,CA-2016-103163,FM-14290,OFF-BI-10003305,411,844,Standard Class,4.78,1,0.2,1.55
3578,CA-2016-103163,FM-14290,OFF-PA-10004000,411,844,Standard Class,4.73,1,0.0,2.32
3579,CA-2016-104157,MT-17815,OFF-ST-10000321,130,198,Standard Class,7.89,1,0.0,0.32
3580,CA-2016-104157,MT-17815,OFF-PA-10004665,130,198,Standard Class,65.5,5,0.0,32.1
3581,CA-2016-104157,MT-17815,FUR-TA-10004915,130,198,Standard Class,2430.08,8,0.0,388.81
3582,CA-2017-117807,DK-13090,OFF-PA-10000994,11,173,Standard Class,104.85,1,0.0,50.33
3583,CA-2015-121650,KD-16495,OFF-AR-10001149,31,896,Standard Class,3.9,2,0.0,1.52
3584,CA-2015-121650,KD-16495,FUR-TA-10003569,31,896,Standard Class,801.96,2,0.0,200.49
3585,CA-2015-121650,KD-16495,FUR-CH-10004289,31,896,Standard Class,191.96,2,0.0,32.63
3586,CA-2015-121650,KD-16495,OFF-LA-10001045,31,896,Standard Class,2.61,1,0.0,1.2
3587,CA-2017-161823,AG-10300,OFF-AR-10002053,35,214,Standard Class,5.96,2,0.0,1.67
3588,CA-2017-121839,MH-18115,TEC-PH-10002885,404,242,Standard Class,1169.69,3,0.4,-253.43
3589,CA-2017-158729,AC-10450,OFF-SU-10002881,300,485,First Class,1665.62,2,0.0,33.31
3590,CA-2017-146535,FM-14290,OFF-BI-10000546,127,222,Standard Class,2.88,1,0.0,1.41
3591,CA-2017-146535,FM-14290,OFF-ST-10001526,127,222,Standard Class,1443.96,12,0.0,375.43
3592,CA-2014-154186,RA-19285,OFF-SU-10001574,33,737,Second Class,2.92,1,0.2,0.36
3593,CA-2016-108434,JG-15160,OFF-ST-10002615,24,6,Second Class,465.18,3,0.0,120.95
3594,CA-2016-164154,NZ-18565,OFF-BI-10001658,214,109,Standard Class,22.43,3,0.7,-17.94
3595,CA-2016-164154,NZ-18565,OFF-ST-10002562,214,109,Standard Class,37.52,5,0.2,3.75
3596,CA-2017-148012,KM-16225,OFF-AR-10004757,106,35,Standard Class,2.62,1,0.2,0.43
3597,CA-2014-102869,LC-17140,OFF-PA-10000788,12,341,Second Class,15.55,3,0.2,5.44
3598,CA-2014-102869,LC-17140,TEC-AC-10002134,12,341,Second Class,64.7,6,0.2,-4.85
3599,CA-2014-102869,LC-17140,FUR-FU-10002456,12,341,Second Class,17.47,3,0.2,5.02
3600,CA-2014-102869,LC-17140,TEC-PH-10002549,12,341,Second Class,135.52,1,0.4,-31.62
3601,CA-2017-138310,NP-18700,TEC-AC-10001990,77,336,Standard Class,431.93,9,0.2,64.79
3602,CA-2014-159835,RB-19330,OFF-PA-10002137,106,665,Standard Class,12.45,2,0.2,3.89
3603,CA-2014-159835,RB-19330,FUR-CH-10004997,106,665,Standard Class,657.93,5,0.3,-93.99
3604,CA-2017-112956,TH-21550,OFF-PA-10000357,210,171,Standard Class,277.4,5,0.0,133.15
3605,CA-2017-112956,TH-21550,FUR-FU-10003976,210,171,Standard Class,25.16,2,0.0,8.55
3606,CA-2017-112956,TH-21550,FUR-FU-10004960,210,171,Standard Class,91.92,4,0.0,31.25
3607,CA-2016-119683,CK-12595,OFF-EN-10001099,24,300,Second Class,29.34,3,0.0,13.5
3608,CA-2014-163559,ST-20530,OFF-BI-10002026,46,866,Second Class,139.44,3,0.2,47.06
3609,CA-2014-140228,GB-14530,OFF-LA-10001613,56,583,Standard Class,6.91,3,0.2,2.51
3610,CA-2014-140228,GB-14530,OFF-ST-10002214,56,583,Standard Class,27.1,3,0.2,2.03
3611,CA-2014-140228,GB-14530,OFF-ST-10001128,56,583,Standard Class,177.57,2,0.2,-37.73
3612,US-2016-131674,NC-18535,TEC-AC-10004864,163,897,Second Class,58.42,2,0.2,16.79
3613,CA-2015-110093,AB-10255,OFF-PA-10000174,64,156,Standard Class,16.45,2,0.2,5.55
3614,CA-2015-110093,AB-10255,TEC-AC-10000171,64,156,Standard Class,36.78,2,0.2,10.58
3615,CA-2017-112529,SC-20770,FUR-TA-10002622,66,124,First Class,718.12,6,0.3,-71.81
3616,CA-2017-112529,SC-20770,OFF-AR-10001915,66,124,First Class,31.78,4,0.2,8.74
3617,CA-2016-154536,JC-15340,OFF-BI-10004410,75,65,Standard Class,9.56,5,0.7,-7.33
3618,CA-2017-141929,RA-19285,OFF-BI-10004632,26,508,Standard Class,487.98,2,0.2,152.5
3619,CA-2017-141929,RA-19285,TEC-PH-10002185,26,508,Standard Class,5.56,1,0.2,1.74
3620,CA-2017-141929,RA-19285,OFF-ST-10002974,26,508,Standard Class,217.85,5,0.0,65.36
3621,CA-2016-109743,SH-19975,OFF-AR-10003727,298,898,Standard Class,40.78,3,0.2,4.59
3622,CA-2016-109743,SH-19975,TEC-PH-10004071,298,898,Standard Class,63.94,8,0.2,5.59
3623,CA-2014-159184,JC-15775,FUR-FU-10002878,258,81,Standard Class,142.4,5,0.0,52.69
3624,CA-2014-159184,JC-15775,OFF-BI-10001890,258,81,Standard Class,7.16,2,0.0,3.44
3625,CA-2017-113530,BC-11125,FUR-CH-10002647,10,241,Second Class,681.41,12,0.2,42.59
3626,CA-2017-113530,BC-11125,OFF-AR-10001315,10,241,Second Class,3.52,2,0.0,1.02
3627,CA-2017-113530,BC-11125,OFF-AR-10000122,10,241,Second Class,5.58,1,0.0,1.4
3628,CA-2017-113530,BC-11125,TEC-AC-10001465,10,241,Second Class,36.32,1,0.0,10.9
3629,CA-2014-169726,JH-15985,OFF-BI-10004600,6,129,Standard Class,2060.74,7,0.2,643.98
3630,CA-2017-155957,CC-12610,OFF-AP-10002082,48,201,Standard Class,52.27,3,0.2,9.8
3631,CA-2017-155957,CC-12610,OFF-AP-10004708,48,201,Standard Class,213.14,7,0.2,23.98
3632,CA-2017-132178,DB-12970,OFF-ST-10000464,26,899,Second Class,69.52,2,0.0,19.47
3633,CA-2017-132178,DB-12970,OFF-ST-10000025,26,899,Second Class,763.44,8,0.0,45.81
3634,CA-2016-145177,PP-18955,OFF-LA-10001613,158,339,Standard Class,9.22,4,0.2,3.34
3635,CA-2016-145177,PP-18955,TEC-PH-10000376,158,339,Standard Class,41.96,7,0.4,-9.79
3636,CA-2016-145177,PP-18955,OFF-PA-10004039,158,339,Standard Class,89.57,2,0.2,32.47
3637,CA-2016-145177,PP-18955,OFF-PA-10001776,158,339,Standard Class,22.25,3,0.2,7.51
3638,CA-2016-145177,PP-18955,OFF-AP-10002457,158,339,Standard Class,334.88,4,0.2,29.3
3639,CA-2016-145177,PP-18955,FUR-FU-10000758,158,339,Standard Class,148.29,7,0.2,29.66
3640,CA-2016-145177,PP-18955,OFF-PA-10000682,158,339,Standard Class,4.62,1,0.2,1.68
3641,CA-2016-145177,PP-18955,TEC-AC-10002550,158,339,Standard Class,178.92,7,0.2,-29.07
3642,CA-2016-145177,PP-18955,OFF-BI-10002082,158,339,Standard Class,69.89,7,0.7,-46.59
3643,CA-2014-156594,MC-17845,OFF-BI-10004632,142,415,Second Class,487.98,2,0.2,152.5
3644,CA-2014-156594,MC-17845,OFF-AR-10001725,142,415,Second Class,47.3,2,0.0,12.3
3645,CA-2014-156594,MC-17845,OFF-AR-10004269,142,415,Second Class,4.13,1,0.0,1.16
3646,CA-2014-156594,MC-17845,OFF-BI-10003007,142,415,Second Class,155.12,5,0.2,50.41
3647,CA-2014-146528,VF-21715,OFF-PA-10002195,63,740,Second Class,6.48,1,0.0,3.18
3648,CA-2014-146528,VF-21715,OFF-SU-10002522,63,740,Second Class,15.52,4,0.0,4.5
3649,CA-2015-168459,MC-17275,OFF-BI-10003712,32,7,Standard Class,2.95,2,0.7,-2.06
3650,CA-2015-168459,MC-17275,OFF-FA-10004854,32,7,Standard Class,55.1,6,0.2,18.6
3651,CA-2017-109960,DB-13210,TEC-AC-10004859,152,35,Second Class,104.88,6,0.0,41.95
3652,CA-2017-109960,DB-13210,OFF-AR-10001860,152,35,Second Class,34.7,5,0.0,12.49
3653,CA-2017-109960,DB-13210,OFF-BI-10001636,152,35,Second Class,33.72,4,0.0,15.51
3654,CA-2017-109960,DB-13210,OFF-PA-10000349,152,35,Second Class,14.94,3,0.0,7.02
3655,CA-2017-133004,AJ-10945,OFF-AP-10002439,453,516,Standard Class,638.73,9,0.0,166.07
3656,CA-2017-168102,CP-12340,OFF-ST-10001370,134,559,Standard Class,113.57,2,0.2,-21.29
3657,CA-2017-158036,DB-13555,TEC-AC-10002558,83,566,Standard Class,9.1,1,0.2,1.71
3658,CA-2015-128083,EB-13750,OFF-EN-10004030,454,900,Standard Class,8.69,3,0.2,2.93
3659,CA-2015-128083,EB-13750,FUR-FU-10003194,454,900,Standard Class,30.88,4,0.2,3.86
3660,CA-2015-128083,EB-13750,FUR-FU-10001731,454,900,Standard Class,6.41,3,0.2,1.44
3661,CA-2016-161676,JP-15460,OFF-SU-10004782,277,428,Standard Class,33.8,5,0.2,4.22
3662,CA-2016-155005,SC-20050,TEC-PH-10003484,31,901,Second Class,377.97,3,0.0,94.49
3663,US-2017-129777,FM-14290,TEC-AC-10003590,360,446,Standard Class,258.9,10,0.0,93.2
3664,US-2017-129777,FM-14290,OFF-PA-10001970,360,446,Standard Class,24.56,2,0.0,11.54
3665,CA-2014-129364,TB-21250,OFF-LA-10001569,161,590,Standard Class,27.89,7,0.2,9.06
3666,CA-2014-129364,TB-21250,OFF-BI-10001132,161,590,Standard Class,6.46,4,0.7,-4.52
3667,CA-2014-129364,TB-21250,TEC-PH-10003095,161,590,Standard Class,52.68,3,0.2,19.76
3668,CA-2014-129364,TB-21250,OFF-SU-10000432,161,590,Standard Class,13.88,5,0.2,-2.6
3669,CA-2014-129364,TB-21250,TEC-AC-10004227,161,590,Standard Class,103.92,10,0.2,-18.19
3670,CA-2014-129364,TB-21250,OFF-LA-10004409,161,590,Standard Class,11.52,5,0.2,3.74
3671,CA-2014-129364,TB-21250,OFF-PA-10001569,161,590,Standard Class,10.37,2,0.2,3.63
3672,CA-2014-129364,TB-21250,OFF-ST-10001031,161,590,Standard Class,39.07,3,0.2,2.93
3673,CA-2016-104969,EH-14125,OFF-EN-10002312,413,144,Standard Class,8.87,1,0.2,3.22
3674,CA-2016-104969,EH-14125,OFF-BI-10004224,413,144,Standard Class,121.1,6,0.7,-100.92
3675,CA-2017-154109,ML-17410,FUR-CH-10003774,106,45,Standard Class,127.37,2,0.3,-30.93
3676,CA-2017-154109,ML-17410,OFF-PA-10000157,106,45,Standard Class,47.95,3,0.2,16.18
3677,CA-2015-156440,MH-17620,FUR-FU-10004090,189,902,Standard Class,44.46,2,0.0,14.67
3678,CA-2015-132626,BT-11680,OFF-FA-10002763,235,585,Standard Class,15.8,4,0.0,5.06
3679,CA-2015-132626,BT-11680,TEC-MA-10002428,235,585,Standard Class,464.97,3,0.0,209.24
3680,CA-2015-132626,BT-11680,FUR-FU-10002918,235,585,Standard Class,181.96,2,0.0,20.02
3681,CA-2015-132626,BT-11680,OFF-LA-10000476,235,585,Standard Class,12.39,3,0.0,5.7
3682,CA-2015-132626,BT-11680,OFF-BI-10002854,235,585,Standard Class,84.09,3,0.0,42.04
3683,CA-2015-132626,BT-11680,OFF-AR-10002987,235,585,Standard Class,79.36,4,0.0,32.54
3684,CA-2015-132626,BT-11680,OFF-BI-10004001,235,585,Standard Class,153.36,9,0.0,70.55
3685,CA-2015-132626,BT-11680,OFF-BI-10001634,235,585,Standard Class,43.68,6,0.0,21.4
3686,CA-2015-132626,BT-11680,OFF-ST-10003722,235,585,Standard Class,98.21,7,0.0,28.48
3687,CA-2016-102792,JC-15340,OFF-AR-10004757,216,181,Standard Class,9.84,3,0.0,3.25
3688,CA-2016-108567,DB-13210,OFF-BI-10004140,455,245,Standard Class,2.69,2,0.7,-2.24
3689,CA-2017-140760,DO-13435,OFF-PA-10002479,155,456,Second Class,25.34,6,0.2,7.92
3690,CA-2017-140760,DO-13435,OFF-EN-10001141,155,456,Second Class,43.92,5,0.2,15.92
3691,US-2015-131359,FA-14230,TEC-MA-10000597,77,629,Second Class,59.99,2,0.7,-46.0
3692,US-2015-131359,FA-14230,TEC-CO-10001571,77,629,Second Class,439.99,1,0.2,165.0
3693,US-2015-131359,FA-14230,TEC-PH-10004531,77,629,Second Class,87.96,5,0.2,30.79
3694,US-2015-131359,FA-14230,FUR-FU-10003026,77,629,Second Class,15.49,4,0.2,3.68
3695,CA-2016-142097,QJ-19255,OFF-BI-10002082,29,681,Standard Class,232.96,7,0.0,116.48
3696,CA-2016-142097,QJ-19255,OFF-EN-10002312,29,681,Standard Class,66.54,6,0.0,32.6
3697,CA-2016-142097,QJ-19255,OFF-AP-10000696,29,681,Standard Class,43.26,3,0.0,14.28
3698,CA-2015-151680,TC-21475,FUR-FU-10000305,61,903,Second Class,141.96,2,0.0,22.71
3699,CA-2014-140039,ON-18715,OFF-ST-10001034,287,104,Standard Class,79.4,5,0.2,5.96
3700,CA-2017-160416,AD-10180,TEC-AC-10004114,232,39,Second Class,163.96,4,0.0,70.5
3701,CA-2017-169411,AC-10615,FUR-FU-10001602,145,166,Standard Class,37.93,1,0.0,6.83
3702,CA-2016-126543,MF-17665,FUR-FU-10002445,214,851,Second Class,15.17,2,0.2,3.79
3703,CA-2015-104941,DH-13075,OFF-AR-10004269,34,386,Standard Class,24.78,6,0.0,6.94
3704,CA-2015-104941,DH-13075,OFF-BI-10001249,34,386,Standard Class,19.14,3,0.0,8.8
3705,CA-2015-104941,DH-13075,TEC-CO-10004202,34,386,Standard Class,899.97,3,0.0,314.99
3706,CA-2015-104941,DH-13075,OFF-PA-10003363,34,386,Standard Class,32.4,5,0.0,15.55
3707,CA-2017-160087,EN-13780,OFF-AR-10001915,78,258,Standard Class,23.83,3,0.2,6.55
3708,CA-2014-120544,SS-20140,FUR-FU-10001940,352,534,Standard Class,6.37,2,0.6,-2.55
3709,CA-2014-120544,SS-20140,OFF-AP-10004336,352,534,Standard Class,34.18,3,0.8,-87.15
3710,CA-2014-120544,SS-20140,TEC-AC-10003709,352,534,Standard Class,5.54,7,0.2,1.66
3711,CA-2017-113670,RS-19765,FUR-TA-10001705,63,454,First Class,510.24,3,0.2,6.38
3712,CA-2017-113670,RS-19765,OFF-PA-10000675,63,454,First Class,204.95,5,0.0,100.43
3713,CA-2017-166198,JW-15955,TEC-AC-10000521,6,82,First Class,11.54,1,0.0,3.46
3714,CA-2017-166198,JW-15955,FUR-FU-10004622,6,82,First Class,162.6,3,0.0,34.15
3715,CA-2014-135608,JK-15625,OFF-PA-10001954,225,590,Second Class,45.68,2,0.0,21.01
3716,CA-2014-135608,JK-15625,FUR-CH-10002602,225,590,Second Class,603.92,5,0.2,45.29
3717,CA-2017-144568,JO-15550,OFF-FA-10004395,199,149,Standard Class,23.55,5,0.0,1.18
3718,CA-2016-142370,TP-21130,OFF-SU-10003002,113,252,Standard Class,5.04,2,0.0,0.15
3719,CA-2016-142370,TP-21130,TEC-AC-10002926,113,252,Standard Class,249.95,5,0.0,107.48
3720,CA-2016-105900,BS-11590,OFF-AR-10002656,135,43,Standard Class,33.4,5,0.0,12.36
3721,CA-2016-151155,AB-10255,FUR-FU-10001918,130,888,Standard Class,18.92,4,0.0,7.38
3722,CA-2016-151155,AB-10255,OFF-BI-10003910,130,888,Standard Class,15.42,2,0.0,6.94
3723,CA-2017-144036,FO-14305,OFF-AR-10000122,33,904,Standard Class,35.71,8,0.2,2.23
3724,US-2014-169789,MF-17665,OFF-BI-10004600,52,126,Standard Class,551.98,5,0.7,-459.99
3725,CA-2017-127264,SA-20830,OFF-AR-10003045,156,356,First Class,7.06,3,0.2,2.2
3726,CA-2016-151512,SH-19975,OFF-AP-10000252,77,483,Standard Class,18.72,2,0.2,3.51
3727,CA-2016-165169,JL-15235,OFF-ST-10001496,286,411,Standard Class,360.38,2,0.0,93.7
3728,CA-2016-165169,JL-15235,OFF-AR-10000122,286,411,Standard Class,11.16,2,0.0,2.79
3729,CA-2016-165169,JL-15235,OFF-LA-10000407,286,411,Standard Class,14.94,3,0.0,6.87
3730,CA-2015-109575,KH-16630,OFF-ST-10004950,235,228,Standard Class,41.96,2,0.0,7.97
3731,CA-2015-109575,KH-16630,OFF-ST-10004123,235,228,Standard Class,636.86,7,0.0,0.0
3732,CA-2015-109575,KH-16630,TEC-PH-10000730,235,228,Standard Class,499.99,1,0.0,130.0
3733,CA-2015-109575,KH-16630,TEC-PH-10000895,235,228,Standard Class,1259.93,7,0.0,327.58
3734,CA-2015-109575,KH-16630,OFF-BI-10000962,235,228,Standard Class,65.08,4,0.0,31.89
3735,CA-2017-168193,RM-19750,OFF-PA-10002254,165,905,Second Class,26.38,1,0.0,12.13
3736,CA-2017-168193,RM-19750,FUR-FU-10002554,165,905,Second Class,71.97,3,0.0,16.55
3737,CA-2016-115476,VM-21835,TEC-PH-10000673,286,717,Same Day,129.98,2,0.0,62.39
3738,CA-2016-115476,VM-21835,OFF-BI-10000962,286,717,Same Day,32.54,2,0.0,15.94
3739,CA-2016-133340,LH-17155,TEC-PH-10003988,31,11,Standard Class,10.9,1,0.0,3.05
3740,CA-2016-133340,LH-17155,TEC-AC-10001109,31,11,Standard Class,59.98,2,0.0,25.19
3741,CA-2016-133340,LH-17155,OFF-AP-10002311,31,11,Standard Class,61.93,1,0.1,23.4
3742,CA-2016-137848,WB-21850,OFF-EN-10001137,165,805,Standard Class,16.52,4,0.0,7.6
3743,CA-2016-137848,WB-21850,OFF-PA-10004285,165,805,Standard Class,60.12,9,0.0,28.86
3744,CA-2016-137848,WB-21850,OFF-BI-10002225,165,805,Standard Class,49.54,3,0.2,17.34
3745,CA-2014-113047,AP-10915,OFF-FA-10002763,456,746,Same Day,11.85,3,0.0,3.79
3746,CA-2016-149979,RA-19915,OFF-ST-10003058,113,714,Second Class,118.25,5,0.0,34.29
3747,CA-2016-149979,RA-19915,FUR-CH-10002084,113,714,Second Class,368.97,3,0.0,81.17
3748,CA-2017-161956,DR-12880,FUR-FU-10002937,96,152,Second Class,198.46,2,0.0,99.23
3749,CA-2017-161956,DR-12880,OFF-AP-10001242,96,152,Second Class,321.92,4,0.0,96.58
3750,CA-2017-161956,DR-12880,TEC-CO-10001571,96,152,Second Class,879.98,2,0.2,329.99
3751,CA-2017-161956,DR-12880,OFF-SU-10002503,96,152,Second Class,28.4,5,0.0,8.24
3752,CA-2017-161956,DR-12880,FUR-CH-10004886,96,152,Second Class,230.28,3,0.2,23.03
3753,CA-2017-161956,DR-12880,OFF-PA-10001289,96,152,Second Class,116.28,3,0.0,56.98
3754,CA-2017-161956,DR-12880,OFF-BI-10003650,96,152,Second Class,841.57,2,0.2,294.55
3755,CA-2017-161956,DR-12880,OFF-ST-10001370,96,152,Second Class,354.9,5,0.0,17.74
3756,CA-2016-116799,JG-15310,OFF-PA-10001892,457,841,First Class,42.78,7,0.2,15.51
3757,CA-2016-116799,JG-15310,FUR-CH-10004983,457,841,First Class,563.43,5,0.3,-56.34
3758,CA-2016-111283,LC-16870,OFF-AR-10001615,56,906,Standard Class,111.1,7,0.2,8.33
3759,CA-2015-167745,GB-14530,OFF-AR-10003602,14,228,Standard Class,11.68,2,0.0,5.49
3760,CA-2015-167745,GB-14530,OFF-SU-10004782,14,228,Standard Class,16.9,2,0.0,5.07
3761,CA-2015-167745,GB-14530,FUR-FU-10001591,14,228,Standard Class,24.4,2,0.0,10.25
3762,CA-2017-104577,CK-12205,OFF-PA-10000659,290,606,Standard Class,87.6,5,0.0,42.05
3763,CA-2016-156251,TS-21160,FUR-BO-10001337,458,573,Second Class,241.96,2,0.0,24.2
3764,CA-2016-156251,TS-21160,OFF-BI-10003529,458,573,Second Class,8.52,3,0.0,4.17
3765,CA-2017-125878,MH-18025,OFF-BI-10002609,37,907,Standard Class,1.79,3,0.8,-3.04
3766,CA-2016-163153,DM-12955,FUR-TA-10004767,67,845,Standard Class,99.37,2,0.3,-1.42
3767,CA-2016-163153,DM-12955,OFF-AR-10001868,67,845,Standard Class,1.34,1,0.2,0.5
3768,CA-2015-103205,JJ-15760,TEC-PH-10004896,67,576,Second Class,119.96,5,0.2,12.0
3769,CA-2014-153913,KB-16585,FUR-CH-10000988,187,758,Second Class,1013.83,9,0.2,101.38
3770,CA-2014-153913,KB-16585,OFF-FA-10000490,187,758,Second Class,1.98,2,0.2,0.67
3771,CA-2016-155530,CM-12160,FUR-TA-10004256,35,908,Standard Class,2003.52,6,0.2,-325.57
3772,US-2016-101196,FM-14215,OFF-ST-10004804,12,537,Standard Class,82.37,2,0.2,-19.56
3773,CA-2014-115357,RF-19735,TEC-AC-10000023,38,909,Second Class,62.91,3,0.0,22.65
3774,US-2014-102715,JK-15370,OFF-FA-10001332,124,910,Second Class,6.91,3,0.2,2.33
3775,US-2014-102715,JK-15370,TEC-AC-10002001,124,910,Second Class,383.98,3,0.2,81.59
3776,US-2014-102715,JK-15370,OFF-PA-10000029,124,910,Second Class,10.37,2,0.2,3.63
3777,US-2014-102715,JK-15370,TEC-AC-10001874,124,910,Second Class,335.94,7,0.2,41.99
3778,CA-2015-107937,JB-16045,FUR-FU-10002298,459,911,Standard Class,665.88,6,0.0,106.54
3779,US-2017-148768,PN-18775,TEC-PH-10002564,124,330,Second Class,71.98,3,0.2,9.0
3780,CA-2017-118521,LF-17185,OFF-PA-10003465,46,912,Standard Class,37.94,2,0.0,18.21
3781,CA-2014-149643,RH-19510,TEC-PH-10000038,460,913,Standard Class,273.96,2,0.0,10.96
3782,CA-2015-135314,MC-17575,TEC-PH-10003072,75,585,Second Class,269.98,3,0.4,40.5
3783,CA-2017-165204,MN-17935,OFF-PA-10003424,32,39,Second Class,8.9,3,0.2,3.34
3784,CA-2017-165204,MN-17935,OFF-ST-10003716,32,39,Second Class,720.06,4,0.2,-63.01
3785,CA-2017-125752,EH-14125,TEC-AC-10003590,3,690,Standard Class,41.42,2,0.2,8.28
3786,CA-2017-112487,TC-21535,OFF-BI-10000494,48,378,Standard Class,3.13,2,0.7,-2.61
3787,CA-2016-144218,JD-15895,OFF-ST-10002615,63,732,Standard Class,1085.42,7,0.0,282.21
3788,CA-2016-169971,IL-15100,OFF-AR-10002804,17,914,Standard Class,3.91,1,0.2,1.03
3789,CA-2016-169971,IL-15100,OFF-AR-10001044,17,914,Standard Class,62.38,3,0.2,7.02
3790,US-2016-133508,SW-20350,OFF-FA-10000134,199,765,Standard Class,29.05,5,0.0,9.01
3791,CA-2014-107139,DP-13390,OFF-BI-10001670,26,261,Standard Class,180.96,6,0.2,67.86
3792,CA-2015-111325,BT-11395,OFF-BI-10000343,461,915,First Class,4.42,3,0.7,-3.39
3793,CA-2015-111325,BT-11395,OFF-AR-10002257,461,915,First Class,16.03,6,0.2,2.2
3794,CA-2015-163762,JE-15475,OFF-AR-10001915,24,155,Standard Class,29.79,3,0.0,12.51
3795,US-2014-117163,EJ-13720,OFF-ST-10003692,89,916,Standard Class,57.23,1,0.0,14.31
3796,US-2014-117163,EJ-13720,FUR-TA-10003469,89,916,Standard Class,333.0,3,0.2,-16.65
3797,US-2014-117163,EJ-13720,OFF-AR-10003179,89,916,Standard Class,36.44,4,0.0,12.03
3798,CA-2017-121314,BE-11410,OFF-PA-10003395,329,398,First Class,251.64,3,0.2,88.07
3799,CA-2017-147760,KL-16555,FUR-TA-10004575,308,260,First Class,523.76,3,0.4,-192.05
3800,CA-2017-147760,KL-16555,TEC-PH-10002483,308,260,First Class,1359.96,5,0.2,119.0
3801,CA-2016-156503,NC-18415,FUR-CH-10003606,223,501,Standard Class,102.59,1,0.2,10.26
3802,CA-2016-156503,NC-18415,TEC-AC-10002473,223,501,Standard Class,22.7,1,0.2,5.96
3803,CA-2016-156503,NC-18415,OFF-PA-10002319,223,501,Standard Class,93.02,3,0.2,33.72
3804,CA-2016-156503,NC-18415,OFF-SU-10000946,223,501,Standard Class,12.77,2,0.2,1.44
3805,CA-2016-156503,NC-18415,OFF-EN-10001335,223,501,Standard Class,35.01,4,0.2,13.13
3806,CA-2016-156503,NC-18415,OFF-PA-10002377,223,501,Standard Class,39.15,1,0.2,14.68
3807,CA-2015-113628,AH-10690,OFF-AR-10001246,454,769,Standard Class,11.76,5,0.2,1.32
3808,CA-2015-113628,AH-10690,OFF-BI-10003291,454,769,Standard Class,5.24,2,0.7,-4.02
3809,CA-2015-113628,AH-10690,OFF-BI-10002799,454,769,Standard Class,4.66,3,0.7,-3.73
3810,CA-2015-113628,AH-10690,FUR-CH-10003298,454,769,Standard Class,523.92,5,0.2,-72.04
3811,CA-2015-113628,AH-10690,TEC-PH-10000441,454,769,Standard Class,100.79,1,0.2,10.08
3812,CA-2015-113628,AH-10690,FUR-CH-10004477,454,769,Standard Class,146.14,3,0.2,16.44
3813,CA-2017-147753,PK-19075,OFF-LA-10003537,202,917,Same Day,25.06,2,0.0,11.78
3814,CA-2015-103961,NG-18430,OFF-LA-10004484,117,600,Standard Class,19.82,6,0.2,6.44
3815,CA-2016-152471,ZD-21925,TEC-PH-10002824,134,631,Same Day,823.96,5,0.2,51.5
3816,CA-2016-152471,ZD-21925,OFF-PA-10004965,134,631,Same Day,15.98,2,0.2,5.0
3817,CA-2015-102582,NW-18400,FUR-TA-10003569,273,427,Standard Class,801.96,2,0.0,200.49
3818,CA-2015-102582,NW-18400,TEC-PH-10003187,273,427,Standard Class,59.97,3,0.0,0.0
3819,CA-2015-102582,NW-18400,FUR-CH-10004853,273,427,Standard Class,1056.86,7,0.0,306.49
3820,CA-2017-141873,HG-14845,OFF-BI-10001031,24,450,Standard Class,12.82,3,0.2,4.33
3821,CA-2017-141873,HG-14845,FUR-BO-10003034,24,450,Standard Class,314.35,3,0.2,-15.72
3822,CA-2017-141873,HG-14845,OFF-PA-10000069,24,450,Standard Class,18.98,2,0.0,8.92
3823,CA-2017-141873,HG-14845,OFF-BI-10003655,24,450,Standard Class,18.24,6,0.2,6.16
3824,CA-2015-140984,CC-12685,OFF-ST-10000585,165,472,Standard Class,991.2,6,0.0,257.71
3825,CA-2015-140984,CC-12685,TEC-CO-10001571,165,472,Standard Class,879.98,2,0.2,329.99
3826,CA-2015-140984,CC-12685,OFF-BI-10002012,165,472,Standard Class,12.96,9,0.2,4.54
3827,CA-2014-132801,JG-15805,OFF-ST-10001228,163,274,Standard Class,107.44,10,0.2,10.74
3828,CA-2017-141733,RW-19540,FUR-CH-10004086,152,918,Standard Class,1458.65,5,0.0,423.01
3829,CA-2017-141733,RW-19540,FUR-CH-10002017,152,918,Standard Class,26.64,1,0.0,7.46
3830,CA-2017-141733,RW-19540,FUR-CH-10000595,152,918,Standard Class,476.8,2,0.0,119.2
3831,CA-2017-141733,RW-19540,OFF-AP-10001563,152,918,Standard Class,87.44,2,0.1,18.46
3832,US-2015-111927,LS-17230,FUR-FU-10004017,22,718,Standard Class,76.14,3,0.0,26.65
3833,US-2015-111927,LS-17230,OFF-BI-10002571,22,718,Standard Class,19.96,2,0.0,9.38
3834,CA-2014-105984,MY-18295,TEC-PH-10000560,48,157,Same Day,1049.97,5,0.4,-209.99
3835,CA-2014-105984,MY-18295,FUR-CH-10000847,48,157,Same Day,611.06,3,0.3,-34.92
3836,CA-2014-100363,JM-15655,OFF-FA-10000611,277,919,Standard Class,2.37,2,0.2,0.83
3837,CA-2014-100363,JM-15655,OFF-PA-10004733,277,919,Standard Class,19.01,3,0.2,6.89
3838,CA-2014-126760,KM-16720,TEC-PH-10001363,284,712,Standard Class,911.98,2,0.2,114.0
3839,CA-2014-126760,KM-16720,FUR-CH-10003312,284,712,Standard Class,674.35,3,0.2,-109.58
3840,CA-2014-126760,KM-16720,FUR-FU-10004018,284,712,Standard Class,134.01,9,0.0,36.18
3841,CA-2014-126760,KM-16720,TEC-AC-10004814,284,712,Standard Class,170.97,3,0.0,70.1
3842,US-2014-109162,KE-16420,FUR-CH-10002647,49,786,Standard Class,170.35,3,0.2,10.65
3843,CA-2014-101931,TS-21370,OFF-BI-10004140,14,920,First Class,7.18,2,0.2,2.24
3844,CA-2014-101931,TS-21370,OFF-SU-10002301,14,920,First Class,6.28,2,0.0,0.06
3845,CA-2014-101931,TS-21370,OFF-SU-10000646,14,920,First Class,480.74,2,0.0,14.42
3846,CA-2014-101931,TS-21370,FUR-BO-10001337,14,920,First Class,617.0,6,0.15,-36.29
3847,CA-2014-101931,TS-21370,OFF-ST-10003442,14,920,First Class,141.4,5,0.0,38.18
3848,CA-2017-129000,SZ-20035,OFF-ST-10001097,131,921,Second Class,501.81,3,0.0,0.0
3849,CA-2017-161053,JE-15745,OFF-BI-10004318,146,586,First Class,691.96,4,0.0,318.3
3850,CA-2017-161053,JE-15745,TEC-AC-10004633,146,586,First Class,34.95,5,0.0,15.38
3851,CA-2015-142377,MS-17980,OFF-PA-10001970,335,785,Standard Class,85.96,7,0.0,40.4
3852,CA-2015-127593,DH-13675,FUR-FU-10004006,360,482,Same Day,85.3,2,0.0,14.5
3853,CA-2017-130526,GT-14755,OFF-BI-10001524,229,201,First Class,33.57,8,0.8,-53.71
3854,US-2017-131849,GH-14410,FUR-FU-10004164,35,922,Standard Class,4.95,1,0.0,2.18
3855,US-2017-131849,GH-14410,OFF-ST-10002957,35,922,Standard Class,26.4,5,0.0,0.0
3856,US-2017-105389,DM-13015,OFF-BI-10004364,66,437,Second Class,3.56,3,0.8,-6.24
3857,US-2017-105389,DM-13015,TEC-PH-10002824,66,437,Second Class,823.96,5,0.2,51.5
3858,US-2017-105389,DM-13015,OFF-AR-10000634,66,437,Second Class,10.27,3,0.2,0.9
3859,CA-2014-140816,TC-21295,TEC-AC-10001539,462,415,Same Day,447.94,7,0.2,89.59
3860,CA-2017-154039,JK-16120,FUR-TA-10001932,156,923,Standard Class,480.96,3,0.5,-269.34
3861,CA-2017-154039,JK-16120,TEC-PH-10002789,156,923,Standard Class,124.79,1,0.2,10.92
3862,CA-2014-135755,NC-18415,OFF-BI-10004828,232,524,Standard Class,40.18,3,0.2,14.56
3863,CA-2014-135755,NC-18415,OFF-BI-10003981,232,524,Standard Class,10.9,3,0.2,3.95
3864,CA-2017-123246,AJ-10960,OFF-AR-10001770,89,162,Second Class,10.64,4,0.0,2.77
3865,CA-2015-157133,LC-16885,FUR-FU-10004904,463,110,Standard Class,151.96,5,0.6,-182.35
3866,CA-2014-124709,GW-14605,TEC-AC-10002842,35,924,Second Class,238.0,2,0.0,38.08
3867,CA-2017-146360,SC-20305,TEC-AC-10003590,453,757,Second Class,155.34,6,0.0,55.92
3868,CA-2015-132486,JF-15355,TEC-AC-10000710,189,925,Second Class,148.32,9,0.0,63.78
3869,CA-2015-132486,JF-15355,FUR-CH-10004495,189,925,Second Class,240.78,1,0.2,27.09
3870,CA-2015-132486,JF-15355,FUR-CH-10004540,189,925,Second Class,191.97,7,0.2,16.8
3871,CA-2015-132486,JF-15355,OFF-PA-10004971,189,925,Second Class,11.56,2,0.0,5.66
3872,CA-2015-132486,JF-15355,OFF-EN-10002600,189,925,Second Class,11.8,4,0.0,5.66
3873,CA-2015-132486,JF-15355,FUR-CH-10001854,189,925,Second Class,842.35,3,0.2,42.12
3874,CA-2016-136231,DM-13015,OFF-EN-10001099,341,65,Second Class,23.47,3,0.2,7.63
3875,CA-2016-136231,DM-13015,OFF-BI-10001597,341,65,Second Class,86.06,7,0.7,-63.11
3876,CA-2016-136231,DM-13015,TEC-PH-10002660,341,65,Second Class,108.78,2,0.2,6.8
3877,CA-2016-136231,DM-13015,OFF-PA-10000327,341,65,Second Class,10.27,3,0.2,3.21
3878,CA-2016-140641,EP-13915,OFF-BI-10001191,86,100,Standard Class,38.19,5,0.7,-26.73
3879,CA-2014-151001,JG-15805,OFF-ST-10003455,68,268,First Class,49.63,4,0.2,3.72
3880,CA-2014-151001,JG-15805,OFF-ST-10001031,68,268,First Class,52.1,4,0.2,3.91
3881,CA-2015-129896,PF-19120,OFF-PA-10002245,28,926,Standard Class,9.57,2,0.2,2.99
3882,CA-2015-129896,PF-19120,OFF-ST-10004804,28,926,Standard Class,82.37,2,0.2,-19.56
3883,CA-2015-129896,PF-19120,FUR-FU-10004904,28,926,Standard Class,364.7,6,0.2,-36.47
3884,CA-2015-129896,PF-19120,FUR-FU-10002396,28,926,Standard Class,40.26,4,0.2,11.07
3885,CA-2014-152849,DW-13195,OFF-AR-10002833,366,261,Standard Class,4.37,3,0.2,0.38
3886,US-2017-127341,CK-12595,OFF-BI-10001072,156,927,Standard Class,12.13,4,0.8,-20.62
3887,CA-2016-167759,CC-12670,TEC-PH-10003171,464,841,Second Class,134.85,3,0.0,37.76
3888,CA-2014-100895,SV-20785,OFF-AR-10004511,237,271,Standard Class,8.56,2,0.0,2.65
3889,CA-2014-100895,SV-20785,TEC-PH-10001425,237,271,Standard Class,239.97,3,0.0,67.19
3890,CA-2014-100895,SV-20785,OFF-ST-10001490,237,271,Standard Class,356.94,2,0.0,107.08
3891,US-2016-163881,SP-20860,TEC-AC-10003033,2,391,Standard Class,659.9,2,0.0,217.77
3892,US-2016-163881,SP-20860,FUR-CH-10001394,2,391,Standard Class,1684.75,6,0.2,210.59
3893,US-2016-163881,SP-20860,TEC-AC-10000420,2,391,Standard Class,559.92,8,0.0,190.37
3894,US-2016-144547,MS-17770,TEC-AC-10004901,67,339,Standard Class,279.94,7,0.2,48.99
3895,US-2014-112200,TC-21475,OFF-BI-10002571,432,755,Standard Class,9.98,5,0.8,-16.47
3896,CA-2017-110212,SJ-20125,TEC-AC-10002331,465,928,Standard Class,48.9,5,0.0,18.09
3897,CA-2017-134285,DS-13180,OFF-FA-10000611,66,227,Standard Class,3.55,3,0.2,1.24
3898,CA-2017-134285,DS-13180,OFF-PA-10000304,66,227,Standard Class,15.55,3,0.2,5.44
3899,CA-2017-102267,SC-20800,OFF-FA-10000611,466,330,Standard Class,2.37,2,0.2,0.83
3900,CA-2017-157980,SH-20395,TEC-AC-10002567,214,227,First Class,127.98,2,0.2,25.6
3901,CA-2015-121097,SF-20965,OFF-PA-10001937,467,929,Standard Class,10.37,2,0.2,3.63
3902,CA-2015-151043,MG-17680,TEC-AC-10001090,106,718,Standard Class,47.98,2,0.2,-1.2
3903,US-2015-119312,CS-12400,OFF-ST-10000943,63,654,Second Class,270.34,14,0.0,75.7
3904,CA-2015-167010,VT-21700,OFF-AP-10004036,106,58,Standard Class,98.11,7,0.2,18.4
3905,CA-2015-167010,VT-21700,OFF-ST-10003816,106,58,Standard Class,563.81,4,0.2,21.14
3906,CA-2015-167010,VT-21700,OFF-BI-10002072,106,58,Standard Class,10.43,4,0.7,-6.95
3907,CA-2015-167010,VT-21700,FUR-FU-10001468,106,58,Standard Class,547.14,4,0.2,-68.39
3908,CA-2015-167010,VT-21700,TEC-PH-10000347,106,58,Standard Class,14.85,5,0.4,-3.22
3909,CA-2015-167010,VT-21700,TEC-PH-10002844,106,58,Standard Class,41.99,2,0.4,-9.8
3910,CA-2015-167010,VT-21700,FUR-FU-10001037,106,58,Standard Class,7.58,1,0.2,2.37
3911,CA-2015-167010,VT-21700,FUR-BO-10004218,106,58,Standard Class,352.45,5,0.5,-211.47
3912,CA-2017-126788,AB-10105,TEC-PH-10001619,436,930,First Class,470.38,3,0.2,52.92
3913,CA-2017-148068,MM-18280,OFF-PA-10001639,46,66,Standard Class,19.44,3,0.0,9.33
3914,CA-2017-148068,MM-18280,FUR-FU-10002268,46,66,Standard Class,9.82,2,0.0,3.24
3915,US-2017-142573,ML-17410,FUR-TA-10001932,52,931,Standard Class,801.6,5,0.5,-448.9
3916,US-2017-142573,ML-17410,FUR-CH-10004218,52,931,Standard Class,161.57,2,0.2,10.1
3917,US-2017-142573,ML-17410,OFF-PA-10000246,52,931,Standard Class,16.1,2,0.2,5.23
3918,US-2017-142573,ML-17410,OFF-BI-10003350,52,931,Standard Class,7.66,4,0.7,-6.12
3919,US-2017-142573,ML-17410,FUR-CH-10000513,52,931,Standard Class,311.98,3,0.2,-42.9
3920,US-2015-148817,KD-16495,OFF-ST-10001321,338,495,Standard Class,61.68,4,0.0,16.65
3921,US-2015-148817,KD-16495,OFF-BI-10004233,338,495,Standard Class,63.96,4,0.0,30.7
3922,CA-2016-110044,RF-19735,TEC-PH-10001299,27,932,Second Class,359.98,3,0.2,36.0
3923,CA-2017-146920,SC-20305,OFF-PA-10002479,37,736,Standard Class,25.34,6,0.2,7.92
3924,CA-2017-146920,SC-20305,OFF-PA-10001461,37,736,Standard Class,26.72,5,0.2,9.35
3925,CA-2014-103940,BN-11515,OFF-ST-10004963,6,329,Standard Class,30.28,2,0.0,1.21
3926,CA-2014-103940,BN-11515,OFF-ST-10000943,6,329,Standard Class,57.93,3,0.0,16.22
3927,CA-2014-103940,BN-11515,FUR-FU-10004671,6,329,Standard Class,35.34,2,0.0,13.43
3928,CA-2014-103940,BN-11515,OFF-BI-10002735,6,329,Standard Class,137.24,5,0.2,46.32
3929,CA-2016-162082,JS-15880,FUR-BO-10004409,115,561,First Class,241.33,5,0.32,-14.2
3930,CA-2016-162082,JS-15880,OFF-PA-10001934,115,561,First Class,5.18,1,0.2,1.88
3931,CA-2016-162082,JS-15880,OFF-AR-10001044,115,561,First Class,145.54,7,0.2,16.37
3932,CA-2016-132094,VG-21805,OFF-AR-10004165,12,371,Standard Class,5.47,3,0.2,1.64
3933,CA-2016-132094,VG-21805,TEC-AC-10001109,12,371,Standard Class,47.98,2,0.2,13.2
3934,CA-2017-123001,AW-10840,OFF-AR-10001919,411,265,Standard Class,9.4,5,0.0,2.73
3935,CA-2017-123001,AW-10840,OFF-LA-10004544,411,265,Standard Class,74.0,5,0.0,37.0
3936,CA-2017-123001,AW-10840,TEC-PH-10003484,411,265,Standard Class,201.58,2,0.2,12.6
3937,CA-2015-118955,LS-17230,OFF-EN-10001028,71,383,Standard Class,28.75,3,0.2,9.34
3938,CA-2015-118955,LS-17230,OFF-PA-10004156,71,383,Standard Class,27.22,3,0.2,9.87
3939,CA-2015-118955,LS-17230,FUR-CH-10001708,71,383,Standard Class,197.37,2,0.3,-25.38
3940,US-2016-143448,MH-17455,FUR-CH-10003379,468,108,Same Day,1424.9,5,0.0,356.22
3941,CA-2017-117863,TS-21340,FUR-FU-10002456,24,797,Standard Class,14.56,2,0.0,6.26
3942,CA-2017-117863,TS-21340,OFF-BI-10000605,24,797,Standard Class,3.05,1,0.2,1.03
3943,CA-2017-160458,EH-13945,OFF-PA-10001166,32,838,Second Class,25.92,5,0.2,9.07
3944,US-2016-142685,MG-17695,OFF-SU-10000157,251,662,Standard Class,835.17,7,0.0,16.7
3945,CA-2016-133144,DO-13435,OFF-PA-10004971,2,459,Second Class,17.34,3,0.0,8.5
3946,CA-2017-167871,AF-10870,OFF-PA-10001977,241,552,Standard Class,44.38,1,0.2,15.53
3947,CA-2017-167871,AF-10870,OFF-SU-10001225,241,552,Standard Class,2.94,1,0.2,-0.66
3948,CA-2016-119963,SN-20710,OFF-AR-10003514,90,742,Standard Class,6.37,2,0.2,1.03
3949,CA-2016-119963,SN-20710,OFF-LA-10003510,90,742,Standard Class,48.85,2,0.2,15.88
3950,CA-2016-119963,SN-20710,OFF-PA-10001970,90,742,Standard Class,19.65,2,0.2,6.63
3951,CA-2016-119963,SN-20710,FUR-CH-10003817,90,742,Standard Class,255.11,6,0.3,-18.22
3952,CA-2014-121167,MO-17500,OFF-BI-10003676,266,684,Second Class,17.25,2,0.2,6.04
3953,US-2016-151862,ON-18715,TEC-PH-10003535,77,399,Standard Class,159.98,2,0.2,14.0
3954,CA-2017-152961,SC-20095,OFF-PA-10004675,360,788,Standard Class,12.7,2,0.0,5.84
3955,CA-2014-133228,MS-17710,FUR-FU-10004020,186,528,Standard Class,5.47,1,0.0,2.35
3956,CA-2014-133228,MS-17710,OFF-AR-10001955,186,528,Standard Class,79.36,4,0.0,23.81
3957,CA-2016-114951,DN-13690,FUR-FU-10002364,10,191,Standard Class,22.14,3,0.0,6.42
3958,CA-2016-156573,RB-19360,OFF-BI-10002414,396,212,Standard Class,11.28,3,0.7,-8.65
3959,CA-2016-156573,RB-19360,OFF-AR-10003732,396,212,Standard Class,4.45,2,0.2,0.33
3960,CA-2016-156573,RB-19360,FUR-FU-10001085,396,212,Standard Class,44.76,3,0.2,14.55
3961,CA-2015-113901,NH-18610,OFF-BI-10001249,84,325,Standard Class,38.28,6,0.0,17.61
3962,CA-2015-113901,NH-18610,TEC-PH-10002564,84,325,Standard Class,149.95,5,0.0,44.98
3963,CA-2017-134838,ED-13885,OFF-AR-10000634,63,601,First Class,12.84,3,0.0,3.47
3964,CA-2017-134838,ED-13885,FUR-FU-10004018,63,601,First Class,44.67,3,0.0,12.06
3965,CA-2016-120257,PW-19240,OFF-AR-10003481,12,898,Standard Class,7.87,3,0.2,0.89
3966,CA-2014-164910,DM-13345,OFF-AR-10003651,197,608,Second Class,7.87,3,0.2,0.89
3967,CA-2016-149902,DW-13540,OFF-AR-10002956,24,179,Standard Class,88.04,4,0.0,22.89
3968,CA-2016-146010,EH-14125,OFF-BI-10003638,98,245,First Class,40.64,7,0.7,-32.51
3969,US-2015-163685,KE-16420,OFF-BI-10001890,66,933,Standard Class,5.73,8,0.8,-9.16
3970,US-2015-163685,KE-16420,OFF-PA-10002606,66,933,Standard Class,42.24,10,0.2,13.2
3971,CA-2014-135090,SP-20920,OFF-PA-10002245,2,755,Standard Class,53.82,9,0.0,24.22
3972,CA-2015-132374,PS-19045,OFF-AR-10001615,424,934,Second Class,79.36,4,0.0,20.63
3973,CA-2016-167556,JM-15250,OFF-PA-10000466,30,893,Standard Class,13.48,2,0.0,6.74
3974,CA-2016-167556,JM-15250,OFF-BI-10003708,30,893,Standard Class,29.8,5,0.2,9.31
3975,CA-2016-167556,JM-15250,FUR-FU-10004848,30,893,Standard Class,414.0,8,0.0,124.2
3976,CA-2016-167556,JM-15250,OFF-BI-10000320,30,893,Standard Class,41.33,7,0.2,14.98
3977,US-2016-116400,EB-13930,FUR-FU-10003731,196,333,First Class,39.92,4,0.0,11.18
3978,CA-2017-101308,FG-14260,OFF-FA-10002780,60,281,Standard Class,8.94,3,0.0,4.11
3979,CA-2017-101308,FG-14260,TEC-PH-10003800,60,281,Standard Class,84.78,2,0.2,-20.14
3980,CA-2014-114517,TH-21235,FUR-TA-10001676,24,852,Standard Class,53.32,2,0.4,-19.55
3981,CA-2014-114517,TH-21235,OFF-AP-10002350,24,852,Standard Class,56.52,3,0.0,15.83
3982,CA-2017-119564,PL-18925,FUR-FU-10003096,61,935,Standard Class,22.77,3,0.0,9.79
3983,CA-2016-135265,CC-12370,FUR-CH-10003061,63,275,Second Class,287.97,4,0.2,-3.6
3984,CA-2016-135265,CC-12370,TEC-CO-10003763,63,275,Second Class,2799.96,5,0.2,944.99
3985,CA-2016-135265,CC-12370,OFF-PA-10002923,63,275,Second Class,48.94,1,0.0,24.47
3986,CA-2016-108735,JM-15535,FUR-BO-10003441,469,765,Standard Class,257.5,3,0.15,24.24
3987,CA-2017-112333,KF-16285,OFF-ST-10001780,171,799,Standard Class,2591.56,4,0.0,621.97
3988,CA-2017-112333,KF-16285,OFF-AP-10001962,171,799,Standard Class,41.95,5,0.0,10.49
3989,US-2016-159415,CS-12175,FUR-FU-10003798,85,765,Standard Class,79.12,5,0.2,13.85
3990,CA-2014-122588,AR-10540,FUR-FU-10001095,470,642,Second Class,52.96,2,0.0,20.12
3991,CA-2014-137589,MS-17770,OFF-SU-10000157,208,936,Standard Class,286.34,3,0.2,-64.43
3992,CA-2015-161998,DB-13120,FUR-FU-10001095,86,490,Standard Class,63.55,3,0.2,14.3
3993,CA-2015-161998,DB-13120,OFF-SU-10004261,86,490,Standard Class,41.38,3,0.2,4.65
3994,CA-2015-161998,DB-13120,OFF-AR-10004022,86,490,Standard Class,172.7,6,0.2,10.79
3995,CA-2015-105627,DK-12895,FUR-BO-10002916,310,937,Standard Class,512.94,3,0.0,97.46
3996,CA-2015-105627,DK-12895,FUR-CH-10002084,310,937,Standard Class,860.93,7,0.0,189.4
3997,CA-2015-105627,DK-12895,TEC-PH-10003012,310,937,Standard Class,769.95,5,0.0,223.29
3998,CA-2015-105627,DK-12895,OFF-AR-10002704,310,937,Standard Class,14.98,1,0.0,4.49
3999,CA-2015-105627,DK-12895,FUR-FU-10000308,310,937,Standard Class,373.08,6,0.0,82.08
4000,US-2015-149629,MP-17965,FUR-BO-10004709,455,790,Second Class,231.92,5,0.2,5.8
4001,CA-2014-116834,Dp-13240,FUR-FU-10001196,61,857,Standard Class,63.47,11,0.0,19.04
4002,CA-2014-116834,Dp-13240,TEC-AC-10002942,61,857,Standard Class,345.0,5,0.0,58.65
4003,CA-2016-145730,CC-12220,FUR-TA-10004915,66,841,Standard Class,637.9,3,0.3,-127.58
4004,CA-2016-145730,CC-12220,TEC-MA-10001016,66,841,Standard Class,287.91,3,0.4,33.59
4005,CA-2016-145730,CC-12220,OFF-EN-10000483,66,841,Standard Class,36.6,3,0.2,11.9
4006,US-2015-168732,KM-16660,OFF-AR-10003087,237,896,Standard Class,1.78,1,0.0,0.5
4007,US-2015-168732,KM-16660,OFF-PA-10000520,237,896,Standard Class,25.92,4,0.0,12.44
4008,US-2015-168732,KM-16660,TEC-AC-10001553,237,896,Standard Class,101.94,6,0.0,21.41
4009,CA-2015-107468,MK-17905,OFF-AR-10000634,128,218,Standard Class,6.85,2,0.2,0.6
4010,CA-2017-144463,SC-20725,FUR-FU-10001215,2,315,Standard Class,474.43,11,0.0,199.26
4011,CA-2017-100811,CC-12475,OFF-PA-10001204,106,611,First Class,8.45,2,0.2,2.64
4012,CA-2017-100811,CC-12475,OFF-ST-10002444,106,611,First Class,39.3,4,0.2,3.93
4013,CA-2015-153612,BT-11305,OFF-AR-10000203,471,938,Standard Class,17.12,4,0.0,4.96
4014,CA-2015-165624,FH-14350,OFF-AP-10000828,149,842,Standard Class,542.94,3,0.0,152.02
4015,CA-2015-165624,FH-14350,OFF-LA-10003190,149,842,Standard Class,8.64,3,0.0,4.23
4016,CA-2015-165624,FH-14350,OFF-PA-10002319,149,842,Standard Class,193.8,5,0.0,94.96
4017,CA-2015-165624,FH-14350,OFF-PA-10003893,149,842,Standard Class,21.4,5,0.0,9.63
4018,CA-2015-165624,FH-14350,OFF-PA-10002499,149,842,Standard Class,97.88,2,0.0,48.94
4019,CA-2015-165624,FH-14350,TEC-AC-10004568,149,842,Standard Class,251.91,9,0.0,47.86
4020,CA-2015-165624,FH-14350,OFF-AP-10001492,149,842,Standard Class,25.86,3,0.0,6.72
4021,CA-2014-154963,AA-10645,FUR-CH-10004698,182,170,Standard Class,170.06,3,0.3,-4.86
4022,CA-2014-154963,AA-10645,TEC-PH-10004093,182,170,Standard Class,82.78,3,0.4,-15.18
4023,CA-2014-154963,AA-10645,FUR-CH-10000454,182,170,Standard Class,853.93,5,0.3,0.0
4024,CA-2017-130764,JO-15145,FUR-BO-10003034,95,856,First Class,556.66,5,0.15,6.55
4025,CA-2017-130764,JO-15145,TEC-PH-10003215,95,856,First Class,95.84,4,0.2,34.74
4026,CA-2017-139311,SF-20965,OFF-PA-10001776,472,939,First Class,29.66,4,0.2,10.01
4027,CA-2017-139311,SF-20965,OFF-AR-10004582,472,939,First Class,9.18,7,0.2,2.87
4028,CA-2017-139311,SF-20965,TEC-PH-10001557,472,939,First Class,153.58,2,0.2,13.44
4029,CA-2017-139311,SF-20965,OFF-BI-10004209,472,939,First Class,12.86,8,0.8,-22.51
4030,CA-2017-124296,CS-12355,TEC-MA-10003183,300,166,Standard Class,479.97,3,0.0,239.98
4031,CA-2017-124296,CS-12355,FUR-CH-10002439,300,166,Standard Class,232.88,4,0.0,60.55
4032,CA-2016-169957,SN-20710,OFF-AP-10000576,473,183,Standard Class,236.88,6,0.0,66.33
4033,CA-2016-169957,SN-20710,OFF-PA-10004040,473,183,Standard Class,29.9,5,0.0,14.65
4034,CA-2016-169957,SN-20710,TEC-AC-10003063,473,183,Standard Class,100.0,4,0.0,21.0
4035,US-2016-108777,JM-15655,OFF-BI-10003982,204,940,Same Day,18.69,3,0.7,-14.33
4036,US-2016-108777,JM-15655,TEC-AC-10002567,204,940,Same Day,383.95,6,0.2,76.79
4037,CA-2015-148859,FH-14350,OFF-ST-10004950,37,76,Standard Class,24.82,2,0.2,1.55
4038,CA-2014-110786,AJ-10795,FUR-FU-10000550,95,283,Standard Class,24.9,5,0.0,8.22
4039,CA-2014-110786,AJ-10795,OFF-PA-10000528,95,283,Standard Class,21.12,4,0.0,9.5
4040,CA-2014-110786,AJ-10795,TEC-MA-10003183,95,283,Standard Class,767.95,6,0.2,287.98
4041,CA-2014-110786,AJ-10795,OFF-BI-10003305,95,283,Standard Class,14.35,3,0.2,4.66
4042,CA-2014-110786,AJ-10795,TEC-PH-10001425,95,283,Standard Class,191.98,3,0.2,19.2
4043,CA-2014-110786,AJ-10795,OFF-LA-10001474,95,283,Standard Class,274.77,9,0.0,126.39
4044,CA-2014-110786,AJ-10795,FUR-FU-10000672,95,283,Standard Class,70.56,6,0.0,23.99
4045,CA-2015-137750,JF-15565,FUR-FU-10001979,95,609,Standard Class,204.85,5,0.0,57.36
4046,CA-2015-136378,CS-11845,OFF-BI-10003707,33,789,Standard Class,9.16,3,0.8,-13.73
4047,CA-2017-100356,SP-20920,OFF-AP-10002191,156,209,Standard Class,23.99,2,0.8,-62.38
4048,US-2015-166520,KE-16420,OFF-PA-10000501,46,748,First Class,80.88,3,0.0,39.63
4049,US-2015-166520,KE-16420,TEC-AC-10001990,46,748,First Class,599.9,10,0.0,191.97
4050,CA-2017-136350,GA-14515,FUR-FU-10003601,165,93,Second Class,276.69,3,0.0,49.8
4051,CA-2017-136350,GA-14515,FUR-CH-10001891,165,93,Second Class,172.76,2,0.1,32.63
4052,CA-2014-122931,SM-20950,OFF-AR-10003469,64,412,Standard Class,4.22,3,0.2,1.48
4053,CA-2014-122931,SM-20950,FUR-TA-10004175,64,412,Standard Class,409.27,2,0.4,-81.85
4054,CA-2014-122931,SM-20950,OFF-LA-10002945,64,412,Standard Class,55.44,11,0.2,18.02
4055,CA-2014-122931,SM-20950,OFF-PA-10000533,64,412,Standard Class,20.93,4,0.2,6.8
4056,CA-2014-122931,SM-20950,OFF-ST-10004459,64,412,Standard Class,1801.63,6,0.2,-337.81
4057,CA-2014-122931,SM-20950,FUR-TA-10004147,64,412,Standard Class,67.18,1,0.4,-20.15
4058,CA-2014-163034,DK-12985,OFF-ST-10000046,27,157,Standard Class,646.2,5,0.2,-8.08
4059,CA-2015-124058,LC-16885,TEC-PH-10004774,233,313,Standard Class,72.74,7,0.2,-15.46
4060,CA-2015-124058,LC-16885,FUR-CH-10000595,233,313,Standard Class,572.16,3,0.2,35.76
4061,CA-2016-129196,XP-21865,TEC-AC-10002473,27,475,Standard Class,68.11,3,0.2,17.88
4062,US-2015-138716,CS-11845,OFF-BI-10001628,60,15,First Class,25.03,3,0.2,7.82
4063,US-2016-122182,BD-11770,TEC-AC-10002800,106,613,Standard Class,39.99,1,0.2,7.5
4064,US-2014-130358,DL-13330,OFF-AR-10002766,5,671,First Class,20.02,9,0.2,1.75
4065,US-2014-130358,DL-13330,OFF-SU-10002522,5,671,First Class,3.1,1,0.2,0.35
4066,CA-2014-102673,KH-16630,OFF-FA-10003021,44,302,Standard Class,7.52,5,0.2,1.41
4067,CA-2014-102673,KH-16630,OFF-AR-10000634,44,302,Standard Class,10.27,3,0.2,0.9
4068,CA-2014-102673,KH-16630,OFF-LA-10001771,44,302,Standard Class,47.81,12,0.2,15.54
4069,CA-2014-102673,KH-16630,TEC-PH-10004434,44,302,Standard Class,978.84,9,0.2,110.12
4070,CA-2016-145303,TP-21415,OFF-BI-10000050,177,771,First Class,13.14,9,0.8,-21.68
4071,CA-2016-145303,TP-21415,OFF-BI-10002414,177,771,First Class,10.02,4,0.8,-16.54
4072,CA-2016-145303,TP-21415,FUR-BO-10003159,177,771,First Class,156.37,2,0.32,-52.89
4073,CA-2015-156104,NP-18685,TEC-CO-10002095,305,402,Second Class,999.98,2,0.0,449.99
4074,US-2015-164308,SC-20680,TEC-PH-10004120,474,497,First Class,821.94,6,0.0,213.7
4075,CA-2017-108112,DK-12895,FUR-FU-10003553,475,941,Standard Class,220.06,4,0.2,55.02
4076,CA-2017-108112,DK-12895,FUR-FU-10001488,475,941,Standard Class,339.14,4,0.2,0.0
4077,CA-2015-100685,SM-20950,OFF-BI-10003094,199,547,Second Class,7.04,2,0.0,3.31
4078,CA-2015-100685,SM-20950,OFF-FA-10003472,199,547,Second Class,5.04,4,0.0,0.2
4079,CA-2015-100685,SM-20950,OFF-PA-10001289,199,547,Second Class,116.28,3,0.0,56.98
4080,CA-2015-165414,LS-17245,TEC-PH-10002293,223,380,First Class,47.98,3,0.2,4.8
4081,CA-2016-140417,KE-16420,OFF-PA-10000380,301,478,Standard Class,60.05,9,0.2,22.52
4082,CA-2016-140417,KE-16420,OFF-BI-10004828,301,478,Standard Class,5.02,1,0.7,-3.52
4083,US-2017-151316,MC-17635,OFF-BI-10004632,68,93,Standard Class,182.99,3,0.8,-320.24
4084,US-2017-151316,MC-17635,OFF-PA-10000327,68,93,Standard Class,10.27,3,0.2,3.21
4085,CA-2017-163692,Dp-13240,OFF-BI-10003291,52,211,First Class,7.86,3,0.7,-6.02
4086,CA-2016-111913,LC-16930,TEC-PH-10002275,380,579,Second Class,302.38,2,0.2,30.24
4087,CA-2016-111913,LC-16930,OFF-BI-10003291,380,579,Second Class,20.95,3,0.2,7.07
4088,CA-2016-111913,LC-16930,OFF-BI-10000343,380,579,Second Class,11.78,3,0.2,3.98
4089,US-2014-156559,LH-16900,FUR-BO-10000711,238,711,Standard Class,638.82,9,0.0,172.48
4090,CA-2016-161473,TB-21175,OFF-LA-10001297,46,179,Standard Class,20.7,2,0.0,9.94
4091,CA-2016-161473,TB-21175,OFF-SU-10001574,46,179,Standard Class,10.95,3,0.0,3.28
4092,CA-2016-161473,TB-21175,OFF-BI-10003305,46,179,Standard Class,14.35,3,0.2,4.66
4093,CA-2017-166576,JM-15865,OFF-ST-10002574,76,942,First Class,221.02,2,0.2,-55.26
4094,CA-2015-102491,KW-16435,TEC-MA-10000864,203,253,Standard Class,3080.0,7,0.0,1416.8
4095,CA-2015-102491,KW-16435,TEC-AC-10003289,203,253,Standard Class,79.96,4,0.0,18.39
4096,CA-2015-102491,KW-16435,TEC-PH-10001619,203,253,Standard Class,587.97,3,0.0,170.51
4097,CA-2014-116904,SC-20095,OFF-PA-10004888,40,866,Standard Class,32.4,5,0.0,15.55
4098,CA-2014-116904,SC-20095,OFF-ST-10000736,40,866,Standard Class,404.9,5,0.0,16.2
4099,CA-2014-116904,SC-20095,OFF-BI-10001120,40,866,Standard Class,9449.95,5,0.0,4630.48
4100,CA-2014-116904,SC-20095,OFF-BI-10000301,40,866,Standard Class,12.94,2,0.0,6.47
4101,US-2017-102288,ZC-21910,OFF-AP-10004655,15,250,Standard Class,2.26,1,0.8,-5.21
4102,US-2017-102288,ZC-21910,OFF-AP-10002906,15,250,Standard Class,0.44,1,0.8,-1.11
4103,US-2017-102288,ZC-21910,OFF-PA-10000740,15,250,Standard Class,146.18,8,0.2,47.51
4104,CA-2017-137456,RB-19465,FUR-FU-10001940,11,203,Same Day,15.92,2,0.0,7.0
4105,US-2017-155999,JK-15370,TEC-PH-10000439,189,784,Standard Class,159.96,5,0.2,18.0
4106,US-2017-155999,JK-15370,OFF-BI-10000404,189,784,Standard Class,13.76,2,0.2,4.64
4107,US-2016-148334,DD-13570,OFF-BI-10003676,17,251,Standard Class,4.31,2,0.8,-6.9
4108,CA-2015-105599,MC-17275,OFF-ST-10002486,165,68,Same Day,13.96,2,0.0,0.28
4109,CA-2015-105599,MC-17275,FUR-TA-10003837,165,68,Same Day,27.41,3,0.4,-14.16
4110,CA-2015-153717,DL-13495,TEC-PH-10002923,84,708,Standard Class,73.98,2,0.0,19.97
4111,CA-2015-153717,DL-13495,FUR-BO-10004360,84,708,Standard Class,160.98,1,0.0,20.93
4112,CA-2015-153717,DL-13495,OFF-PA-10002160,84,708,Standard Class,17.34,3,0.0,8.5
4113,CA-2015-153717,DL-13495,OFF-AR-10002375,84,708,Standard Class,3.28,1,0.0,0.95
4114,CA-2015-116687,NC-18625,OFF-LA-10000443,15,943,Standard Class,8.86,3,0.2,2.99
4115,CA-2015-116687,NC-18625,TEC-PH-10001750,15,943,Standard Class,158.38,3,0.2,13.86
4116,CA-2016-163573,AC-10450,OFF-BI-10004632,60,391,First Class,1219.96,5,0.2,381.24
4117,CA-2015-153416,TS-21340,OFF-BI-10002813,2,28,Standard Class,3.17,2,0.2,0.99
4118,CA-2015-153416,TS-21340,OFF-PA-10002005,2,28,Standard Class,19.44,3,0.0,9.33
4119,CA-2015-153416,TS-21340,OFF-ST-10000060,2,28,Standard Class,454.86,7,0.0,54.58
4120,CA-2015-153416,TS-21340,OFF-BI-10002706,2,28,Standard Class,91.39,8,0.2,29.7
4121,CA-2017-117394,MM-17920,TEC-AC-10000199,75,508,Standard Class,19.04,4,0.2,-1.43
4122,CA-2017-133823,LP-17080,OFF-PA-10002870,6,944,Same Day,37.44,6,0.0,16.85
4123,CA-2017-133823,LP-17080,OFF-LA-10004545,6,944,Same Day,37.59,3,0.0,17.67
4124,CA-2017-133823,LP-17080,OFF-BI-10000962,6,944,Same Day,26.03,2,0.2,9.44
4125,CA-2014-127523,BG-11695,OFF-AP-10004249,291,219,Standard Class,35.91,3,0.0,9.7
4126,CA-2017-123239,MG-18145,FUR-FU-10001602,134,945,Second Class,91.03,3,0.2,-2.28
4127,CA-2017-156769,GZ-14470,OFF-AR-10003179,102,637,First Class,54.66,6,0.0,18.04
4128,CA-2014-127299,JL-15835,OFF-ST-10003722,44,112,Standard Class,67.34,6,0.2,7.58
4129,CA-2014-127299,JL-15835,TEC-MA-10001127,44,112,Standard Class,2624.98,3,0.5,-944.99
4130,CA-2015-121272,DO-13435,OFF-AP-10001947,6,369,Standard Class,73.28,4,0.0,21.25
4131,CA-2014-115336,AB-10600,OFF-BI-10001107,37,729,Standard Class,14.48,5,0.8,-23.89
4132,CA-2015-111703,KB-16315,OFF-PA-10000349,476,741,Standard Class,11.95,3,0.2,4.03
4133,CA-2015-111703,KB-16315,OFF-PA-10003349,476,741,Standard Class,15.55,3,0.2,5.64
4134,CA-2014-128839,TT-21070,OFF-FA-10002280,338,79,Standard Class,45.0,9,0.0,21.6
4135,CA-2014-128839,TT-21070,TEC-MA-10000029,338,79,Standard Class,209.97,3,0.0,90.29
4136,CA-2017-105914,PV-18985,OFF-BI-10002854,2,281,Standard Class,112.12,5,0.2,42.04
4137,CA-2017-105914,PV-18985,OFF-ST-10003716,2,281,Standard Class,1575.14,7,0.0,204.77
4138,CA-2017-110926,DD-13570,OFF-FA-10000624,213,124,Standard Class,25.06,7,0.0,12.53
4139,CA-2016-117226,KD-16495,OFF-BI-10004654,477,946,First Class,6.92,6,0.8,-10.39
4140,CA-2017-127313,RA-19285,OFF-ST-10001228,75,97,First Class,37.39,3,0.2,2.34
4141,CA-2017-127313,RA-19285,FUR-FU-10003798,75,97,First Class,79.12,5,0.2,13.85
4142,CA-2016-136287,SS-20590,OFF-LA-10003148,478,901,Standard Class,18.9,3,0.0,8.69
4143,US-2014-107699,JH-15820,OFF-BI-10001249,375,947,Standard Class,57.42,9,0.0,26.41
4144,CA-2017-112725,EH-14125,OFF-AR-10003759,95,290,Standard Class,12.74,7,0.0,5.73
4145,CA-2017-112725,EH-14125,OFF-AR-10001227,95,290,Standard Class,8.82,3,0.0,2.38
4146,CA-2017-112725,EH-14125,FUR-CH-10000863,95,290,Standard Class,120.78,1,0.2,-13.59
4147,CA-2015-136196,TP-21415,FUR-FU-10004017,266,110,Standard Class,322.59,3,0.0,64.52
4148,CA-2017-106068,RB-19330,OFF-BI-10000962,111,437,Standard Class,9.76,3,0.8,-15.13
4149,CA-2017-106068,RB-19330,OFF-ST-10004507,111,437,Standard Class,13.72,1,0.2,1.2
4150,CA-2017-106068,RB-19330,TEC-AC-10002942,111,437,Standard Class,55.2,1,0.2,-2.07
4151,CA-2017-106068,RB-19330,OFF-ST-10002344,111,437,Standard Class,259.14,4,0.2,-58.31
4152,CA-2017-100160,CB-12025,OFF-LA-10002475,64,211,Standard Class,29.24,5,0.2,9.87
4153,CA-2017-100160,CB-12025,OFF-PA-10003072,64,211,Standard Class,15.55,3,0.2,5.44
4154,CA-2017-100160,CB-12025,OFF-EN-10001509,64,211,Standard Class,4.9,3,0.2,1.65
4155,CA-2016-139689,MP-17965,OFF-BI-10004781,49,724,Standard Class,38.09,4,0.7,-27.93
4156,CA-2016-139689,MP-17965,OFF-BI-10000145,49,724,Standard Class,2.81,3,0.7,-1.97
4157,CA-2015-101091,SW-20245,TEC-AC-10003280,12,902,Second Class,47.98,2,0.2,0.6
4158,CA-2015-101091,SW-20245,OFF-BI-10001107,12,902,Second Class,26.06,6,0.7,-19.98
4159,CA-2014-126907,SM-20950,OFF-PA-10000533,27,302,Standard Class,15.7,3,0.2,5.1
4160,US-2016-164588,AP-10915,OFF-AR-10003056,113,948,Standard Class,12.84,3,0.0,3.72
4161,CA-2017-115546,AH-10465,TEC-PH-10002834,46,305,Standard Class,539.97,3,0.0,134.99
4162,CA-2017-115546,AH-10465,OFF-ST-10002214,46,305,Standard Class,22.58,2,0.0,5.87
4163,CA-2015-163587,EP-13915,OFF-LA-10004484,356,949,Standard Class,16.52,4,0.0,7.6
4164,CA-2015-163587,EP-13915,OFF-BI-10003091,356,949,Standard Class,671.94,3,0.0,315.81
4165,US-2017-106131,TP-21565,TEC-AC-10003027,43,425,First Class,169.06,7,0.2,-14.79
4166,US-2017-106131,TP-21565,OFF-ST-10003638,43,425,First Class,168.62,9,0.2,14.75
4167,CA-2015-160213,AR-10825,OFF-PA-10003848,256,937,Standard Class,19.44,3,0.0,9.33
4168,CA-2014-157924,HA-14920,OFF-ST-10002352,55,857,First Class,31.92,4,0.0,8.3
4169,CA-2014-157924,HA-14920,FUR-CH-10000229,55,857,First Class,433.57,2,0.2,-65.04
4170,CA-2015-100216,HJ-14875,OFF-PA-10000788,155,658,First Class,31.1,6,0.2,10.89
4171,CA-2015-100216,HJ-14875,OFF-PA-10002968,155,658,First Class,54.82,3,0.2,17.82
4172,CA-2017-100601,JK-15370,OFF-ST-10002486,254,674,Standard Class,48.86,7,0.0,0.98
4173,CA-2016-152163,JF-15355,OFF-BI-10002215,38,950,Same Day,14.2,2,0.0,6.53
4174,CA-2016-152163,JF-15355,OFF-PA-10000788,38,950,Same Day,12.96,2,0.0,6.22
4175,CA-2016-152163,JF-15355,OFF-BI-10003364,38,950,Same Day,58.34,2,0.0,28.0
4176,CA-2015-154340,EK-13795,OFF-AR-10003582,201,240,First Class,56.3,2,0.0,15.76
4177,CA-2014-128846,RS-19765,TEC-PH-10003273,38,885,Standard Class,629.95,5,0.0,163.79
4178,CA-2014-128846,RS-19765,OFF-PA-10000100,38,885,Standard Class,122.97,3,0.0,60.26
4179,CA-2016-148593,BD-11320,OFF-PA-10001776,63,951,Second Class,46.35,5,0.0,21.78
4180,US-2017-119039,BF-11170,OFF-BI-10004182,10,905,Standard Class,14.98,9,0.2,5.43
4181,CA-2017-128426,JK-15730,OFF-BI-10000756,67,567,Standard Class,4.24,5,0.8,-6.36
4182,US-2017-136868,CR-12820,TEC-AC-10001539,46,834,Standard Class,319.96,4,0.0,115.19
4183,US-2017-136868,CR-12820,OFF-PA-10002377,46,834,Standard Class,17.04,3,0.0,7.67
4184,US-2017-136868,CR-12820,OFF-ST-10000991,46,834,Standard Class,344.91,3,0.0,10.35
4185,CA-2016-143749,AG-10300,FUR-BO-10002853,118,6,First Class,81.94,1,0.0,20.48
4186,CA-2016-111493,CM-12160,TEC-AC-10004510,309,148,First Class,98.16,6,0.0,9.82
4187,CA-2017-112536,SG-20890,OFF-BI-10003712,479,797,Standard Class,6.87,7,0.8,-10.65
4188,CA-2017-112536,SG-20890,OFF-BI-10002571,479,797,Standard Class,2.0,1,0.8,-3.29
4189,CA-2017-112536,SG-20890,OFF-ST-10004835,479,797,Standard Class,8.93,2,0.2,0.67
4190,CA-2016-157714,CS-12175,OFF-PA-10004022,480,183,Second Class,9.99,1,0.0,4.5
4191,CA-2017-166709,HL-15040,TEC-CO-10004722,286,702,Standard Class,10499.97,3,0.0,5039.99
4192,CA-2015-129392,DM-13015,OFF-PA-10004248,33,952,Same Day,21.12,5,0.2,6.6
4193,CA-2015-150875,HK-14890,FUR-TA-10000577,481,548,Standard Class,696.42,2,0.0,160.18
4194,CA-2015-150875,HK-14890,TEC-PH-10001254,481,548,Standard Class,304.78,3,0.2,22.86
4195,CA-2015-154200,BG-11740,OFF-AR-10001044,189,653,Standard Class,51.98,2,0.0,15.07
4196,CA-2016-124233,CK-12595,FUR-FU-10002597,4,144,Standard Class,24.7,5,0.0,10.37
4197,US-2015-134271,RF-19735,OFF-LA-10004093,24,25,Second Class,21.93,3,0.0,10.31
4198,US-2016-161683,CJ-12010,OFF-AP-10000179,64,276,Standard Class,394.82,4,0.2,93.77
4199,US-2016-161683,CJ-12010,OFF-BI-10001072,64,276,Standard Class,18.19,4,0.7,-14.55
4200,CA-2015-143105,MA-17560,OFF-LA-10004093,24,896,Same Day,7.31,1,0.0,3.44
4201,CA-2015-143105,MA-17560,TEC-CO-10002095,24,896,Same Day,799.98,2,0.2,250.0
4202,CA-2015-143105,MA-17560,OFF-PA-10002713,24,896,Same Day,41.28,6,0.0,18.99
4203,CA-2015-143105,MA-17560,OFF-PA-10002254,24,896,Same Day,184.66,7,0.0,84.94
4204,CA-2014-145387,AM-10705,OFF-AR-10001683,482,657,Second Class,49.25,5,0.0,18.72
4205,CA-2014-145387,AM-10705,OFF-PA-10002195,482,657,Second Class,10.16,2,0.0,4.78
4206,CA-2014-145387,AM-10705,FUR-FU-10002364,482,657,Second Class,14.76,2,0.0,4.28
4207,CA-2014-145387,AM-10705,OFF-BI-10004001,482,657,Second Class,34.08,2,0.0,15.68
4208,CA-2014-145387,AM-10705,FUR-FU-10000023,482,657,Second Class,17.67,3,0.0,7.77
4209,CA-2014-145387,AM-10705,FUR-CH-10002320,482,657,Second Class,1604.9,5,0.0,481.47
4210,CA-2014-145387,AM-10705,FUR-TA-10003238,482,657,Second Class,385.69,1,0.3,-60.61
4211,CA-2017-109715,AH-10585,OFF-PA-10004965,37,35,Standard Class,15.98,2,0.2,5.0
4212,CA-2014-166457,PF-19120,OFF-PA-10003016,127,953,Second Class,9.42,3,0.0,4.24
4213,CA-2014-166457,PF-19120,OFF-AR-10003651,127,953,Second Class,6.56,2,0.0,1.9
4214,CA-2014-166457,PF-19120,OFF-PA-10001363,127,953,Second Class,24.56,2,0.0,11.54
4215,CA-2016-164637,RD-19480,OFF-BI-10003876,392,759,Standard Class,128.4,3,0.0,64.2
4216,CA-2014-103590,JL-15505,OFF-EN-10004007,185,954,Standard Class,62.28,4,0.0,29.27
4217,CA-2015-111234,AB-10600,OFF-LA-10002271,26,955,Standard Class,9.24,3,0.0,4.44
4218,CA-2017-149881,NC-18535,FUR-BO-10003894,95,720,First Class,482.66,8,0.15,85.18
4219,CA-2017-149881,NC-18535,TEC-MA-10000418,95,720,First Class,4799.98,2,0.2,360.0
4220,CA-2017-134565,TB-21400,OFF-PA-10004243,6,533,Second Class,37.94,2,0.0,18.21
4221,CA-2017-134565,TB-21400,OFF-BI-10001759,6,533,Second Class,18.29,6,0.2,6.63
4222,CA-2017-134565,TB-21400,TEC-MA-10001570,6,533,Second Class,385.8,5,0.2,130.21
4223,CA-2017-134565,TB-21400,OFF-ST-10004804,6,533,Second Class,102.96,2,0.0,1.03
4224,CA-2017-134565,TB-21400,FUR-BO-10001519,6,533,Second Class,174.42,3,0.0,41.86
4225,CA-2016-108644,SJ-20215,OFF-BI-10000343,117,956,First Class,1.96,2,0.8,-3.24
4226,US-2014-102631,EB-13840,FUR-FU-10003930,37,737,Standard Class,94.43,3,0.6,-42.49
4227,CA-2017-120327,WB-21850,OFF-FA-10004854,47,344,Standard Class,45.92,4,0.0,21.58
4228,CA-2015-154970,SR-20740,FUR-CH-10003396,6,957,Standard Class,61.58,1,0.2,-6.93
4229,CA-2016-113803,VG-21805,OFF-PA-10001994,239,831,First Class,22.48,1,0.0,10.34
4230,CA-2017-100223,LS-16945,FUR-FU-10003601,78,958,Standard Class,332.03,9,0.6,-348.63
4231,CA-2017-100223,LS-16945,OFF-BI-10003429,78,958,Standard Class,11.39,9,0.8,-17.66
4232,CA-2017-100223,LS-16945,OFF-PA-10000232,78,958,Standard Class,15.55,3,0.2,5.64
4233,CA-2017-100223,LS-16945,OFF-PA-10002195,78,958,Standard Class,31.1,6,0.2,11.28
4234,CA-2017-100223,LS-16945,OFF-BI-10004492,78,958,Standard Class,6.32,1,0.8,-10.42
4235,CA-2014-168823,MA-17560,OFF-PA-10004000,106,159,First Class,11.35,3,0.2,4.12
4236,CA-2014-168823,MA-17560,OFF-LA-10004425,106,159,First Class,20.81,9,0.2,7.02
4237,CA-2016-162404,NF-18475,OFF-BI-10000948,229,311,Standard Class,11.42,4,0.8,-18.84
4238,CA-2017-104024,MD-17860,OFF-AR-10001972,64,636,Second Class,9.41,7,0.2,0.71
4239,CA-2017-147144,MZ-17335,OFF-AR-10004587,60,607,First Class,19.83,1,0.0,5.95
4240,CA-2017-158673,KB-16600,OFF-PA-10000994,438,615,Standard Class,209.7,2,0.0,100.66
4241,CA-2014-133704,MA-17995,OFF-AP-10001366,26,60,Standard Class,43.92,4,0.0,11.86
4242,CA-2014-133704,MA-17995,OFF-BI-10001636,26,60,Standard Class,20.23,3,0.2,6.58
4243,CA-2016-159142,ME-17320,TEC-PH-10001448,29,959,First Class,149.97,3,0.0,6.0
4244,CA-2016-159142,ME-17320,OFF-PA-10001776,29,959,First Class,27.81,3,0.0,13.07
4245,CA-2014-138436,JD-15895,TEC-AC-10002323,2,960,Standard Class,66.3,3,0.0,8.62
4246,CA-2017-117702,LS-16975,OFF-AR-10004582,309,355,Standard Class,1.64,1,0.0,0.74
4247,CA-2017-117702,LS-16975,FUR-FU-10000576,309,355,Standard Class,1049.2,5,0.0,272.79
4248,CA-2017-117702,LS-16975,FUR-FU-10004270,309,355,Standard Class,20.9,5,0.0,7.52
4249,CA-2016-157336,SJ-20500,OFF-BI-10004236,70,50,Second Class,88.08,6,0.0,40.52
4250,CA-2016-157336,SJ-20500,FUR-CH-10004997,70,50,Second Class,751.92,4,0.0,150.38
4251,CA-2014-168130,BS-11365,FUR-CH-10000988,165,112,Same Day,887.1,7,0.1,177.42
4252,CA-2015-155068,RA-19285,TEC-PH-10004897,153,925,Same Day,55.94,7,0.2,-13.29
4253,CA-2015-155068,RA-19285,OFF-AR-10002656,153,925,Same Day,10.69,2,0.2,2.27
4254,CA-2015-155068,RA-19285,TEC-PH-10004924,153,925,Same Day,11.82,2,0.2,1.03
4255,CA-2017-163160,TS-21610,OFF-PA-10003127,483,120,First Class,63.31,3,0.2,20.58
4256,CA-2017-163160,TS-21610,OFF-BI-10000778,483,120,First Class,96.78,4,0.8,-145.18
4257,CA-2017-163160,TS-21610,FUR-FU-10001424,483,120,First Class,10.48,3,0.6,-6.81
4258,CA-2015-101924,KB-16585,OFF-BI-10000962,326,407,Standard Class,9.76,2,0.7,-6.83
4259,CA-2016-124793,MM-18280,FUR-CH-10002880,6,561,First Class,196.78,2,0.2,-22.14
4260,CA-2017-118367,LO-17170,OFF-EN-10004386,46,961,Second Class,47.98,2,0.0,23.99
4261,CA-2017-164819,RS-19420,OFF-LA-10001045,70,454,Second Class,13.05,5,0.0,6.0
4262,CA-2017-158344,CC-12475,TEC-AC-10002006,351,784,Standard Class,63.96,4,0.0,19.83
4263,CA-2017-123351,KT-16480,OFF-AP-10001242,113,297,Standard Class,80.48,1,0.0,24.14
4264,CA-2017-110429,DM-13015,OFF-BI-10000216,106,133,Standard Class,11.67,3,0.7,-7.78
4265,US-2016-131611,EP-13915,FUR-TA-10002774,67,733,Standard Class,863.13,8,0.3,-160.3
4266,US-2016-131611,EP-13915,OFF-BI-10004364,67,733,Standard Class,3.56,3,0.8,-6.24
4267,US-2016-131611,EP-13915,FUR-BO-10000780,67,733,Standard Class,956.66,7,0.32,-225.1
4268,US-2016-131611,EP-13915,OFF-BI-10001989,67,733,Standard Class,12.59,3,0.8,-20.14
4269,US-2016-131611,EP-13915,TEC-AC-10004001,67,733,Standard Class,171.96,5,0.2,45.14
4270,US-2017-124821,AM-10705,FUR-TA-10000688,61,644,Second Class,871.4,4,0.0,148.14
4271,CA-2015-166975,SH-20635,FUR-FU-10003930,281,651,Standard Class,692.47,11,0.2,190.43
4272,CA-2016-123806,LA-16780,FUR-FU-10000965,309,391,Second Class,207.76,4,0.0,85.18
4273,US-2017-158505,SF-20200,TEC-PH-10004071,409,247,Same Day,71.93,9,0.2,6.29
4274,US-2017-158505,SF-20200,OFF-AR-10001044,409,247,Same Day,25.99,1,0.0,7.54
4275,CA-2015-142692,AG-10495,OFF-BI-10004140,60,925,Standard Class,3.59,1,0.2,1.12
4276,CA-2015-123456,KN-16450,OFF-AP-10002684,78,585,Standard Class,48.63,2,0.8,-121.58
4277,CA-2017-151358,NF-18595,OFF-ST-10000046,60,239,Standard Class,323.1,2,0.0,61.39
4278,US-2016-107440,BS-11365,TEC-MA-10001047,101,948,Standard Class,9099.93,7,0.0,2365.98
4279,US-2016-107440,BS-11365,FUR-FU-10000550,101,948,Standard Class,9.96,2,0.0,3.29
4280,US-2016-107440,BS-11365,OFF-BI-10002432,101,948,Standard Class,25.3,5,0.0,11.89
4281,CA-2014-166989,RM-19675,OFF-PA-10004470,165,688,Standard Class,11.36,2,0.0,5.23
4282,CA-2014-166989,RM-19675,FUR-CH-10001797,165,688,Standard Class,69.26,2,0.1,14.62
4283,CA-2014-103100,AB-10105,OFF-LA-10003720,305,415,First Class,3.69,1,0.0,1.73
4284,CA-2014-103100,AB-10105,OFF-BI-10004600,305,415,First Class,1103.97,3,0.0,496.79
4285,CA-2015-105690,CA-11965,FUR-BO-10003965,484,83,Second Class,246.13,2,0.32,-76.01
4286,CA-2015-105690,CA-11965,OFF-LA-10000240,484,83,Second Class,11.7,2,0.2,3.95
4287,CA-2015-105690,CA-11965,TEC-CO-10001571,484,83,Second Class,439.99,1,0.2,165.0
4288,CA-2017-127516,EH-14005,OFF-ST-10000736,396,117,Standard Class,64.78,1,0.2,-12.96
4289,US-2015-117184,ON-18715,OFF-BI-10002082,15,962,Standard Class,33.28,5,0.8,-49.92
4290,US-2015-117184,ON-18715,OFF-PA-10002250,15,962,Standard Class,14.09,3,0.2,4.93
4291,CA-2017-102407,AT-10435,OFF-AR-10000122,26,35,Second Class,11.16,2,0.0,2.79
4292,CA-2017-102407,AT-10435,FUR-TA-10003748,26,35,Second Class,896.33,9,0.2,22.41
4293,CA-2017-102407,AT-10435,OFF-AP-10001394,26,35,Second Class,189.0,1,0.0,68.04
4294,CA-2017-130967,EB-13870,TEC-PH-10004896,12,435,Standard Class,53.98,3,0.4,-10.8
4295,CA-2017-101581,DW-13195,FUR-TA-10002607,314,761,Standard Class,177.22,5,0.5,-120.51
4296,CA-2017-169124,MB-17305,FUR-FU-10001215,485,446,Standard Class,129.39,3,0.0,54.34
4297,CA-2017-117261,TH-21235,OFF-ST-10000419,4,508,Standard Class,54.32,4,0.0,0.54
4298,CA-2017-129021,PO-18850,TEC-PH-10001459,395,963,Second Class,4367.9,13,0.2,327.59
4299,CA-2017-129021,PO-18850,OFF-PA-10000241,395,963,Second Class,49.57,2,0.2,15.49
4300,CA-2017-129021,PO-18850,OFF-AP-10003040,395,963,Second Class,161.38,6,0.2,12.1
4301,CA-2017-129021,PO-18850,FUR-FU-10001852,395,963,Second Class,2.78,2,0.2,0.42
4302,CA-2017-129021,PO-18850,OFF-PA-10000141,395,963,Second Class,8.72,5,0.2,2.94
4303,CA-2014-123253,DE-13255,OFF-AR-10002804,347,964,Second Class,3.91,1,0.2,1.03
4304,CA-2016-121601,MO-17500,OFF-EN-10003862,486,965,Same Day,59.75,7,0.2,19.42
4305,CA-2014-162278,AH-10585,FUR-FU-10000448,60,966,Second Class,63.92,4,0.0,3.2
4306,CA-2014-162278,AH-10585,TEC-PH-10000526,60,966,Second Class,383.96,5,0.2,38.4
4307,CA-2016-161095,CS-12250,OFF-BI-10002764,4,932,Same Day,7.75,3,0.2,2.81
4308,CA-2016-161095,CS-12250,OFF-BI-10001524,4,932,Same Day,33.57,2,0.2,11.75
4309,CA-2014-125829,WB-21850,TEC-PH-10001079,63,131,Standard Class,666.34,7,0.2,66.63
4310,CA-2014-125829,WB-21850,FUR-TA-10002041,63,131,Standard Class,573.73,4,0.2,-64.54
4311,CA-2014-125829,WB-21850,OFF-BI-10001036,63,131,Standard Class,21.94,3,0.2,8.23
4312,CA-2014-125829,WB-21850,OFF-PA-10000223,63,131,Standard Class,19.44,3,0.0,9.33
4313,CA-2014-125829,WB-21850,TEC-MA-10003246,63,131,Standard Class,447.97,4,0.2,139.99
4314,CA-2014-123127,SP-20620,OFF-AP-10001962,256,79,Standard Class,16.78,2,0.0,4.2
4315,CA-2015-115945,AB-10165,OFF-AR-10004062,63,609,Standard Class,20.96,2,0.0,5.24
4316,CA-2015-115945,AB-10165,OFF-BI-10004330,63,609,Standard Class,88.75,3,0.2,27.74
4317,CA-2015-115945,AB-10165,OFF-ST-10001963,63,609,Standard Class,304.23,3,0.0,9.13
4318,CA-2015-136735,HA-14920,OFF-EN-10002230,95,354,Standard Class,167.86,2,0.0,78.89
4319,US-2017-136189,DC-13285,FUR-FU-10000175,196,227,Standard Class,82.38,6,0.0,25.54
4320,CA-2014-152345,ST-20530,TEC-PH-10004897,384,283,Second Class,23.98,3,0.2,-5.69
4321,CA-2014-152345,ST-20530,OFF-ST-10003123,384,283,Second Class,33.29,1,0.0,7.99
4322,US-2015-147662,KB-16315,OFF-BI-10001658,76,967,Standard Class,14.95,2,0.7,-11.96
4323,US-2015-147662,KB-16315,TEC-PH-10002834,76,967,Standard Class,323.98,3,0.4,-81.0
4324,US-2015-147662,KB-16315,OFF-BI-10002160,76,967,Standard Class,2.29,2,0.7,-1.68
4325,US-2015-147662,KB-16315,OFF-AR-10004999,76,967,Standard Class,14.35,3,0.2,0.9
4326,US-2015-147662,KB-16315,TEC-AC-10003280,76,967,Standard Class,71.98,3,0.2,0.9
4327,CA-2016-153346,TB-21355,OFF-AR-10000315,171,968,First Class,9.21,3,0.0,2.3
4328,CA-2016-153346,TB-21355,OFF-PA-10000007,171,968,First Class,18.0,5,0.0,8.28
4329,CA-2017-118360,JC-15775,OFF-PA-10000791,165,720,Standard Class,42.93,9,0.0,19.32
4330,CA-2017-149853,PO-18850,OFF-PA-10000556,187,622,Standard Class,15.55,3,0.2,5.44
4331,CA-2017-149853,PO-18850,OFF-AP-10000804,187,622,Standard Class,17.92,5,0.2,1.12
4332,CA-2017-107909,SS-20875,TEC-AC-10001998,487,854,Standard Class,19.99,1,0.0,6.8
4333,CA-2017-107909,SS-20875,OFF-BI-10003476,487,854,Standard Class,22.92,5,0.2,8.02
4334,CA-2015-112375,RD-19720,TEC-AC-10003237,488,380,Standard Class,50.88,6,0.2,14.63
4335,CA-2015-112375,RD-19720,OFF-EN-10003798,488,380,Standard Class,27.31,2,0.2,9.22
4336,CA-2015-154795,GZ-14470,OFF-EN-10003068,489,140,Standard Class,7.92,1,0.2,2.77
4337,CA-2015-154795,GZ-14470,FUR-FU-10002088,489,140,Standard Class,14.37,2,0.2,3.95
4338,CA-2015-125234,SN-20710,TEC-AC-10000158,14,155,Standard Class,107.97,3,0.0,22.67
4339,CA-2015-125234,SN-20710,OFF-PA-10000482,14,155,Standard Class,113.82,3,0.0,53.5
4340,CA-2017-133501,DK-12895,OFF-PA-10004888,79,152,Standard Class,5.18,1,0.2,1.81
4341,US-2014-129609,VM-21835,OFF-AR-10003478,490,580,Same Day,16.28,2,0.0,6.51
4342,CA-2017-130309,GB-14575,OFF-ST-10003208,102,95,Standard Class,544.38,3,0.0,157.87
4343,CA-2017-105410,ND-18370,OFF-BI-10004970,95,499,First Class,19.82,6,0.2,6.69
4344,CA-2017-105410,ND-18370,TEC-PH-10000038,95,499,First Class,657.5,6,0.2,-131.5
4345,CA-2017-105410,ND-18370,TEC-AC-10001552,95,499,First Class,99.54,2,0.0,10.95
4346,CA-2017-105410,ND-18370,TEC-AC-10002926,95,499,First Class,199.96,4,0.0,85.98
4347,CA-2016-120355,MM-17260,FUR-CH-10001394,132,32,Standard Class,631.78,2,0.1,140.4
4348,CA-2016-120355,MM-17260,FUR-FU-10004053,132,32,Standard Class,60.72,3,0.0,26.11
4349,CA-2017-169894,MV-17485,OFF-BI-10004230,155,222,Second Class,20.72,2,0.7,-15.2
4350,CA-2017-169894,MV-17485,OFF-ST-10000060,155,222,Second Class,415.87,8,0.2,-41.59
4351,US-2017-100482,JL-15130,OFF-ST-10001325,404,646,Standard Class,16.77,2,0.2,1.47
4352,US-2017-100482,JL-15130,TEC-AC-10003441,404,646,Standard Class,27.12,2,0.2,-4.75
4353,CA-2017-107748,AG-10330,TEC-PH-10003215,353,390,Second Class,95.84,4,0.2,34.74
4354,CA-2017-107748,AG-10330,OFF-PA-10002005,353,390,Second Class,12.96,2,0.0,6.22
4355,CA-2017-153654,MD-17860,OFF-BI-10004465,197,222,Second Class,19.01,8,0.7,-12.67
4356,CA-2015-155600,RO-19780,OFF-BI-10000545,379,785,Second Class,1598.06,7,0.7,-1065.37
4357,CA-2015-155600,RO-19780,OFF-AR-10003752,379,785,Second Class,36.96,4,0.2,12.01
4358,CA-2017-162565,RR-19315,OFF-PA-10001937,174,158,Same Day,10.37,2,0.2,3.63
4359,CA-2017-162565,RR-19315,FUR-FU-10004306,174,158,Same Day,77.72,1,0.6,-66.06
4360,CA-2017-162565,RR-19315,FUR-CH-10003973,174,158,Same Day,520.46,2,0.3,-14.87
4361,CA-2016-127642,CP-12340,OFF-PA-10000565,123,207,First Class,111.96,2,0.0,54.86
4362,US-2017-163195,LL-16840,TEC-PH-10003875,300,923,Second Class,29.16,3,0.0,8.46
4363,CA-2017-111332,NC-18340,OFF-AR-10001953,491,969,Second Class,131.94,3,0.0,35.62
4364,CA-2017-111332,NC-18340,OFF-AR-10001374,491,969,Second Class,25.92,4,0.0,8.29
4365,CA-2017-111332,NC-18340,OFF-ST-10003816,491,969,Second Class,704.76,4,0.0,162.09
4366,CA-2017-111332,NC-18340,OFF-FA-10001843,491,969,Second Class,7.41,3,0.0,3.48
4367,CA-2017-111332,NC-18340,OFF-AR-10000657,491,969,Second Class,21.5,10,0.0,7.1
4368,CA-2017-117044,HA-14920,OFF-FA-10000936,37,221,Second Class,10.53,4,0.2,3.29
4369,CA-2017-117044,HA-14920,OFF-PA-10003657,37,221,Second Class,20.54,6,0.2,6.42
4370,US-2016-165078,MA-17995,OFF-BI-10001989,453,733,Standard Class,104.9,5,0.0,50.35
4371,US-2016-165078,MA-17995,OFF-AR-10002987,453,733,Standard Class,39.68,2,0.0,16.27
4372,US-2016-165078,MA-17995,OFF-LA-10000414,453,733,Standard Class,51.75,5,0.0,24.84
4373,US-2017-169320,LH-16900,OFF-AR-10003602,492,284,Second Class,11.68,2,0.0,5.49
4374,US-2017-169320,LH-16900,TEC-AC-10002550,492,284,Second Class,159.75,5,0.0,11.18
4375,CA-2016-158575,SB-20290,OFF-AP-10002998,362,742,Standard Class,103.97,6,0.2,16.89
4376,CA-2014-166954,BT-11305,FUR-FU-10003708,493,574,Standard Class,303.25,5,0.0,63.68
4377,CA-2014-166954,BT-11305,OFF-AP-10001391,493,574,Standard Class,270.72,3,0.0,78.51
4378,CA-2014-166954,BT-11305,FUR-CH-10003973,493,574,Standard Class,1487.04,5,0.2,148.7
4379,CA-2015-140830,PS-18970,OFF-EN-10000461,1,673,Second Class,17.48,2,0.0,8.22
4380,CA-2015-140830,PS-18970,OFF-EN-10002831,1,673,Second Class,71.88,2,0.0,32.35
4381,CA-2015-152891,TB-21625,OFF-AR-10004648,95,970,Standard Class,60.45,3,0.0,16.32
4382,CA-2015-152891,TB-21625,FUR-TA-10001857,95,970,Standard Class,253.18,3,0.2,-31.65
4383,US-2015-122784,RA-19915,OFF-BI-10000546,419,604,Standard Class,2.88,5,0.8,-4.46
4384,US-2015-122784,RA-19915,FUR-BO-10004690,419,604,Standard Class,384.94,4,0.3,-126.48
4385,US-2015-122784,RA-19915,TEC-PH-10001557,419,604,Standard Class,153.58,2,0.2,13.44
4386,US-2015-122784,RA-19915,FUR-BO-10002545,419,604,Standard Class,913.43,5,0.3,-52.2
4387,CA-2016-156811,BP-11095,OFF-AP-10001366,35,190,Standard Class,43.92,4,0.0,11.86
4388,CA-2016-156811,BP-11095,OFF-BI-10001628,35,190,Standard Class,25.03,3,0.2,7.82
4389,CA-2017-111556,CD-11920,OFF-PA-10003651,46,226,First Class,46.76,7,0.0,22.44
4390,CA-2017-111556,CD-11920,FUR-BO-10003159,46,226,First Class,183.97,2,0.2,-25.3
4391,CA-2017-111556,CD-11920,TEC-PH-10001459,46,226,First Class,1259.97,3,0.0,327.59
4392,CA-2017-111556,CD-11920,OFF-AR-10004602,46,226,First Class,68.97,3,0.0,19.31
4393,CA-2016-108868,KB-16585,OFF-AR-10001953,177,163,Standard Class,70.37,2,0.2,6.16
4394,CA-2016-108868,KB-16585,TEC-PH-10000923,177,163,Standard Class,59.96,5,0.2,21.74
4395,CA-2014-142965,SW-20245,OFF-ST-10002583,158,837,Same Day,25.98,1,0.2,-5.2
4396,CA-2014-142965,SW-20245,OFF-BI-10000977,158,837,Same Day,27.36,3,0.7,-21.89
4397,CA-2016-148740,AH-10690,TEC-PH-10002549,143,626,Standard Class,361.38,2,0.2,27.1
4398,US-2014-138758,JL-15835,FUR-CH-10002880,75,971,Standard Class,172.19,2,0.3,-46.74
4399,US-2014-138758,JL-15835,FUR-FU-10003039,75,971,Standard Class,69.01,2,0.2,12.08
4400,CA-2016-131737,GZ-14470,OFF-EN-10003055,210,717,Same Day,199.9,5,0.0,89.96
4401,CA-2016-131737,GZ-14470,OFF-AP-10002945,210,717,Same Day,901.95,3,0.0,297.64
4402,CA-2016-131737,GZ-14470,FUR-FU-10004306,210,717,Same Day,971.5,5,0.0,252.59
4403,CA-2016-114538,RC-19825,OFF-AR-10002445,98,483,First Class,11.33,2,0.2,2.55
4404,CA-2014-127936,CL-12565,OFF-AR-10002445,30,815,First Class,21.24,3,0.0,8.07
4405,CA-2015-164336,MW-18220,TEC-AC-10002345,12,762,Standard Class,34.8,3,0.2,2.17
4406,CA-2015-164336,MW-18220,OFF-ST-10001558,12,762,Standard Class,38.98,3,0.2,-2.44
4407,CA-2016-100041,BF-10975,OFF-PA-10001622,135,74,Standard Class,9.08,2,0.0,4.09
4408,CA-2016-100041,BF-10975,OFF-PA-10000418,135,74,Standard Class,314.55,3,0.0,150.98
4409,CA-2016-100041,BF-10975,OFF-BI-10000343,135,74,Standard Class,4.91,1,0.0,2.31
4410,US-2014-154879,SN-20710,OFF-LA-10004425,26,458,Standard Class,5.78,2,0.0,2.72
4411,US-2014-154879,SN-20710,OFF-AR-10001897,26,458,Standard Class,107.94,6,0.0,30.22
4412,CA-2014-130624,TB-21280,OFF-PA-10003883,24,262,First Class,19.65,3,0.0,9.04
4413,CA-2014-130624,TB-21280,TEC-PH-10003963,24,262,First Class,617.97,3,0.0,160.67
4414,CA-2014-130624,TB-21280,OFF-AP-10001303,24,262,First Class,59.7,3,0.0,26.86
4415,CA-2017-132339,JB-15400,OFF-BI-10003925,129,972,Standard Class,387.99,1,0.0,182.36
4416,CA-2014-153983,AH-10210,TEC-PH-10004586,35,504,Standard Class,575.92,2,0.2,71.99
4417,CA-2014-153983,AH-10210,OFF-FA-10003495,35,504,Standard Class,30.4,5,0.0,15.2
4418,CA-2017-112900,KL-16645,OFF-BI-10002867,186,360,Second Class,478.24,8,0.0,219.99
4419,CA-2014-160157,MH-17455,FUR-FU-10003773,73,415,Standard Class,190.85,3,0.2,-21.47
4420,CA-2014-139633,EC-14050,OFF-BI-10002954,48,507,Standard Class,5.48,4,0.7,-4.02
4421,CA-2015-163090,GH-14665,OFF-SU-10002537,27,973,Second Class,40.92,5,0.2,3.07
4422,CA-2014-117016,SC-20095,OFF-AR-10001374,494,531,Standard Class,15.55,3,0.2,2.33
4423,CA-2017-159464,TB-21355,OFF-AP-10001492,495,797,First Class,17.24,2,0.0,4.48
4424,CA-2017-159464,TB-21355,FUR-BO-10003546,495,797,First Class,302.94,3,0.0,75.74
4425,CA-2017-159464,TB-21355,TEC-PH-10002185,495,797,First Class,34.75,5,0.0,15.64
4426,CA-2017-159464,TB-21355,OFF-BI-10000315,495,797,First Class,113.94,6,0.0,54.69
4427,CA-2017-159464,TB-21355,TEC-PH-10002350,495,797,First Class,55.98,2,0.0,15.67
4428,US-2017-103226,DW-13195,OFF-PA-10002666,384,586,Standard Class,27.18,3,0.0,12.23
4429,CA-2017-119452,CL-12565,FUR-CH-10004495,313,709,Standard Class,1805.88,6,0.0,523.71
4430,CA-2017-147725,LT-17110,OFF-AR-10001725,417,33,Same Day,70.95,3,0.0,18.45
4431,CA-2016-168893,AP-10915,OFF-FA-10002280,1,55,Second Class,20.0,4,0.0,9.6
4432,CA-2016-168893,AP-10915,OFF-AR-10001770,1,55,Second Class,7.98,3,0.0,2.07
4433,CA-2016-168893,AP-10915,FUR-FU-10002885,1,55,Second Class,24.1,5,0.0,9.16
4434,CA-2016-168893,AP-10915,OFF-AR-10003772,1,55,Second Class,8.75,1,0.0,2.62
4435,CA-2016-168893,AP-10915,FUR-TA-10003392,1,55,Second Class,842.94,3,0.0,160.16
4436,CA-2016-163398,CB-12415,OFF-BI-10000014,156,974,Standard Class,2.18,1,0.8,-3.6
4437,CA-2016-163398,CB-12415,OFF-AR-10003217,156,974,Standard Class,27.38,7,0.2,2.74
4438,CA-2016-163398,CB-12415,OFF-AP-10002403,156,974,Standard Class,26.41,3,0.8,-71.3
4439,CA-2016-162726,MT-17815,OFF-PA-10001972,484,798,Standard Class,10.37,2,0.2,3.63
4440,CA-2016-162726,MT-17815,OFF-PA-10004041,484,798,Standard Class,23.68,4,0.2,7.4
4441,US-2016-111290,DK-13375,TEC-AC-10004975,21,406,Standard Class,109.95,1,0.0,36.28
4442,US-2016-111290,DK-13375,OFF-ST-10001932,21,406,Standard Class,965.85,5,0.0,135.22
4443,US-2016-111290,DK-13375,OFF-AR-10001761,21,406,Standard Class,29.2,5,0.0,10.51
4444,US-2016-111290,DK-13375,OFF-PA-10002262,21,406,Standard Class,32.4,5,0.0,15.55
4445,US-2014-147704,SR-20740,OFF-EN-10004483,464,913,Standard Class,78.35,5,0.0,36.82
4446,US-2014-147704,SR-20740,OFF-PA-10003270,464,913,Standard Class,31.68,6,0.0,14.26
4447,US-2014-147704,SR-20740,OFF-BI-10001634,464,913,Standard Class,29.12,4,0.0,14.27
4448,US-2014-147704,SR-20740,OFF-ST-10000675,464,913,Standard Class,169.45,5,0.0,42.36
4449,CA-2015-121965,LH-17155,FUR-FU-10000732,4,975,Standard Class,12.56,2,0.0,4.02
4450,CA-2015-121965,LH-17155,OFF-PA-10004355,4,975,Standard Class,6.48,1,0.0,3.11
4451,CA-2015-121965,LH-17155,OFF-EN-10000056,4,975,Standard Class,186.69,3,0.0,87.74
4452,CA-2016-147137,AA-10645,FUR-FU-10000221,10,976,First Class,25.4,5,0.0,8.64
4453,CA-2016-147137,AA-10645,OFF-EN-10003567,10,976,First Class,43.96,2,0.0,20.66
4454,CA-2016-147137,AA-10645,FUR-BO-10001811,10,976,First Class,1279.16,5,0.15,225.74
4455,CA-2016-147137,AA-10645,OFF-ST-10002486,10,976,First Class,27.92,4,0.0,0.56
4456,US-2015-146745,AS-10630,FUR-CH-10002372,95,38,Standard Class,129.57,2,0.2,-12.96
4457,US-2015-146745,AS-10630,OFF-BI-10003274,95,38,Standard Class,6.37,2,0.2,2.15
4458,CA-2017-115175,MC-17575,OFF-PA-10001878,59,784,Standard Class,244.55,5,0.0,114.94
4459,CA-2017-105851,SE-20110,OFF-SU-10002881,77,678,Standard Class,1332.5,2,0.2,-299.81
4460,US-2017-125717,DS-13030,FUR-FU-10001979,43,395,First Class,32.78,1,0.2,3.28
4461,US-2017-125717,DS-13030,OFF-ST-10001522,43,395,First Class,147.18,2,0.2,-29.44
4462,US-2017-125717,DS-13030,TEC-AC-10003657,43,395,First Class,54.38,2,0.2,1.36
4463,US-2017-125717,DS-13030,OFF-BI-10001718,43,395,First Class,76.78,4,0.7,-58.86
4464,US-2017-125717,DS-13030,OFF-PA-10003022,43,395,First Class,14.35,3,0.2,5.2
4465,US-2017-125717,DS-13030,OFF-AP-10000891,43,395,First Class,209.79,2,0.2,26.22
4466,CA-2015-163895,NS-18640,OFF-BI-10004970,481,977,Standard Class,3.3,1,0.2,1.12
4467,CA-2017-168641,KA-16525,OFF-AR-10003759,46,222,Standard Class,16.38,9,0.0,7.37
4468,CA-2017-168641,KA-16525,OFF-EN-10003001,46,222,Standard Class,167.96,2,0.0,78.94
4469,CA-2017-168641,KA-16525,FUR-BO-10000780,46,222,Standard Class,321.57,2,0.2,-16.08
4470,CA-2017-168641,KA-16525,OFF-PA-10001972,46,222,Standard Class,12.96,2,0.0,6.22
4471,CA-2017-156895,DJ-13510,FUR-CH-10003535,12,541,Standard Class,128.06,3,0.3,-23.78
4472,CA-2017-121300,MG-17680,FUR-CH-10003774,496,366,Same Day,63.69,1,0.3,-15.47
4473,CA-2017-121300,MG-17680,TEC-AC-10004571,496,366,Same Day,239.98,3,0.2,65.99
4474,CA-2017-121300,MG-17680,FUR-TA-10004442,496,366,Same Day,344.22,2,0.4,-189.32
4475,CA-2017-121300,MG-17680,OFF-PA-10002787,496,366,Same Day,15.55,3,0.2,5.44
4476,CA-2017-121300,MG-17680,FUR-FU-10004586,496,366,Same Day,21.25,4,0.2,7.44
4477,CA-2017-121300,MG-17680,OFF-PA-10002606,496,366,Same Day,8.45,2,0.2,2.64
4478,CA-2017-130211,BD-11620,OFF-ST-10000129,497,761,Same Day,333.09,3,0.0,23.32
4479,CA-2017-130211,BD-11620,FUR-TA-10003748,497,761,Same Day,248.98,2,0.0,54.78
4480,CA-2014-147235,CD-11920,OFF-PA-10004948,24,978,Standard Class,24.9,5,0.0,11.7
4481,CA-2016-109365,XP-21865,OFF-FA-10001561,14,55,Standard Class,15.26,7,0.0,5.04
4482,CA-2016-109365,XP-21865,OFF-AP-10002998,14,55,Standard Class,43.32,2,0.0,14.3
4483,CA-2016-109365,XP-21865,OFF-BI-10003981,14,55,Standard Class,43.58,12,0.2,15.8
4484,CA-2016-109365,XP-21865,OFF-PA-10001725,14,55,Standard Class,116.28,3,0.0,56.98
4485,CA-2016-109365,XP-21865,OFF-BI-10002071,14,55,Standard Class,9.3,2,0.2,3.02
4486,CA-2016-109365,XP-21865,OFF-PA-10000477,14,55,Standard Class,19.44,3,0.0,9.33
4487,CA-2016-109365,XP-21865,OFF-PA-10004359,14,55,Standard Class,314.55,3,0.0,150.98
4488,CA-2015-162621,CA-12055,OFF-BI-10000962,67,578,Standard Class,16.27,5,0.8,-25.22
4489,CA-2015-162621,CA-12055,OFF-SU-10003567,67,578,Standard Class,69.12,9,0.2,-14.69
4490,CA-2015-162621,CA-12055,OFF-BI-10003708,67,578,Standard Class,4.47,3,0.8,-7.82
4491,CA-2017-105921,JM-15250,FUR-TA-10001095,4,719,Standard Class,418.3,3,0.2,5.23
4492,CA-2014-150798,JK-15730,TEC-CO-10001571,48,589,Second Class,659.99,2,0.4,110.0
4493,CA-2014-150798,JK-15730,FUR-FU-10000221,48,589,Second Class,8.13,2,0.2,1.42
4494,CA-2014-150798,JK-15730,OFF-PA-10001972,48,589,Second Class,36.29,7,0.2,12.7
4495,CA-2014-150798,JK-15730,FUR-CH-10000015,48,589,Second Class,909.72,6,0.3,-51.98
4496,CA-2017-112753,CC-12670,FUR-BO-10004015,4,979,Standard Class,917.92,9,0.15,75.59
4497,CA-2017-112753,CC-12670,OFF-PA-10002036,4,979,Standard Class,38.88,6,0.0,19.05
4498,CA-2017-155075,GW-14605,OFF-BI-10003650,12,575,Standard Class,631.18,4,0.7,-462.86
4499,CA-2014-103401,GR-14560,OFF-PA-10003309,95,872,Standard Class,12.96,2,0.0,6.22
4500,CA-2016-124814,FM-14215,OFF-PA-10002787,411,343,Standard Class,12.96,2,0.0,6.22
4501,CA-2016-124814,FM-14215,OFF-BI-10000174,411,343,Standard Class,23.2,5,0.2,8.12
4502,CA-2014-116757,MS-17980,OFF-PA-10002005,15,480,Standard Class,25.92,5,0.2,9.07
4503,CA-2014-116757,MS-17980,OFF-FA-10002815,15,480,Standard Class,21.31,6,0.2,7.19
4504,US-2014-138247,BF-11170,TEC-PH-10000213,63,164,Standard Class,173.66,7,0.2,17.37
4505,US-2014-138247,BF-11170,OFF-AP-10000828,63,164,Standard Class,361.96,2,0.0,101.35
4506,US-2014-138247,BF-11170,TEC-AC-10004708,63,164,Standard Class,62.85,3,0.0,13.2
4507,US-2014-138247,BF-11170,TEC-PH-10001530,63,164,Standard Class,818.38,3,0.2,51.15
4508,US-2014-138247,BF-11170,OFF-ST-10002301,63,164,Standard Class,20.34,1,0.0,0.2
4509,US-2014-138247,BF-11170,FUR-FU-10002554,63,164,Standard Class,23.99,1,0.0,5.52
4510,CA-2017-167003,VS-21820,FUR-TA-10001520,2,980,Standard Class,171.29,3,0.2,-6.42
4511,CA-2016-119935,KM-16225,FUR-FU-10001085,335,339,Standard Class,37.3,2,0.0,17.16
4512,CA-2016-119935,KM-16225,OFF-BI-10001597,335,339,Standard Class,81.96,2,0.0,39.34
4513,CA-2016-118969,LP-17095,OFF-BI-10002429,52,825,First Class,54.79,6,0.7,-40.18
4514,CA-2016-145240,BG-11740,OFF-ST-10001590,33,48,First Class,10.78,1,0.2,0.81
4515,CA-2016-120873,BW-11200,FUR-CH-10000847,498,190,Second Class,290.98,1,0.0,75.65
4516,US-2017-111920,PS-18970,OFF-AR-10003179,313,761,Standard Class,36.44,4,0.0,12.03
4517,US-2016-128678,RB-19570,OFF-PA-10000807,60,307,Standard Class,21.4,5,0.0,10.06
4518,US-2016-128678,RB-19570,OFF-BI-10002103,60,307,Standard Class,48.66,7,0.2,15.82
4519,CA-2016-101385,JW-16075,OFF-AR-10004441,10,478,Standard Class,16.56,4,0.0,6.96
4520,CA-2017-107167,ND-18460,OFF-ST-10003805,134,194,Standard Class,1347.52,8,0.2,84.22
4521,CA-2014-109491,LC-16930,TEC-AC-10001284,239,981,Standard Class,62.31,3,0.0,22.43
4522,CA-2014-109491,LC-16930,FUR-FU-10000221,239,981,Standard Class,20.32,4,0.0,6.91
4523,CA-2017-105445,BP-11095,OFF-FA-10001229,128,298,Second Class,9.43,3,0.2,3.07
4524,CA-2014-107454,RD-19720,OFF-LA-10001569,24,982,Standard Class,34.86,7,0.0,16.04
4525,CA-2014-107454,RD-19720,FUR-FU-10004018,24,982,Standard Class,89.34,6,0.0,24.12
4526,US-2017-105046,BE-11335,TEC-PH-10004536,499,730,Standard Class,269.98,2,0.0,67.5
4527,US-2017-105046,BE-11335,OFF-PA-10004353,499,730,Standard Class,99.9,5,0.0,47.95
4528,US-2017-105046,BE-11335,FUR-FU-10004848,499,730,Standard Class,39.08,4,0.0,14.46
4529,CA-2017-152856,RS-19765,TEC-AC-10004864,369,566,Second Class,116.83,4,0.2,33.59
4530,CA-2016-134691,KC-16540,OFF-BI-10002393,17,697,Standard Class,2.3,2,0.8,-3.9
4531,CA-2016-118759,MB-17305,FUR-CH-10002335,30,697,First Class,408.01,2,0.1,72.53
4532,CA-2016-118759,MB-17305,OFF-ST-10001590,30,697,First Class,40.44,3,0.0,10.51
4533,CA-2014-140403,TN-21040,FUR-CH-10002774,361,983,Same Day,122.35,3,0.2,13.76
4534,CA-2014-140403,TN-21040,OFF-EN-10001219,361,983,Same Day,15.28,2,0.0,7.49
4535,CA-2015-163104,MC-18130,OFF-PA-10001947,26,532,Standard Class,11.96,2,0.0,5.86
4536,CA-2017-138464,VF-21715,FUR-FU-10003142,61,142,Standard Class,15.84,3,0.0,4.91
4537,CA-2017-138464,VF-21715,OFF-BI-10001543,61,142,Standard Class,86.38,3,0.2,30.23
4538,CA-2017-138464,VF-21715,OFF-AR-10003560,61,142,Standard Class,18.24,3,0.0,6.2
4539,CA-2017-138464,VF-21715,OFF-AR-10004757,61,142,Standard Class,13.12,4,0.0,4.33
4540,CA-2015-104129,ES-14080,TEC-PH-10003800,260,915,Standard Class,105.98,2,0.0,1.06
4541,CA-2015-104129,ES-14080,FUR-TA-10004152,260,915,Standard Class,493.92,7,0.3,-28.22
4542,US-2017-132206,MK-17905,OFF-BI-10000756,156,115,Standard Class,5.94,7,0.8,-8.9
4543,CA-2017-113474,TM-21490,OFF-EN-10004206,337,984,First Class,325.86,2,0.0,149.9
4544,CA-2015-126557,RL-19615,FUR-CH-10004477,27,985,Second Class,383.61,9,0.3,-5.48
4545,CA-2015-126557,RL-19615,TEC-PH-10003505,27,985,Second Class,148.48,2,0.2,16.7
4546,CA-2015-126557,RL-19615,TEC-PH-10000526,27,985,Second Class,537.54,7,0.2,53.75
4547,CA-2015-126557,RL-19615,OFF-BI-10003314,27,985,Second Class,1.93,2,0.8,-2.99
4548,CA-2015-126557,RL-19615,OFF-AR-10003190,27,985,Second Class,6.91,3,0.2,0.69
4549,CA-2015-126557,RL-19615,FUR-FU-10001861,27,985,Second Class,7.76,1,0.6,-2.13
4550,CA-2015-126557,RL-19615,TEC-PH-10003963,27,985,Second Class,659.17,4,0.2,49.44
4551,US-2017-107636,NM-18520,OFF-LA-10003388,114,505,First Class,5.76,2,0.0,2.82
4552,US-2014-165862,GK-14620,FUR-TA-10002855,14,986,Standard Class,351.22,3,0.2,4.39
4553,US-2014-106334,JF-15490,FUR-CH-10004886,35,423,Standard Class,230.28,3,0.2,23.03
4554,US-2014-106334,JF-15490,OFF-PA-10003657,35,423,Standard Class,12.84,3,0.0,5.78
4555,CA-2016-101448,EB-13930,OFF-BI-10004738,500,536,Second Class,56.82,3,0.0,28.41
4556,CA-2015-130218,SG-20470,OFF-FA-10003112,330,392,First Class,31.56,4,0.0,14.2
4557,CA-2015-130218,SG-20470,OFF-ST-10002486,330,392,First Class,27.92,4,0.0,0.56
4558,US-2017-117331,ND-18370,OFF-BI-10003984,277,209,Standard Class,8.56,1,0.7,-6.56
4559,CA-2014-127383,CM-11815,OFF-EN-10004773,295,521,Standard Class,49.57,2,0.2,17.97
4560,CA-2014-110219,EB-13870,FUR-CH-10001146,66,953,First Class,127.87,3,0.3,-9.13
4561,CA-2015-118871,HM-14860,OFF-EN-10003296,14,785,Second Class,271.44,3,0.0,122.15
4562,CA-2015-118871,HM-14860,TEC-PH-10000193,14,785,Second Class,110.35,3,0.2,8.28
4563,CA-2015-118871,HM-14860,FUR-FU-10002111,14,785,Second Class,36.4,5,0.0,13.83
4564,CA-2017-129490,SJ-20125,FUR-CH-10003298,475,987,Standard Class,419.14,4,0.2,-57.63
4565,CA-2014-101175,DM-12955,OFF-ST-10004950,155,338,Standard Class,100.7,6,0.2,-1.26
4566,US-2017-149510,MC-17575,OFF-AP-10002350,307,735,Standard Class,45.22,3,0.2,4.52
4567,US-2017-149510,MC-17575,OFF-BI-10004233,307,735,Standard Class,28.78,6,0.7,-21.11
4568,US-2017-149510,MC-17575,OFF-PA-10001892,307,735,Standard Class,24.45,4,0.2,8.86
4569,CA-2015-111990,DB-13660,OFF-BI-10003291,15,628,Standard Class,10.48,6,0.8,-17.29
4570,CA-2014-169460,NF-18595,FUR-FU-10004017,59,988,Second Class,76.14,3,0.0,26.65
4571,US-2015-152128,NM-18445,OFF-AR-10002445,478,443,Second Class,21.24,3,0.0,8.07
4572,US-2015-152128,NM-18445,OFF-BI-10001718,478,443,Second Class,127.96,2,0.0,60.14
4573,CA-2017-126662,AB-10255,TEC-CO-10004202,2,730,Standard Class,479.98,2,0.2,90.0
4574,CA-2016-139395,MG-17650,TEC-PH-10002103,31,940,Standard Class,657.93,7,0.0,184.22
4575,CA-2016-139395,MG-17650,FUR-FU-10003724,31,940,Standard Class,33.48,4,0.0,8.7
4576,CA-2016-139395,MG-17650,OFF-AR-10003732,31,940,Standard Class,13.9,5,0.0,3.61
4577,CA-2016-139395,MG-17650,OFF-ST-10000885,31,940,Standard Class,26.86,2,0.0,6.72
4578,US-2014-121734,SE-20110,OFF-BI-10004817,501,910,Standard Class,9.58,1,0.2,3.35
4579,CA-2015-110947,AG-10765,OFF-BI-10001670,498,989,Standard Class,113.1,3,0.0,56.55
4580,US-2014-150126,AS-10045,OFF-PA-10002709,46,924,Standard Class,65.78,11,0.0,32.23
4581,CA-2015-164427,AR-10405,TEC-AC-10004469,502,375,Standard Class,239.7,6,0.0,105.47
4582,CA-2016-120250,AP-10720,FUR-FU-10003424,12,252,First Class,25.63,3,0.2,3.84
4583,CA-2016-121993,JB-16000,OFF-LA-10003720,12,225,First Class,23.62,8,0.2,7.97
4584,US-2016-100405,TS-21430,OFF-AR-10000390,63,371,Second Class,8.26,2,0.0,3.8
4585,US-2017-163790,NL-18310,OFF-EN-10001335,503,809,Second Class,76.58,7,0.0,38.29
4586,US-2017-163790,NL-18310,OFF-AR-10003469,503,809,Second Class,8.8,5,0.0,4.22
4587,US-2017-163790,NL-18310,OFF-BI-10003718,503,809,Second Class,590.35,6,0.2,206.62
4588,US-2017-163790,NL-18310,OFF-FA-10004838,503,809,Second Class,5.58,3,0.0,0.17
4589,US-2017-163790,NL-18310,FUR-FU-10002508,503,809,Second Class,25.02,3,0.0,10.51
4590,US-2017-163790,NL-18310,OFF-ST-10001511,503,809,Second Class,452.55,7,0.0,22.63
4591,CA-2016-129868,MC-18130,OFF-SU-10000952,26,483,Standard Class,17.76,2,0.0,4.97
4592,CA-2016-129868,MC-18130,TEC-PH-10002275,26,483,Standard Class,302.38,2,0.2,30.24
4593,CA-2016-129868,MC-18130,FUR-CH-10003535,26,483,Standard Class,146.35,3,0.2,-5.49
4594,CA-2016-129868,MC-18130,OFF-AP-10004052,26,483,Standard Class,7.9,2,0.0,2.05
4595,CA-2016-129868,MC-18130,FUR-TA-10003473,26,483,Standard Class,902.71,3,0.2,33.85
4596,CA-2016-129868,MC-18130,OFF-AR-10001897,26,483,Standard Class,53.97,3,0.0,15.11
4597,CA-2016-140564,TC-21475,OFF-AR-10000034,226,6,Second Class,33.92,8,0.0,13.23
4598,US-2017-169502,MG-17650,OFF-SU-10004115,202,736,Standard Class,21.81,3,0.0,5.89
4599,US-2017-169502,MG-17650,OFF-AP-10001947,202,736,Standard Class,91.6,5,0.0,26.56
4600,CA-2015-146948,MG-17890,FUR-CH-10004853,309,748,Standard Class,150.98,1,0.0,43.78
4601,CA-2015-146948,MG-17890,OFF-EN-10000483,309,748,Standard Class,137.25,9,0.0,63.14
4602,CA-2015-146948,MG-17890,OFF-FA-10001332,309,748,Standard Class,11.52,4,0.0,5.41
4603,US-2015-113327,BF-11170,OFF-PA-10003790,223,990,Second Class,18.27,1,0.2,5.94
4604,US-2015-113327,BF-11170,OFF-PA-10003134,223,990,Second Class,153.73,4,0.2,53.8
4605,US-2015-113327,BF-11170,OFF-EN-10004459,223,990,Second Class,12.22,2,0.2,4.43
4606,US-2015-113327,BF-11170,TEC-AC-10003628,223,990,Second Class,167.94,7,0.2,50.38
4607,CA-2015-135020,MS-17770,TEC-PH-10004093,145,72,Standard Class,45.99,1,0.0,13.34
4608,CA-2015-135020,MS-17770,OFF-ST-10001490,145,72,Standard Class,535.41,3,0.0,160.62
4609,CA-2015-135020,MS-17770,OFF-BI-10000605,145,72,Standard Class,6.1,2,0.2,2.06
4610,CA-2015-135020,MS-17770,OFF-PA-10004255,145,72,Standard Class,45.36,7,0.0,21.77
4611,US-2017-141852,JE-15745,FUR-FU-10000023,219,46,Standard Class,47.12,8,0.0,20.73
4612,CA-2016-109407,HG-14965,OFF-BI-10000285,253,991,Second Class,31.36,4,0.0,15.68
4613,US-2017-165953,EP-13915,OFF-AR-10000588,134,414,Standard Class,47.62,3,0.2,3.57
4614,US-2017-165953,EP-13915,OFF-PA-10002250,134,414,Standard Class,23.48,5,0.2,8.22
4615,CA-2016-144540,GH-14410,OFF-AP-10002457,33,65,Standard Class,62.79,3,0.8,-166.39
4616,CA-2016-144540,GH-14410,OFF-FA-10002763,33,65,Standard Class,28.44,9,0.2,4.27
4617,CA-2015-159863,DS-13180,TEC-AC-10000109,15,407,Second Class,134.38,3,0.2,6.72
4618,CA-2015-117800,TH-21550,TEC-PH-10002415,290,482,Standard Class,589.9,2,0.0,147.48
4619,CA-2015-117800,TH-21550,FUR-CH-10000785,290,482,Standard Class,542.94,3,0.0,141.16
4620,CA-2017-145219,RM-19675,TEC-CO-10001449,14,166,First Class,2879.95,6,0.2,1007.98
4621,CA-2017-145219,RM-19675,OFF-BI-10001670,14,166,First Class,90.48,3,0.2,33.93
4622,CA-2015-161214,SF-20965,OFF-ST-10001328,50,349,Second Class,77.55,5,0.0,21.71
4623,CA-2017-147228,SO-20335,OFF-SU-10001225,85,429,Standard Class,8.83,3,0.2,-1.99
4624,CA-2017-147228,SO-20335,OFF-PA-10000357,85,429,Standard Class,177.54,4,0.2,62.14
4625,CA-2017-147228,SO-20335,OFF-ST-10000046,85,429,Standard Class,258.48,2,0.2,-3.23
4626,CA-2017-147228,SO-20335,FUR-FU-10000023,85,429,Standard Class,14.14,3,0.2,4.24
4627,CA-2016-101336,CK-12760,OFF-ST-10003455,165,374,Standard Class,77.55,5,0.0,20.16
4628,CA-2016-101336,CK-12760,OFF-ST-10000876,165,374,Standard Class,24.88,2,0.0,6.97
4629,CA-2016-101336,CK-12760,OFF-AR-10003582,165,374,Standard Class,140.75,5,0.0,39.41
4630,CA-2016-101336,CK-12760,OFF-ST-10004258,165,374,Standard Class,36.63,3,0.0,9.89
4631,US-2015-126235,GA-14725,FUR-FU-10000719,504,53,Same Day,17.14,2,0.0,6.17
4632,CA-2017-168396,BD-11725,OFF-LA-10001297,35,647,Second Class,51.75,5,0.0,24.84
4633,CA-2017-168396,BD-11725,FUR-FU-10000723,35,647,Second Class,123.96,3,0.0,11.16
4634,CA-2015-130456,DS-13180,FUR-BO-10003893,35,292,Standard Class,586.4,6,0.15,34.49
4635,CA-2015-130456,DS-13180,OFF-ST-10000736,35,292,Standard Class,80.98,1,0.0,3.24
4636,CA-2017-116288,BS-11380,OFF-ST-10000736,35,847,Standard Class,242.94,3,0.0,9.72
4637,CA-2017-168228,AP-10915,OFF-AR-10003373,63,843,First Class,123.92,4,0.0,33.46
4638,CA-2017-168228,AP-10915,OFF-AR-10000390,63,843,First Class,12.39,3,0.0,5.7
4639,CA-2017-168228,AP-10915,OFF-AR-10001725,63,843,First Class,47.3,2,0.0,12.3
4640,CA-2016-102162,JF-15565,TEC-CO-10001943,390,109,Standard Class,1599.92,8,0.0,751.96
4641,CA-2016-102162,JF-15565,OFF-EN-10002312,390,109,Standard Class,11.09,1,0.0,5.43
4642,CA-2017-130141,HA-14905,OFF-BI-10000831,377,761,Second Class,3.17,4,0.7,-2.53
4643,CA-2017-130141,HA-14905,FUR-CH-10000749,377,761,Second Class,579.14,4,0.2,-28.96
4644,CA-2015-147501,Co-12640,OFF-BI-10002003,60,992,Standard Class,6.37,2,0.2,2.15
4645,CA-2015-147501,Co-12640,TEC-MA-10001972,60,992,Standard Class,558.4,2,0.2,41.88
4646,CA-2016-143910,BC-11125,FUR-CH-10000225,165,400,Standard Class,145.76,2,0.1,-8.1
4647,CA-2014-146885,EB-13840,OFF-PA-10001622,196,993,Standard Class,13.62,3,0.0,6.13
4648,CA-2016-139556,DB-13360,FUR-CH-10004983,30,994,Standard Class,434.65,3,0.1,62.78
4649,CA-2017-129357,KB-16585,OFF-PA-10003228,6,305,Standard Class,440.19,9,0.0,206.89
4650,CA-2017-129357,KB-16585,OFF-SU-10004498,6,305,Standard Class,64.4,5,0.0,1.93
4651,CA-2017-150987,AH-10120,OFF-PA-10001878,95,799,Standard Class,244.55,5,0.0,114.94
4652,CA-2017-150987,AH-10120,OFF-PA-10002923,95,799,Standard Class,195.76,4,0.0,97.88
4653,CA-2017-132647,GH-14410,OFF-PA-10001838,348,923,Standard Class,11.76,2,0.0,5.76
4654,CA-2017-132647,GH-14410,OFF-ST-10003123,348,923,Standard Class,166.45,5,0.0,39.95
4655,CA-2017-159107,KT-16480,OFF-FA-10001332,95,93,Second Class,2.88,1,0.0,1.35
4656,CA-2014-160738,KH-16330,OFF-ST-10003442,483,953,Standard Class,45.25,2,0.2,3.96
4657,CA-2015-112130,SV-20785,OFF-AR-10001468,12,911,Standard Class,59.9,2,0.2,14.23
4658,CA-2015-112130,SV-20785,OFF-AP-10003266,12,911,Standard Class,23.7,2,0.2,6.52
4659,CA-2015-112130,SV-20785,OFF-PA-10002230,12,911,Standard Class,7.97,2,0.2,2.89
4660,CA-2015-112130,SV-20785,OFF-AP-10003622,12,911,Standard Class,18.2,7,0.2,2.05
4661,CA-2015-112130,SV-20785,TEC-AC-10001542,12,911,Standard Class,27.55,3,0.2,-0.34
4662,CA-2015-112130,SV-20785,FUR-CH-10002965,12,911,Standard Class,844.12,6,0.3,-36.18
4663,CA-2015-112130,SV-20785,OFF-ST-10000563,12,911,Standard Class,76.75,3,0.2,-9.59
4664,CA-2016-111409,PO-18850,OFF-LA-10002787,134,32,Standard Class,3.0,1,0.2,1.05
4665,CA-2016-116232,AC-10450,OFF-BI-10004022,119,898,Standard Class,7.51,9,0.7,-6.0
4666,CA-2016-116232,AC-10450,OFF-LA-10001158,119,898,Standard Class,16.56,2,0.2,5.8
4667,CA-2016-116547,KB-16585,FUR-FU-10000076,61,995,Standard Class,79.92,4,0.0,34.37
4668,CA-2016-116547,KB-16585,TEC-AC-10002335,61,995,Standard Class,69.98,2,0.0,13.3
4669,US-2017-133200,DB-13555,OFF-BI-10002827,7,637,Standard Class,11.06,10,0.8,-18.8
4670,US-2017-133200,DB-13555,FUR-BO-10001601,7,637,Standard Class,623.46,7,0.32,-119.19
4671,US-2017-133200,DB-13555,OFF-ST-10001932,7,637,Standard Class,772.68,5,0.2,-57.95
4672,CA-2016-133550,KL-16645,OFF-AP-10001005,186,996,Standard Class,283.14,4,0.1,72.36
4673,CA-2016-133550,KL-16645,TEC-PH-10004042,186,996,Standard Class,635.96,4,0.0,165.35
4674,CA-2016-133550,KL-16645,TEC-PH-10001079,186,996,Standard Class,118.99,1,0.0,33.32
4675,CA-2016-133550,KL-16645,FUR-FU-10002918,186,996,Standard Class,272.94,3,0.0,30.02
4676,CA-2017-139416,AG-10270,FUR-FU-10003832,75,997,Second Class,15.01,2,0.2,1.5
4677,CA-2014-114510,JF-15295,OFF-BI-10001617,505,620,Standard Class,33.09,4,0.2,11.17
4678,CA-2014-114510,JF-15295,OFF-ST-10000736,505,620,Standard Class,80.98,1,0.0,3.24
4679,CA-2014-114510,JF-15295,TEC-AC-10004877,505,620,Standard Class,82.8,12,0.0,6.62
4680,CA-2014-114510,JF-15295,OFF-ST-10003221,505,620,Standard Class,21.36,2,0.0,5.77
4681,CA-2014-114510,JF-15295,OFF-BI-10003007,505,620,Standard Class,62.05,2,0.2,20.17
4682,CA-2016-169215,RE-19450,OFF-FA-10000936,136,217,Second Class,29.61,9,0.0,13.32
4683,CA-2016-127698,MV-18190,TEC-PH-10003811,315,50,Same Day,863.93,9,0.2,86.39
4684,CA-2016-159912,GB-14530,FUR-TA-10004152,75,49,Standard Class,241.92,4,0.4,-56.45
4685,CA-2016-159912,GB-14530,FUR-BO-10002853,75,49,Standard Class,163.88,4,0.5,-81.94
4686,CA-2016-159912,GB-14530,OFF-BI-10002071,75,49,Standard Class,3.49,2,0.7,-2.79
4687,CA-2016-159912,GB-14530,OFF-FA-10000053,75,49,Standard Class,10.58,7,0.2,-2.38
4688,CA-2016-101987,HL-15040,TEC-PH-10001305,239,891,Standard Class,440.91,9,0.0,123.45
4689,US-2017-154851,BP-11155,OFF-BI-10001525,208,984,Standard Class,5.72,5,0.7,-4.76
4690,CA-2014-138681,CT-11995,FUR-FU-10001876,116,415,First Class,51.97,2,0.2,10.39
4691,CA-2014-138681,CT-11995,TEC-AC-10003628,116,415,First Class,71.98,3,0.2,21.59
4692,CA-2014-138681,CT-11995,FUR-CH-10004860,116,415,First Class,242.35,3,0.2,-42.41
4693,CA-2014-138681,CT-11995,OFF-PA-10000357,116,415,First Class,221.92,5,0.2,77.67
4694,CA-2014-138681,CT-11995,OFF-PA-10003270,116,415,First Class,8.45,2,0.2,2.64
4695,US-2015-138121,JL-15835,OFF-BI-10000320,186,998,Same Day,29.52,4,0.0,14.46
4696,US-2015-138121,JL-15835,FUR-CH-10003846,186,998,Same Day,302.94,3,0.0,48.47
4697,US-2015-138121,JL-15835,FUR-CH-10004875,186,998,Same Day,142.36,2,0.0,38.44
4698,US-2015-138121,JL-15835,FUR-CH-10003817,186,998,Same Day,546.66,9,0.0,136.66
4699,US-2015-138121,JL-15835,FUR-FU-10002116,186,998,Same Day,212.13,3,0.0,14.85
4700,CA-2017-140298,JK-16120,OFF-AR-10003481,111,944,Standard Class,5.25,2,0.2,0.59
4701,CA-2017-140298,JK-16120,OFF-ST-10004180,111,944,Standard Class,74.42,2,0.2,-14.88
4702,CA-2017-140298,JK-16120,OFF-PA-10003657,111,944,Standard Class,6.85,2,0.2,2.14
4703,CA-2017-140298,JK-16120,FUR-FU-10001967,111,944,Standard Class,8.0,1,0.6,-7.0
4704,CA-2016-166240,DH-13075,OFF-AP-10002082,15,891,Standard Class,8.71,2,0.8,-19.6
4705,CA-2016-158435,AG-10900,OFF-SU-10000381,506,625,First Class,65.17,7,0.0,18.9
4706,CA-2016-158435,AG-10900,OFF-LA-10002475,506,625,First Class,14.62,2,0.0,6.87
4707,CA-2016-158435,AG-10900,FUR-FU-10003975,506,625,First Class,173.24,4,0.0,17.32
4708,CA-2017-138149,WB-21850,OFF-BI-10003091,14,223,First Class,895.92,5,0.2,302.37
4709,CA-2017-138149,WB-21850,OFF-ST-10002974,14,223,First Class,130.71,3,0.0,39.21
4710,CA-2017-138149,WB-21850,OFF-AR-10000255,14,223,First Class,11.68,2,0.0,3.04
4711,CA-2017-138149,WB-21850,TEC-AC-10001284,14,223,First Class,62.31,3,0.0,22.43
4712,CA-2014-112403,JO-15280,OFF-BI-10003529,75,692,Same Day,0.85,1,0.7,-0.6
4713,CA-2014-108273,EJ-13720,OFF-PA-10000029,144,758,Standard Class,36.29,7,0.2,12.7
4714,CA-2014-108273,EJ-13720,FUR-FU-10002116,144,758,Standard Class,56.57,2,0.6,-74.95
4715,CA-2017-121643,AB-10105,TEC-PH-10002200,41,797,First Class,344.7,2,0.2,38.78
4716,US-2015-122910,LT-16765,TEC-PH-10000441,128,794,Standard Class,201.58,2,0.2,20.16
4717,CA-2017-143126,CM-12655,FUR-TA-10002958,61,735,Second Class,521.96,2,0.0,88.73
4718,CA-2015-129042,EM-13960,OFF-AR-10001662,309,296,Standard Class,8.22,3,0.0,2.22
4719,CA-2015-109736,DJ-13420,OFF-PA-10004101,10,999,First Class,45.36,7,0.0,21.77
4720,CA-2015-142601,DE-13255,OFF-ST-10002756,26,25,Second Class,947.17,7,0.0,9.47
4721,CA-2015-142601,DE-13255,OFF-PA-10000483,26,25,Second Class,61.96,2,0.0,27.88
4722,CA-2014-106229,NR-18550,FUR-TA-10002041,174,160,Second Class,268.94,3,0.5,-209.77
4723,US-2017-135230,CK-12325,OFF-AR-10001166,6,854,Standard Class,7.58,1,0.0,2.96
4724,CA-2016-159653,JF-15490,OFF-LA-10004345,507,731,Same Day,14.73,3,0.0,7.22
4725,CA-2016-131968,LB-16795,OFF-BI-10002852,332,584,Standard Class,9.89,2,0.7,-6.92
4726,CA-2016-131968,LB-16795,OFF-AP-10001058,332,584,Standard Class,671.54,3,0.2,50.37
4727,CA-2014-119151,MP-18175,OFF-ST-10003470,30,642,Second Class,1117.92,4,0.0,55.9
4728,CA-2014-119151,MP-18175,FUR-BO-10003159,30,642,Second Class,275.95,3,0.2,-37.94
4729,CA-2014-123323,LH-16900,OFF-BI-10003684,95,846,Standard Class,123.14,7,0.2,46.18
4730,CA-2016-124681,SV-20935,TEC-AC-10000487,163,428,Second Class,15.58,3,0.2,3.31
4731,US-2015-103996,RB-19435,OFF-PA-10001736,189,369,Second Class,212.64,6,0.0,99.94
4732,US-2015-103996,RB-19435,OFF-PA-10001609,189,369,Second Class,9.87,3,0.0,4.54
4733,US-2015-103996,RB-19435,TEC-AC-10003116,189,369,Second Class,53.25,3,0.0,20.77
4734,US-2015-103996,RB-19435,FUR-FU-10004586,189,369,Second Class,19.92,3,0.0,9.56
4735,CA-2016-120530,Dl-13600,FUR-CH-10000454,46,282,Standard Class,658.75,3,0.1,146.39
4736,CA-2015-155054,PS-19045,OFF-BI-10004970,508,386,Standard Class,8.26,2,0.0,3.88
4737,CA-2015-155054,PS-19045,OFF-BI-10002824,508,386,Standard Class,29.84,2,0.0,13.43
4738,CA-2015-155054,PS-19045,TEC-AC-10003657,508,386,Standard Class,67.98,2,0.0,14.96
4739,CA-2015-105725,GT-14755,OFF-LA-10003510,107,955,Standard Class,61.06,2,0.0,28.09
4740,CA-2015-105725,GT-14755,FUR-TA-10001676,107,955,Standard Class,35.54,1,0.2,-0.89
4741,CA-2017-164364,CS-12355,OFF-LA-10004853,61,106,Standard Class,9.96,2,0.0,4.58
4742,CA-2017-164364,CS-12355,OFF-AR-10000315,61,106,Standard Class,9.21,3,0.0,2.3
4743,CA-2017-164364,CS-12355,OFF-SU-10000381,61,106,Standard Class,27.93,3,0.0,8.1
4744,CA-2017-168123,JD-16060,OFF-FA-10002763,39,917,Same Day,7.9,2,0.0,2.53
4745,CA-2017-168123,JD-16060,OFF-ST-10000877,39,917,Same Day,221.16,4,0.0,57.5
4746,CA-2017-168123,JD-16060,OFF-BI-10001071,39,917,Same Day,127.96,2,0.0,62.7
4747,CA-2017-168123,JD-16060,OFF-BI-10001097,39,917,Same Day,18.69,3,0.0,9.16
4748,CA-2016-120005,TS-21160,OFF-SU-10004782,95,841,Same Day,25.35,3,0.0,7.6
4749,CA-2016-120005,TS-21160,FUR-FU-10000672,95,841,Same Day,35.28,3,0.0,12.0
4750,CA-2016-123526,BV-11245,OFF-PA-10002986,6,436,First Class,33.4,5,0.0,16.03
4751,CA-2016-127649,DL-13495,TEC-MA-10001972,322,878,First Class,837.6,3,0.2,62.82
4752,CA-2016-159989,EB-13870,TEC-PH-10000169,79,11,Standard Class,40.68,3,0.2,-9.15
4753,CA-2017-103499,ES-14020,FUR-CH-10001482,281,226,Standard Class,209.57,2,0.2,-23.58
4754,US-2015-167220,JB-15925,TEC-AC-10002018,111,296,Standard Class,22.37,4,0.2,6.43
4755,CA-2017-126354,SC-20380,OFF-BI-10000301,119,448,Standard Class,3.88,2,0.7,-2.59
4756,CA-2017-126354,SC-20380,OFF-PA-10004381,119,448,Standard Class,115.3,3,0.2,40.35
4757,CA-2017-169817,EB-13870,OFF-BI-10004141,106,297,Standard Class,1.91,2,0.7,-1.53
4758,US-2017-144582,TC-21475,OFF-BI-10001575,509,505,Standard Class,43.37,7,0.8,-69.4
4759,CA-2014-121573,SG-20605,TEC-PH-10000984,30,936,Standard Class,783.96,4,0.0,219.51
4760,CA-2014-121573,SG-20605,OFF-BI-10000666,30,936,Standard Class,48.9,2,0.2,18.34
4761,CA-2014-121573,SG-20605,OFF-BI-10003712,30,936,Standard Class,7.86,2,0.2,2.85
4762,CA-2016-117660,BM-11785,OFF-LA-10003720,48,946,Standard Class,5.9,2,0.2,1.99
4763,CA-2016-117660,BM-11785,OFF-SU-10001664,48,946,Standard Class,13.71,2,0.2,1.03
4764,CA-2014-112851,NR-18550,OFF-EN-10001453,459,329,Standard Class,182.94,3,0.0,85.98
4765,CA-2017-123701,PG-18820,OFF-AR-10001860,95,222,First Class,27.76,4,0.0,9.99
4766,CA-2015-118227,DB-13270,OFF-AR-10001044,30,1000,Standard Class,25.99,1,0.0,7.54
4767,CA-2015-123155,NS-18640,TEC-AC-10002473,66,1001,First Class,113.52,5,0.2,29.8
4768,CA-2015-123155,NS-18640,TEC-PH-10001809,66,1001,First Class,359.88,3,0.2,22.49
4769,CA-2017-158883,CS-11860,OFF-PA-10004733,223,456,Same Day,25.34,4,0.2,9.19
4770,US-2016-114888,CC-12430,OFF-BI-10003355,10,252,Second Class,11.95,3,0.2,4.18
4771,US-2016-114888,CC-12430,OFF-SU-10001212,10,252,Second Class,6.24,3,0.0,1.87
4772,US-2014-167262,AC-10450,TEC-PH-10000486,510,657,Second Class,742.34,8,0.2,83.51
4773,CA-2017-119746,CM-12385,FUR-FU-10004909,27,52,Standard Class,6.46,1,0.6,-4.04
4774,CA-2017-119746,CM-12385,OFF-LA-10001613,27,52,Standard Class,11.52,5,0.2,4.18
4775,CA-2017-119746,CM-12385,TEC-PH-10004447,27,52,Standard Class,222.38,2,0.2,16.68
4776,CA-2017-108091,EK-13795,OFF-AR-10000255,247,674,Standard Class,23.36,4,0.0,6.07
4777,CA-2016-101630,CK-12760,OFF-LA-10004425,256,318,Second Class,8.67,3,0.0,4.07
4778,CA-2016-101630,CK-12760,OFF-SU-10001664,256,318,Second Class,25.71,3,0.0,6.68
4779,CA-2017-132346,PK-19075,OFF-AP-10000696,286,660,Standard Class,100.94,7,0.0,33.31
4780,CA-2014-150301,MH-18025,FUR-CH-10002647,251,1002,First Class,63.88,1,0.1,10.65
4781,CA-2014-159310,SC-20725,FUR-CH-10002758,33,846,Standard Class,683.14,4,0.3,0.0
4782,CA-2014-159310,SC-20725,OFF-BI-10000201,33,846,Standard Class,1.48,3,0.8,-2.21
4783,CA-2014-159310,SC-20725,OFF-SU-10004115,33,846,Standard Class,40.71,7,0.2,3.56
4784,US-2017-147984,GB-14575,OFF-PA-10000806,478,481,Standard Class,279.9,5,0.0,137.15
4785,CA-2015-104346,IM-15070,OFF-AR-10001473,98,556,Standard Class,13.12,5,0.2,1.15
4786,CA-2015-104346,IM-15070,FUR-BO-10003450,98,556,Standard Class,69.58,4,0.7,-143.79
4787,CA-2015-104346,IM-15070,OFF-AR-10001545,98,556,Standard Class,4.22,3,0.2,0.48
4788,CA-2015-104346,IM-15070,TEC-AC-10004396,98,556,Standard Class,58.08,4,0.2,-6.53
4789,CA-2015-104346,IM-15070,FUR-FU-10002456,98,556,Standard Class,52.42,9,0.2,15.07
4790,CA-2015-104346,IM-15070,FUR-FU-10001473,98,556,Standard Class,54.92,5,0.2,10.98
4791,CA-2015-104346,IM-15070,FUR-TA-10000849,98,556,Standard Class,364.95,5,0.5,-248.17
4792,CA-2015-104346,IM-15070,OFF-PA-10001166,98,556,Standard Class,85.06,3,0.2,28.71
4793,CA-2015-104346,IM-15070,OFF-PA-10003256,98,556,Standard Class,27.7,3,0.2,9.69
4794,US-2015-141684,MM-18055,OFF-PA-10002870,165,686,Standard Class,24.96,4,0.0,11.23
4795,CA-2015-144722,MF-18250,FUR-FU-10001215,2,200,Standard Class,43.13,1,0.0,18.11
4796,CA-2015-120516,CK-12595,OFF-BI-10004187,511,864,Standard Class,5.64,3,0.0,2.71
4797,US-2016-148901,MK-17905,OFF-BI-10001718,134,676,Standard Class,57.58,3,0.7,-44.15
4798,US-2016-148901,MK-17905,OFF-PA-10004983,134,676,Standard Class,31.1,6,0.2,10.89
4799,US-2016-148901,MK-17905,FUR-FU-10002396,134,676,Standard Class,30.19,3,0.2,8.3
4800,US-2016-148901,MK-17905,TEC-PH-10003988,134,676,Standard Class,43.6,5,0.2,4.36
4801,US-2016-148901,MK-17905,OFF-AR-10002467,134,676,Standard Class,4.77,2,0.2,0.42
4802,US-2016-148901,MK-17905,OFF-BI-10004002,134,676,Standard Class,10.38,2,0.7,-7.61
4803,US-2016-148901,MK-17905,OFF-BI-10002309,134,676,Standard Class,13.39,8,0.7,-9.82
4804,CA-2017-136364,MH-17455,TEC-PH-10003885,12,1003,Second Class,39.59,1,0.4,-7.26
4805,CA-2017-136364,MH-17455,FUR-FU-10002501,12,1003,Second Class,91.01,9,0.2,19.34
4806,CA-2015-137708,NG-18430,OFF-PA-10000176,142,7,Second Class,37.94,2,0.0,18.21
4807,CA-2015-137708,NG-18430,OFF-PA-10000327,142,7,Second Class,42.8,10,0.0,19.26
4808,CA-2015-137708,NG-18430,OFF-ST-10004634,142,7,Second Class,33.63,3,0.0,10.09
4809,CA-2014-149055,PB-19210,OFF-EN-10003040,64,534,Standard Class,62.81,3,0.2,21.2
4810,CA-2015-151589,RE-19450,OFF-PA-10003228,425,18,First Class,195.64,4,0.0,91.95
4811,CA-2015-151589,RE-19450,TEC-PH-10004345,425,18,First Class,239.9,2,0.0,71.97
4812,CA-2016-121370,EB-14110,FUR-CH-10000785,64,697,Second Class,380.06,3,0.3,-21.72
4813,CA-2016-121370,EB-14110,TEC-CO-10004115,64,697,Second Class,1199.98,4,0.4,180.0
4814,CA-2016-121370,EB-14110,FUR-FU-10002813,64,697,Second Class,48.58,3,0.2,9.72
4815,CA-2016-111696,TB-21625,OFF-PA-10002751,26,542,First Class,17.94,3,0.0,8.07
4816,CA-2014-139598,MG-17695,OFF-PA-10004569,64,59,Standard Class,18.26,3,0.2,6.16
4817,CA-2014-139598,MG-17695,OFF-AP-10002998,64,59,Standard Class,34.66,2,0.2,5.63
4818,CA-2014-139598,MG-17695,OFF-AP-10003287,64,59,Standard Class,81.55,2,0.2,8.16
4819,CA-2014-139598,MG-17695,OFF-ST-10001370,64,59,Standard Class,227.14,4,0.2,-42.59
4820,CA-2017-117436,LW-17125,OFF-BI-10004040,212,111,Standard Class,10.36,2,0.0,5.08
4821,CA-2015-140025,PF-19120,OFF-AP-10002651,66,1004,Standard Class,463.25,8,0.8,-1181.28
4822,CA-2015-140025,PF-19120,TEC-AC-10002402,66,1004,Standard Class,383.95,6,0.2,47.99
4823,CA-2016-134222,NZ-18565,OFF-BI-10001658,512,213,Same Day,44.86,6,0.7,-35.88
4824,CA-2016-140018,CK-12205,TEC-MA-10000752,48,832,Standard Class,30.34,7,0.7,-24.28
4825,CA-2016-140018,CK-12205,FUR-CH-10003817,48,832,Standard Class,127.55,3,0.3,-9.11
4826,CA-2016-140018,CK-12205,FUR-FU-10001876,48,832,Standard Class,77.95,3,0.2,15.59
4827,US-2017-136707,JE-15610,OFF-BI-10003460,2,106,First Class,14.02,4,0.2,4.91
4828,CA-2014-152562,JO-15145,OFF-ST-10000464,127,302,Standard Class,69.52,2,0.0,19.47
4829,CA-2014-152562,JO-15145,OFF-AR-10001919,127,302,Standard Class,5.64,3,0.0,1.64
4830,CA-2016-152408,TT-21220,OFF-BI-10002393,46,667,Standard Class,13.78,3,0.2,4.48
4831,CA-2014-120278,MS-17365,OFF-AP-10001293,513,846,Standard Class,245.88,6,0.0,68.85
4832,CA-2014-120278,MS-17365,OFF-ST-10004258,513,846,Standard Class,36.63,3,0.0,9.89
4833,CA-2014-120278,MS-17365,OFF-ST-10002214,513,846,Standard Class,22.58,2,0.0,5.87
4834,CA-2014-120278,MS-17365,OFF-BI-10004970,513,846,Standard Class,12.39,3,0.0,5.82
4835,CA-2017-167661,MP-18175,OFF-BI-10002571,95,362,Standard Class,39.92,5,0.2,13.47
4836,CA-2017-167661,MP-18175,OFF-PA-10002581,95,362,Standard Class,61.96,2,0.0,27.88
4837,CA-2017-167661,MP-18175,OFF-BI-10001097,95,362,Standard Class,19.94,4,0.2,7.23
4838,CA-2017-106831,FH-14350,OFF-BI-10003429,83,703,First Class,3.8,2,0.7,-2.66
4839,CA-2017-106831,FH-14350,OFF-PA-10000682,83,703,First Class,27.74,6,0.2,10.06
4840,CA-2017-106831,FH-14350,TEC-PH-10001700,83,703,First Class,158.38,4,0.4,-34.31
4841,CA-2017-154123,SC-20050,FUR-FU-10000629,1,226,Standard Class,27.58,2,0.0,11.58
4842,CA-2016-136049,NM-18520,OFF-BI-10001267,393,444,Standard Class,5.55,3,0.7,-4.07
4843,CA-2017-118402,JO-15280,OFF-ST-10001418,32,366,Standard Class,243.92,5,0.2,-54.88
4844,US-2016-139388,CC-12475,OFF-FA-10004968,101,78,First Class,14.96,4,0.0,0.3
4845,US-2014-128685,MZ-17515,OFF-BI-10004140,142,528,First Class,7.18,2,0.2,2.24
4846,CA-2015-124044,MS-17830,OFF-BI-10003460,145,863,Second Class,10.51,3,0.2,3.68
4847,CA-2014-164469,GK-14620,TEC-PH-10002115,161,403,Second Class,263.96,5,0.2,19.8
4848,CA-2014-164469,GK-14620,OFF-AR-10003478,161,403,Second Class,71.63,11,0.2,17.91
4849,CA-2014-164469,GK-14620,OFF-AR-10000475,161,403,Second Class,9.33,1,0.2,0.82
4850,CA-2014-107818,MC-17275,OFF-AR-10003045,514,79,Standard Class,5.88,2,0.0,2.65
4851,CA-2014-107818,MC-17275,FUR-CH-10000454,514,79,Standard Class,975.92,5,0.2,121.99
4852,CA-2014-107818,MC-17275,OFF-AR-10000380,514,79,Standard Class,303.84,8,0.0,91.15
4853,CA-2014-107818,MC-17275,OFF-ST-10000736,514,79,Standard Class,485.88,6,0.0,19.44
4854,CA-2014-113320,LH-17155,FUR-FU-10004270,233,433,Second Class,12.54,3,0.0,4.51
4855,CA-2014-113320,LH-17155,OFF-ST-10000617,233,433,Second Class,8.94,3,0.0,0.63
4856,CA-2014-113320,LH-17155,FUR-FU-10001706,233,433,Second Class,9.24,3,0.0,4.44
4857,CA-2015-137526,PB-19150,OFF-BI-10003364,26,1005,Standard Class,70.01,3,0.2,24.5
4858,CA-2015-137526,PB-19150,FUR-FU-10001861,26,1005,Standard Class,77.6,4,0.0,38.02
4859,CA-2015-137526,PB-19150,FUR-FU-10004845,26,1005,Standard Class,464.85,9,0.0,92.97
4860,CA-2017-136063,SS-20140,OFF-AR-10000823,515,935,Standard Class,10.19,7,0.2,1.02
4861,CA-2016-101546,GK-14620,OFF-BI-10001359,93,123,Standard Class,1793.98,2,0.0,843.17
4862,CA-2014-138940,GM-14455,TEC-PH-10001835,111,910,Second Class,758.35,6,0.2,265.42
4863,CA-2016-125164,SH-19975,OFF-BI-10001191,165,339,Standard Class,20.37,1,0.2,7.38
4864,CA-2016-125164,SH-19975,OFF-BI-10003982,165,339,Standard Class,49.85,3,0.2,16.82
4865,CA-2017-163531,SC-20725,TEC-PH-10001425,24,336,Standard Class,239.97,3,0.0,67.19
4866,CA-2017-122490,TT-21070,FUR-CH-10001215,6,39,Standard Class,2404.7,6,0.2,150.29
4867,CA-2017-122490,TT-21070,OFF-BI-10001718,6,39,Standard Class,563.02,11,0.2,190.02
4868,CA-2017-122490,TT-21070,OFF-ST-10000991,6,39,Standard Class,344.91,3,0.0,10.35
4869,CA-2017-122490,TT-21070,OFF-LA-10001613,6,39,Standard Class,8.64,3,0.0,4.23
4870,CA-2017-131366,SC-20440,TEC-PH-10003437,208,222,Standard Class,89.99,2,0.4,-15.0
4871,CA-2017-131366,SC-20440,OFF-PA-10000675,208,222,Standard Class,229.54,7,0.2,83.21
4872,CA-2017-164042,KL-16645,OFF-FA-10000840,15,980,Standard Class,1.82,2,0.2,0.62
4873,CA-2017-164042,KL-16645,OFF-AP-10001947,15,980,Standard Class,18.32,5,0.8,-46.72
4874,CA-2017-164042,KL-16645,OFF-ST-10002301,15,980,Standard Class,48.82,3,0.2,-11.59
4875,CA-2017-164042,KL-16645,OFF-BI-10001922,15,980,Standard Class,1.19,1,0.8,-1.96
4876,CA-2014-132864,KN-16390,TEC-AC-10001267,48,267,Standard Class,119.8,5,0.2,29.95
4877,US-2014-155817,SL-20155,OFF-ST-10000532,36,463,Standard Class,61.57,2,0.2,4.62
4878,US-2014-155817,SL-20155,OFF-AR-10002335,36,463,Standard Class,6.19,3,0.2,0.46
4879,US-2016-131891,PW-19240,OFF-BI-10000201,516,876,First Class,2.21,3,0.7,-1.48
4880,CA-2017-143567,TB-21175,OFF-EN-10004846,1,809,Second Class,5.32,2,0.0,2.61
4881,CA-2017-143567,TB-21175,FUR-CH-10000454,1,809,Second Class,975.92,4,0.0,292.78
4882,CA-2017-143567,TB-21175,TEC-AC-10004145,1,809,Second Class,2249.91,9,0.0,517.48
4883,CA-2017-143567,TB-21175,OFF-ST-10001580,1,809,Second Class,59.92,4,0.0,16.78
4884,CA-2017-104080,AH-10210,OFF-BI-10003876,159,145,Standard Class,171.2,5,0.2,64.2
4885,CA-2017-104080,AH-10210,OFF-AR-10001972,159,145,Standard Class,3.36,2,0.0,0.87
4886,CA-2014-151379,SC-20695,OFF-PA-10000595,84,758,Standard Class,114.2,5,0.0,52.53
4887,CA-2016-163167,RF-19345,FUR-CH-10004477,511,86,Second Class,182.67,3,0.0,52.97
4888,CA-2016-163167,RF-19345,TEC-AC-10003441,511,86,Second Class,101.7,6,0.0,6.1
4889,CA-2016-163167,RF-19345,OFF-ST-10004459,511,86,Second Class,1126.02,3,0.0,56.3
4890,CA-2016-163167,RF-19345,OFF-ST-10003805,511,86,Second Class,1263.3,6,0.0,315.82
4891,CA-2016-135776,EH-13765,OFF-AR-10001246,6,444,Standard Class,8.82,3,0.0,2.56
4892,CA-2016-135776,EH-13765,OFF-PA-10001295,6,444,Standard Class,37.94,2,0.0,18.21
4893,CA-2016-135776,EH-13765,OFF-AR-10001231,6,444,Standard Class,4.2,2,0.0,1.18
4894,CA-2016-135776,EH-13765,OFF-ST-10002743,6,444,Standard Class,227.28,2,0.0,2.27
4895,CA-2016-135776,EH-13765,OFF-PA-10004327,6,444,Standard Class,47.9,1,0.0,22.99
4896,CA-2016-135776,EH-13765,OFF-EN-10004773,6,444,Standard Class,61.96,2,0.0,30.36
4897,CA-2016-135776,EH-13765,OFF-ST-10003470,6,444,Standard Class,1117.92,4,0.0,55.9
4898,US-2014-122021,AC-10660,FUR-CH-10003761,272,772,First Class,183.37,2,0.3,-7.86
4899,US-2014-122021,AC-10660,OFF-PA-10002230,272,772,First Class,7.97,2,0.2,2.89
4900,CA-2016-130484,SG-20470,OFF-BI-10000088,428,251,Standard Class,26.35,8,0.7,-18.45
4901,CA-2017-120936,CA-12310,OFF-ST-10001526,159,95,Standard Class,481.32,4,0.0,125.14
4902,CA-2017-120936,CA-12310,OFF-SU-10002557,159,95,Standard Class,13.98,1,0.0,3.63
4903,CA-2017-110884,SH-20395,OFF-BI-10003669,46,470,Standard Class,25.92,6,0.2,9.07
4904,CA-2017-110884,SH-20395,OFF-LA-10003510,46,470,Standard Class,91.59,3,0.0,42.13
4905,US-2014-161613,MC-17605,FUR-CH-10003746,33,589,Second Class,674.06,3,0.3,-19.26
4906,US-2014-146353,JE-15610,OFF-BI-10003476,209,1006,Second Class,22.92,4,0.0,11.0
4907,US-2014-146353,JE-15610,OFF-ST-10001469,209,1006,Second Class,269.9,5,0.0,16.19
4908,CA-2014-133809,MS-17530,OFF-BI-10001757,324,729,Second Class,11.81,8,0.7,-8.66
4909,CA-2014-133809,MS-17530,TEC-PH-10004875,324,729,Second Class,9.59,2,0.4,-2.08
4910,CA-2017-127306,BH-11710,OFF-EN-10001219,341,425,Standard Class,18.34,3,0.2,6.65
4911,CA-2017-127306,BH-11710,OFF-PA-10000019,341,425,Standard Class,36.29,7,0.2,12.7
4912,CA-2017-127306,BH-11710,TEC-PH-10001924,341,425,Standard Class,111.98,2,0.2,7.0
4913,CA-2017-127306,BH-11710,OFF-BI-10002003,341,425,Standard Class,5.97,5,0.7,-4.58
4914,CA-2017-127306,BH-11710,OFF-BI-10003727,341,425,Standard Class,2.51,2,0.7,-1.84
4915,CA-2015-161830,ME-17725,OFF-AR-10004042,60,497,Second Class,35.96,2,0.0,10.43
4916,CA-2015-161830,ME-17725,OFF-BI-10001097,60,497,Second Class,14.95,3,0.2,5.42
4917,CA-2017-163125,MB-17305,OFF-AR-10004344,517,450,Second Class,67.14,7,0.2,5.88
4918,CA-2017-163125,MB-17305,FUR-CH-10001802,517,450,Second Class,254.06,3,0.3,-32.66
4919,CA-2016-160304,BM-11575,FUR-BO-10004709,518,1007,Standard Class,173.94,3,0.0,38.27
4920,CA-2016-160304,BM-11575,TEC-PH-10000455,518,1007,Standard Class,231.98,2,0.0,67.27
4921,CA-2017-101728,SC-20575,OFF-BI-10002393,156,972,Standard Class,2.3,2,0.8,-3.9
4922,CA-2017-114055,MH-18115,OFF-PA-10004381,365,54,Second Class,96.08,2,0.0,46.12
4923,CA-2017-114055,MH-18115,OFF-FA-10003059,365,54,Second Class,3.62,2,0.0,1.19
4924,CA-2017-114055,MH-18115,OFF-PA-10000994,365,54,Second Class,629.1,6,0.0,301.97
4925,CA-2017-114055,MH-18115,TEC-PH-10002890,365,54,Second Class,90.48,2,0.0,23.52
4926,CA-2017-126438,AR-10345,OFF-AR-10003338,129,19,First Class,14.88,2,0.0,3.72
4927,CA-2017-117653,MO-17500,FUR-TA-10003008,37,16,Standard Class,91.28,1,0.5,-67.54
4928,CA-2017-143245,AD-10180,OFF-PA-10001972,70,97,Standard Class,19.44,3,0.0,9.33
4929,CA-2017-143245,AD-10180,FUR-CH-10000155,70,97,Standard Class,897.15,3,0.0,251.2
4930,US-2014-138828,KD-16345,OFF-AR-10000658,30,815,First Class,57.75,5,0.0,16.17
4931,US-2014-138828,KD-16345,OFF-PA-10000349,30,815,First Class,14.94,3,0.0,7.02
4932,CA-2017-143651,FM-14215,OFF-AR-10001446,6,614,Standard Class,23.1,2,0.0,6.93
4933,CA-2015-106978,ZC-21910,OFF-EN-10004483,43,695,Standard Class,12.54,1,0.2,4.23
4934,CA-2015-106978,ZC-21910,OFF-BI-10002012,43,695,Standard Class,1.08,2,0.7,-0.79
4935,CA-2015-106978,ZC-21910,OFF-FA-10003021,43,695,Standard Class,4.51,3,0.2,0.85
4936,CA-2015-155124,KS-16300,TEC-PH-10003356,519,1008,Standard Class,16.78,3,0.2,1.68
4937,CA-2017-150931,DP-13390,OFF-BI-10004728,520,1009,Standard Class,33.74,7,0.0,15.52
4938,CA-2014-157147,BD-11605,OFF-ST-10000078,10,287,Standard Class,1325.85,5,0.0,238.65
4939,CA-2014-157147,BD-11605,FUR-BO-10003034,10,287,Standard Class,334.0,3,0.15,3.93
4940,CA-2014-157147,BD-11605,OFF-AR-10003514,10,287,Standard Class,19.9,5,0.0,6.57
4941,CA-2015-156482,IL-15100,FUR-CH-10001708,50,526,Standard Class,1268.82,9,0.0,266.45
4942,CA-2015-156482,IL-15100,FUR-BO-10002598,50,526,Standard Class,283.92,4,0.0,82.34
4943,CA-2015-156482,IL-15100,OFF-AR-10001022,50,526,Standard Class,5.68,2,0.0,1.76
4944,CA-2017-106782,LP-17095,OFF-ST-10004459,378,203,Standard Class,375.34,1,0.0,18.77
4945,CA-2016-151372,JH-15985,OFF-PA-10004381,415,65,First Class,96.08,2,0.0,46.12
4946,CA-2016-151372,JH-15985,OFF-BI-10000050,415,65,First Class,11.68,2,0.2,3.94
4947,CA-2016-151372,JH-15985,OFF-FA-10000304,415,65,First Class,4.36,2,0.0,1.79
4948,CA-2014-102085,JD-16015,OFF-LA-10002475,61,778,Standard Class,29.24,4,0.0,13.74
4949,CA-2017-107125,BD-11320,OFF-BI-10001989,63,345,Standard Class,117.49,7,0.2,41.12
4950,CA-2017-107125,BD-11320,FUR-FU-10000732,63,345,Standard Class,18.84,3,0.0,6.03
4951,CA-2016-125815,DL-13330,OFF-AR-10004441,30,100,Second Class,12.42,3,0.0,5.22
4952,CA-2015-144190,NC-18415,OFF-PA-10000304,248,989,Standard Class,12.96,2,0.0,6.22
4953,CA-2017-117926,AS-10225,OFF-AP-10002670,10,167,Second Class,69.48,1,0.0,20.84
4954,CA-2015-153906,MS-17980,TEC-PH-10001527,30,200,Standard Class,85.9,2,0.0,2.58
4955,CA-2014-160262,TS-21205,OFF-AR-10002335,284,4,Second Class,18.06,7,0.0,4.7
4956,CA-2014-160262,TS-21205,OFF-PA-10003641,284,4,Second Class,79.14,3,0.0,36.4
4957,CA-2014-160262,TS-21205,FUR-FU-10002685,284,4,Second Class,37.4,2,0.0,14.21
4958,CA-2015-127607,JK-15730,OFF-BI-10001308,297,306,Standard Class,2.51,2,0.8,-4.4
4959,CA-2015-127607,JK-15730,OFF-FA-10003485,297,306,Standard Class,18.86,9,0.2,6.13
4960,CA-2016-166226,TC-21535,TEC-PH-10003357,142,742,Standard Class,61.19,1,0.2,6.12
4961,CA-2016-166226,TC-21535,OFF-AP-10002867,142,742,Standard Class,67.84,1,0.0,18.32
4962,CA-2014-156587,AB-10015,FUR-CH-10004477,6,1010,First Class,48.71,1,0.2,5.48
4963,CA-2014-156587,AB-10015,OFF-AR-10001427,6,1010,First Class,17.94,3,0.0,4.66
4964,CA-2014-156587,AB-10015,OFF-ST-10002344,6,1010,First Class,242.94,3,0.0,4.86
4965,CA-2016-141180,DP-13000,OFF-BI-10000301,3,667,Second Class,7.76,4,0.7,-5.18
4966,CA-2015-109708,CY-12745,TEC-PH-10001944,85,443,Second Class,467.04,4,0.2,58.38
4967,CA-2015-122406,BE-11455,TEC-PH-10001527,260,992,Second Class,128.85,3,0.0,3.87
4968,CA-2015-122406,BE-11455,OFF-PA-10001307,260,992,Second Class,8.4,2,0.0,4.12
4969,CA-2015-122406,BE-11455,TEC-AC-10004571,260,992,Second Class,199.98,2,0.0,83.99
4970,CA-2015-122406,BE-11455,FUR-CH-10001973,260,992,Second Class,110.98,1,0.0,15.54
4971,US-2016-153815,KL-16555,FUR-CH-10000513,134,62,First Class,207.98,2,0.2,-28.6
4972,US-2016-153815,KL-16555,OFF-PA-10002421,134,62,First Class,36.11,2,0.2,12.64
4973,US-2016-153815,KL-16555,FUR-FU-10004090,134,62,First Class,35.57,2,0.2,5.78
4974,US-2016-153815,KL-16555,OFF-PA-10004071,134,62,First Class,88.77,2,0.2,31.07
4975,CA-2016-164896,PS-19045,OFF-PA-10002246,219,78,Standard Class,12.9,2,0.0,6.32
4976,CA-2015-142202,JR-16210,TEC-AC-10003198,134,228,Second Class,717.12,9,0.2,152.39
4977,CA-2015-165050,AH-10210,OFF-BI-10001031,24,215,First Class,21.36,5,0.2,7.21
4978,CA-2015-165050,AH-10210,OFF-BI-10003727,24,215,First Class,6.69,2,0.2,2.34
4979,CA-2015-165050,AH-10210,TEC-PH-10001336,24,215,First Class,773.94,6,0.0,224.44
4980,US-2016-131114,RW-19630,OFF-SU-10001664,27,11,Second Class,20.57,3,0.2,1.54
4981,US-2016-131114,RW-19630,OFF-AP-10003971,27,11,Second Class,4.36,2,0.8,-11.76
4982,US-2016-131114,RW-19630,TEC-AC-10000199,27,11,Second Class,19.04,4,0.2,-1.43
4983,CA-2014-160066,AH-10075,OFF-LA-10001045,126,913,Standard Class,5.22,2,0.0,2.4
4984,CA-2016-109925,IM-15070,OFF-ST-10003442,189,62,Second Class,84.84,3,0.0,22.91
4985,CA-2015-160696,CK-12760,OFF-FA-10003059,396,685,Standard Class,7.24,5,0.2,1.18
4986,CA-2014-125171,AG-10390,OFF-LA-10001175,30,1011,Same Day,14.4,5,0.0,7.06
4987,CA-2016-149279,CL-12700,OFF-PA-10003441,98,424,Standard Class,15.55,3,0.2,5.44
4988,CA-2016-149279,CL-12700,FUR-CH-10004287,98,424,Standard Class,1325.76,6,0.2,149.15
4989,CA-2016-149279,CL-12700,OFF-BI-10004040,98,424,Standard Class,3.11,2,0.7,-2.18
4990,CA-2017-107321,AW-10930,OFF-BI-10004022,95,516,Standard Class,6.67,3,0.2,2.17
4991,CA-2017-107321,AW-10930,TEC-PH-10002200,95,516,Standard Class,689.41,4,0.2,77.56
4992,US-2017-122714,HG-14965,OFF-BI-10001120,156,227,Standard Class,1889.99,5,0.8,-2929.48
4993,CA-2015-153038,RB-19645,OFF-EN-10000461,32,218,Standard Class,55.94,8,0.2,18.88
4994,CA-2015-153038,RB-19645,OFF-LA-10004008,32,218,Standard Class,18.43,8,0.2,5.99
4995,CA-2015-153038,RB-19645,FUR-FU-10000221,32,218,Standard Class,20.32,5,0.2,3.56
4996,CA-2014-132227,SZ-20035,OFF-BI-10000962,165,131,Standard Class,52.06,4,0.2,18.87
4997,CA-2017-155824,KS-16300,OFF-AP-10000390,315,435,Standard Class,48.78,1,0.2,3.66
4998,CA-2017-155824,KS-16300,OFF-BI-10000014,315,435,Standard Class,13.09,4,0.7,-10.04
4999,CA-2016-129238,SC-20050,TEC-PH-10004120,63,1012,Standard Class,109.59,1,0.2,8.22
5000,CA-2016-129238,SC-20050,OFF-PA-10002764,63,1012,Standard Class,56.7,5,0.0,27.78
5001,CA-2017-159688,AB-10060,TEC-AC-10000736,26,918,Standard Class,79.99,1,0.0,28.8
5002,CA-2016-136126,EH-14125,OFF-SU-10000898,390,1013,Same Day,69.5,5,0.0,20.16
5003,CA-2016-136126,EH-14125,OFF-PA-10004327,390,1013,Same Day,191.6,4,0.0,91.97
5004,CA-2016-155033,CC-12475,OFF-PA-10000143,4,878,Standard Class,10.56,2,0.0,5.07
5005,CA-2014-156006,TM-21010,TEC-AC-10002550,130,1014,Second Class,47.79,3,0.0,16.25
5006,CA-2015-158659,SC-20695,OFF-ST-10003306,239,114,Second Class,714.3,5,0.0,207.15
5007,CA-2015-169796,Dp-13240,TEC-MA-10000045,46,530,Standard Class,2321.9,2,0.0,1114.51
5008,CA-2015-169796,Dp-13240,OFF-ST-10001505,46,530,Standard Class,17.94,3,0.0,3.05
5009,CA-2015-102876,LR-17035,OFF-BI-10004781,64,68,Standard Class,9.52,1,0.7,-6.98
5010,CA-2015-102876,LR-17035,TEC-PH-10002680,64,68,Standard Class,791.96,6,0.4,-131.99
5011,CA-2015-102876,LR-17035,OFF-BI-10000848,64,68,Standard Class,4.92,3,0.7,-3.94
5012,US-2017-139647,TS-21370,FUR-BO-10004467,52,944,First Class,209.98,7,0.7,-356.96
5013,US-2017-160465,SW-20350,OFF-BI-10001670,178,247,Standard Class,33.93,3,0.7,-22.62
5014,US-2017-160465,SW-20350,OFF-ST-10000136,178,247,Standard Class,222.32,7,0.2,25.01
5015,US-2017-160465,SW-20350,TEC-PH-10004522,178,247,Standard Class,210.56,6,0.4,-52.64
5016,CA-2014-153850,TH-21100,FUR-FU-10002960,214,157,Standard Class,35.17,7,0.2,9.67
5017,CA-2014-153850,TH-21100,TEC-PH-10002584,214,157,Standard Class,1502.38,4,0.4,-250.4
5018,CA-2014-127558,SS-20410,FUR-FU-10002505,142,648,First Class,10.11,3,0.0,3.24
5019,CA-2014-127558,SS-20410,TEC-AC-10003832,142,648,First Class,772.47,3,0.0,146.77
5020,CA-2014-127558,SS-20410,OFF-SU-10002537,142,648,First Class,20.46,2,0.0,5.32
5021,CA-2017-136511,MZ-17515,OFF-SU-10003505,165,722,Second Class,347.58,3,0.0,17.38
5022,CA-2016-133795,JE-15475,TEC-AC-10001465,89,123,Standard Class,72.64,2,0.0,21.79
5023,CA-2016-133795,JE-15475,TEC-AC-10003832,89,123,Standard Class,772.47,3,0.0,146.77
5024,CA-2016-133795,JE-15475,FUR-FU-10003731,89,123,Standard Class,39.92,4,0.0,11.18
5025,US-2017-130953,RF-19735,OFF-BI-10004828,337,571,Standard Class,33.48,2,0.0,16.41
5026,US-2017-130953,RF-19735,TEC-PH-10003012,337,571,Standard Class,461.97,3,0.0,133.97
5027,US-2017-130953,RF-19735,OFF-AP-10002311,337,571,Standard Class,137.62,2,0.0,60.55
5028,US-2017-130953,RF-19735,FUR-CH-10004626,337,571,Standard Class,302.67,3,0.0,72.64
5029,CA-2014-151792,CV-12295,TEC-AC-10001606,156,815,Second Class,239.98,3,0.2,53.99
5030,CA-2017-139304,VG-21790,OFF-AR-10001216,10,927,Standard Class,8.34,3,0.0,2.17
5031,CA-2017-139304,VG-21790,OFF-SU-10001664,10,927,Standard Class,8.57,1,0.0,2.23
5032,CA-2017-139304,VG-21790,OFF-BI-10002498,10,927,Standard Class,119.62,8,0.2,40.37
5033,CA-2016-155166,BB-11545,FUR-CH-10003968,276,483,Standard Class,212.94,3,0.0,25.55
5034,CA-2016-155166,BB-11545,OFF-AP-10002765,276,483,Standard Class,26.49,1,0.0,7.42
5035,CA-2015-103954,HR-14770,FUR-BO-10004690,202,102,Second Class,687.4,5,0.0,48.12
5036,CA-2014-169803,SC-20260,FUR-TA-10000688,61,323,Standard Class,653.55,3,0.0,111.1
5037,CA-2014-169803,SC-20260,TEC-AC-10003441,61,323,Standard Class,33.9,2,0.0,2.03
5038,CA-2017-141719,EG-13900,TEC-AC-10003610,18,702,Second Class,239.96,5,0.2,83.99
5039,CA-2015-136469,TS-21370,FUR-TA-10001520,50,656,First Class,199.84,4,0.3,-37.11
5040,CA-2015-136469,TS-21370,TEC-PH-10001817,50,656,First Class,716.0,2,0.0,193.32
5041,CA-2015-136469,TS-21370,OFF-BI-10004492,50,656,First Class,221.06,7,0.0,103.9
5042,CA-2016-158694,AI-10855,OFF-PA-10002421,2,339,Second Class,67.71,3,0.0,32.5
5043,CA-2016-158694,AI-10855,OFF-AP-10000055,2,339,Second Class,129.92,4,0.0,38.98
5044,CA-2016-158694,AI-10855,FUR-FU-10000965,2,339,Second Class,467.46,9,0.0,191.66
5045,CA-2016-158694,AI-10855,OFF-PA-10001363,2,339,Second Class,61.4,5,0.0,28.86
5046,CA-2016-158694,AI-10855,OFF-ST-10001496,2,339,Second Class,720.76,4,0.0,187.4
5047,CA-2016-158694,AI-10855,OFF-BI-10004656,2,339,Second Class,5.18,3,0.2,1.81
5048,CA-2016-158694,AI-10855,OFF-AR-10001227,2,339,Second Class,14.7,5,0.0,3.97
5049,US-2014-104759,DD-13570,OFF-BI-10002071,27,692,Standard Class,8.13,7,0.8,-13.83
5050,US-2014-104759,DD-13570,TEC-AC-10004901,27,692,Standard Class,79.98,2,0.2,14.0
5051,CA-2015-150511,AB-10060,OFF-PA-10001776,120,228,Standard Class,18.54,2,0.0,8.71
5052,CA-2015-134922,KB-16240,OFF-EN-10000483,12,210,Standard Class,24.4,2,0.2,7.93
5053,US-2017-120607,JC-15775,OFF-PA-10003129,149,241,Same Day,195.64,4,0.0,91.95
5054,CA-2015-141243,AH-10465,TEC-AC-10003198,163,929,Second Class,398.4,5,0.2,84.66
5055,CA-2015-141243,AH-10465,OFF-AR-10001246,163,929,Second Class,7.06,3,0.2,0.79
5056,CA-2015-141243,AH-10465,FUR-BO-10003272,163,929,Second Class,1352.4,9,0.32,-437.54
5057,CA-2015-162166,NM-18520,OFF-PA-10002606,521,1015,First Class,26.4,5,0.0,11.88
5058,CA-2015-162166,NM-18520,OFF-ST-10002486,521,1015,First Class,41.88,6,0.0,0.84
5059,CA-2016-120796,CS-11950,OFF-BI-10004330,12,1016,Standard Class,99.85,9,0.7,-83.2
5060,CA-2016-109722,TP-21130,TEC-PH-10000560,522,6,Second Class,699.98,2,0.0,195.99
5061,CA-2016-109722,TP-21130,OFF-ST-10000060,522,6,Second Class,584.82,9,0.0,70.18
5062,CA-2015-136798,DL-12925,OFF-BI-10003684,40,413,Standard Class,43.98,2,0.0,21.99
5063,CA-2015-136798,DL-12925,TEC-PH-10000441,40,413,Standard Class,377.97,3,0.0,105.83
5064,CA-2015-136798,DL-12925,FUR-FU-10000723,40,413,Standard Class,123.96,3,0.0,11.16
5065,CA-2017-122196,CA-12265,TEC-PH-10004977,50,586,First Class,391.98,2,0.0,113.67
5066,CA-2017-142090,SC-20380,TEC-AC-10002001,180,330,Standard Class,383.98,3,0.2,81.59
5067,CA-2017-142090,SC-20380,FUR-TA-10001889,180,330,Standard Class,1781.68,7,0.4,-653.28
5068,CA-2017-160934,TT-21460,OFF-AR-10003504,142,788,Standard Class,21.4,5,0.0,6.21
5069,CA-2014-124478,MA-17560,TEC-CO-10001571,191,234,Standard Class,549.99,1,0.0,275.0
5070,CA-2014-124478,MA-17560,OFF-AP-10002495,191,234,Standard Class,167.54,3,0.1,37.23
5071,CA-2014-124478,MA-17560,OFF-EN-10002500,191,234,Standard Class,38.34,3,0.0,17.25
5072,CA-2014-124478,MA-17560,FUR-FU-10002088,191,234,Standard Class,53.88,6,0.0,22.63
5073,CA-2014-124478,MA-17560,TEC-PH-10001128,191,234,Standard Class,299.98,2,0.0,83.99
5074,CA-2015-145485,JM-16195,OFF-ST-10000649,10,600,Same Day,62.8,4,0.0,15.7
5075,CA-2017-151071,MB-18085,OFF-BI-10002103,14,1017,Second Class,13.9,2,0.2,4.52
5076,CA-2014-134572,SV-20365,FUR-TA-10001705,33,1018,Second Class,744.1,5,0.3,-95.67
5077,CA-2014-134572,SV-20365,OFF-ST-10004634,33,1018,Second Class,44.84,5,0.2,5.6
5078,CA-2014-134572,SV-20365,FUR-TA-10004442,33,1018,Second Class,401.59,2,0.3,-131.95
5079,CA-2017-143217,CG-12040,OFF-BI-10002949,202,344,Standard Class,18.24,3,0.0,8.57
5080,US-2017-133312,BD-11500,FUR-BO-10002213,35,921,Standard Class,359.5,3,0.15,-29.61
5081,US-2017-133312,BD-11500,OFF-ST-10001325,35,921,Standard Class,10.48,1,0.0,2.83
5082,US-2015-137533,JK-15640,OFF-PA-10003441,178,218,Same Day,20.74,4,0.2,7.26
5083,CA-2016-155138,JM-15580,TEC-AC-10004209,234,163,Standard Class,35.17,4,0.2,8.35
5084,CA-2016-155138,JM-15580,OFF-PA-10000501,234,163,Standard Class,64.7,3,0.2,23.46
5085,CA-2016-108350,SC-20230,OFF-PA-10003656,112,113,Second Class,105.52,4,0.0,48.54
5086,CA-2015-144302,ME-17320,OFF-BI-10001107,177,975,Standard Class,5.79,2,0.8,-9.56
5087,CA-2015-109001,KN-16390,TEC-PH-10000562,75,617,Standard Class,466.16,7,0.4,-93.23
5088,CA-2015-109001,KN-16390,TEC-AC-10001101,75,617,Standard Class,10.31,1,0.2,-1.29
5089,CA-2015-109001,KN-16390,OFF-BI-10003529,75,617,Standard Class,2.56,3,0.7,-1.79
5090,CA-2017-132738,HM-14860,OFF-PA-10001752,523,1019,First Class,7.97,2,0.2,2.89
5091,CA-2017-132738,HM-14860,OFF-EN-10001141,523,1019,First Class,8.78,1,0.2,3.18
5092,CA-2017-156720,JM-15580,OFF-FA-10003472,523,248,Standard Class,3.02,3,0.2,-0.6
5093,CA-2015-119102,KH-16690,OFF-ST-10004507,470,294,Standard Class,51.45,3,0.0,13.89
5094,US-2014-140452,BK-11260,OFF-AP-10004036,27,777,Standard Class,14.02,4,0.8,-31.54
5095,US-2014-140452,BK-11260,FUR-TA-10004086,27,777,Standard Class,214.95,5,0.5,-120.37
5096,US-2014-140452,BK-11260,TEC-PH-10000307,27,777,Standard Class,35.04,4,0.2,-7.01
5097,US-2014-140452,BK-11260,FUR-FU-10002088,27,777,Standard Class,10.78,3,0.6,-4.85
5098,US-2014-140452,BK-11260,OFF-BI-10004965,27,777,Standard Class,4.6,2,0.8,-8.05
5099,US-2014-140452,BK-11260,OFF-ST-10002485,27,777,Standard Class,35.17,2,0.2,-8.35
5100,CA-2015-141936,PN-18775,OFF-BI-10002194,411,977,Standard Class,19.15,3,0.2,6.46
5101,CA-2014-158442,AZ-10750,OFF-AR-10003732,163,462,Same Day,4.45,2,0.2,0.33
5102,CA-2014-158442,AZ-10750,OFF-PA-10002195,163,462,Same Day,5.18,1,0.2,1.88
5103,CA-2014-158442,AZ-10750,OFF-PA-10002365,163,462,Same Day,15.55,3,0.2,5.44
5104,CA-2015-167374,GM-14500,OFF-PA-10001950,12,515,Second Class,40.03,6,0.2,12.51
5105,CA-2015-167374,GM-14500,TEC-AC-10004633,12,515,Second Class,16.78,3,0.2,5.03
5106,CA-2014-116568,BM-11785,FUR-CH-10002439,263,638,Standard Class,186.3,4,0.2,13.97
5107,CA-2015-147102,NH-18610,TEC-AC-10000682,113,445,Standard Class,66.36,4,0.0,23.23
5108,CA-2017-132213,PN-18775,OFF-AR-10004078,396,1017,First Class,42.05,9,0.2,5.26
5109,CA-2017-132213,PN-18775,OFF-AR-10001958,396,1017,First Class,67.92,5,0.2,6.79
5110,CA-2014-138450,EH-13765,OFF-EN-10001335,64,639,Standard Class,52.51,6,0.2,19.69
5111,CA-2014-138450,EH-13765,OFF-ST-10003479,64,639,Standard Class,186.91,6,0.2,-35.05
5112,CA-2014-138450,EH-13765,OFF-PA-10003016,64,639,Standard Class,10.05,4,0.2,3.14
5113,CA-2015-153073,HA-14905,FUR-FU-10001025,27,51,Same Day,17.5,9,0.6,-7.44
5114,CA-2016-147970,AB-10150,OFF-PA-10003936,78,1012,Second Class,15.55,3,0.2,5.44
5115,CA-2016-150658,MS-17365,OFF-BI-10004140,65,1020,Standard Class,10.78,3,0.2,3.37
5116,CA-2017-125640,DD-13570,OFF-LA-10004178,64,801,Standard Class,3.3,1,0.2,1.07
5117,CA-2017-154137,MT-17815,OFF-ST-10003324,30,344,Standard Class,35.48,1,0.0,0.0
5118,CA-2015-127173,GM-14500,OFF-FA-10004854,188,121,Standard Class,34.44,3,0.0,16.19
5119,CA-2015-127173,GM-14500,TEC-MA-10002859,188,121,Standard Class,629.93,7,0.0,296.07
5120,CA-2015-127173,GM-14500,OFF-BI-10000088,188,121,Standard Class,79.06,9,0.2,28.66
5121,CA-2014-149538,KB-16585,OFF-ST-10004180,300,528,Standard Class,232.55,5,0.0,9.3
5122,CA-2014-149538,KB-16585,TEC-AC-10002926,300,528,Standard Class,99.98,2,0.0,42.99
5123,CA-2014-149538,KB-16585,OFF-PA-10003797,300,528,Standard Class,19.44,3,0.0,9.33
5124,CA-2014-149538,KB-16585,OFF-PA-10002195,300,528,Standard Class,12.96,2,0.0,6.35
5125,CA-2014-160766,DM-13015,FUR-TA-10001039,30,81,Same Day,464.29,9,0.4,-108.33
5126,CA-2014-160766,DM-13015,OFF-EN-10001099,30,81,Same Day,68.46,7,0.0,31.49
5127,CA-2014-160766,DM-13015,TEC-MA-10003979,30,81,Same Day,2799.96,4,0.0,1371.98
5128,CA-2014-160766,DM-13015,OFF-AP-10002945,30,81,Same Day,601.3,2,0.0,198.43
5129,CA-2014-160766,DM-13015,TEC-PH-10001536,30,81,Same Day,16.99,1,0.0,4.42
5130,CA-2014-160766,DM-13015,TEC-PH-10000526,30,81,Same Day,287.97,3,0.0,80.63
5131,CA-2014-160766,DM-13015,OFF-PA-10000213,30,81,Same Day,44.82,9,0.0,21.07
5132,CA-2017-146626,BP-11185,FUR-FU-10002501,159,615,Standard Class,101.12,8,0.0,37.41
5133,CA-2015-123330,EP-13915,TEC-PH-10001819,263,1021,Standard Class,107.98,3,0.2,37.79
5134,CA-2017-155607,FG-14260,OFF-AP-10001962,30,201,Standard Class,58.73,7,0.0,14.68
5135,CA-2017-155607,FG-14260,OFF-BI-10003364,30,201,Standard Class,93.34,4,0.2,32.67
5136,CA-2016-151323,AB-10255,OFF-FA-10002983,6,249,Standard Class,17.05,5,0.0,8.18
5137,CA-2015-146696,RD-19480,OFF-BI-10002432,189,640,Standard Class,8.1,2,0.2,2.73
5138,CA-2016-128972,TS-21430,FUR-FU-10003096,337,374,Standard Class,30.36,4,0.0,13.05
5139,CA-2017-128335,JA-15970,OFF-EN-10001539,185,366,Standard Class,23.34,3,0.0,10.97
5140,CA-2017-128335,JA-15970,OFF-PA-10004996,185,366,Standard Class,51.55,5,0.0,24.23
5141,CA-2015-154886,SW-20455,TEC-AC-10001956,10,628,Standard Class,119.9,2,0.0,43.16
5142,CA-2016-111213,FP-14320,FUR-CH-10000454,30,179,Standard Class,1317.49,6,0.1,292.78
5143,CA-2016-111213,FP-14320,OFF-SU-10000946,30,179,Standard Class,63.84,8,0.0,18.51
5144,CA-2016-111213,FP-14320,OFF-BI-10004140,30,179,Standard Class,3.59,1,0.2,1.12
5145,CA-2017-161333,JL-15835,FUR-FU-10003039,63,63,Standard Class,86.26,2,0.0,29.33
5146,CA-2017-161333,JL-15835,OFF-ST-10000464,63,63,Standard Class,139.04,4,0.0,38.93
5147,CA-2017-161333,JL-15835,OFF-AP-10000252,63,63,Standard Class,46.8,4,0.0,16.38
5148,CA-2017-128734,JL-15175,FUR-FU-10001731,524,166,Standard Class,8.54,4,0.2,1.92
5149,CA-2017-128734,JL-15175,FUR-CH-10001394,524,166,Standard Class,842.38,3,0.2,105.3
5150,CA-2014-141796,JG-15160,TEC-PH-10001578,256,262,Same Day,1214.85,3,0.0,352.31
5151,CA-2017-125101,SH-19975,OFF-ST-10000675,10,905,Second Class,67.78,2,0.0,16.94
5152,CA-2017-169929,LS-17200,OFF-ST-10002352,525,146,First Class,39.9,5,0.0,10.37
5153,US-2014-121566,CS-11860,OFF-BI-10004528,165,480,Standard Class,2.69,1,0.2,0.84
5154,US-2014-121566,CS-11860,OFF-AR-10001026,165,480,Standard Class,6.6,3,0.0,2.9
5155,US-2015-124219,KW-16570,OFF-BI-10002215,526,977,First Class,28.4,4,0.0,13.06
5156,US-2015-124219,KW-16570,FUR-FU-10000305,526,977,First Class,212.94,3,0.0,34.07
5157,CA-2017-163006,GH-14410,TEC-PH-10002584,156,161,Second Class,1001.58,2,0.2,125.2
5158,CA-2017-163006,GH-14410,FUR-CH-10000229,156,161,Second Class,569.06,3,0.3,-178.85
5159,CA-2017-163006,GH-14410,FUR-FU-10003799,156,161,Second Class,14.22,2,0.6,-10.31
5160,CA-2015-156146,AG-10495,TEC-PH-10001700,346,663,Second Class,105.58,2,0.2,9.24
5161,CA-2015-156146,AG-10495,TEC-PH-10001527,346,663,Second Class,68.72,2,0.2,-14.6
5162,CA-2014-111192,TS-21430,FUR-BO-10002916,6,1022,Standard Class,1367.84,8,0.0,259.89
5163,CA-2016-115378,AJ-10945,FUR-CH-10000863,100,742,Second Class,301.96,2,0.0,33.22
5164,CA-2015-161627,SJ-20215,FUR-CH-10003968,55,381,Standard Class,170.35,3,0.2,-17.04
5165,CA-2014-121006,SC-20020,OFF-AR-10001149,375,850,Standard Class,3.9,2,0.0,1.52
5166,CA-2014-121006,SC-20020,OFF-PA-10000130,375,850,Standard Class,12.84,3,0.0,5.78
5167,CA-2014-121006,SC-20020,OFF-PA-10002479,375,850,Standard Class,15.84,3,0.0,7.13
5168,CA-2014-121006,SC-20020,FUR-CH-10004997,375,850,Standard Class,563.94,3,0.0,112.79
5169,CA-2014-121006,SC-20020,OFF-ST-10004950,375,850,Standard Class,62.94,3,0.0,11.96
5170,CA-2014-121006,SC-20020,OFF-ST-10001490,375,850,Standard Class,535.41,3,0.0,160.62
5171,CA-2016-122903,LA-16780,FUR-CH-10002024,186,1023,Second Class,3504.9,5,0.0,700.98
5172,CA-2016-122903,LA-16780,OFF-PA-10001790,186,1023,Second Class,144.12,3,0.0,69.18
5173,CA-2016-122903,LA-16780,OFF-PA-10000994,186,1023,Second Class,314.55,3,0.0,150.98
5174,CA-2015-107741,FC-14335,OFF-AR-10002399,261,937,First Class,3.41,1,0.2,0.89
5175,CA-2017-106432,CA-12265,OFF-BI-10002799,527,16,Standard Class,2.07,2,0.8,-3.52
5176,CA-2017-106432,CA-12265,FUR-BO-10004360,527,16,Standard Class,328.4,3,0.32,-91.76
5177,CA-2016-148908,JH-15985,OFF-BI-10002082,10,733,First Class,53.25,2,0.2,19.97
5178,CA-2016-123015,AJ-10795,OFF-BI-10004967,24,483,Standard Class,4.99,3,0.2,1.68
5179,US-2015-120502,BT-11395,FUR-FU-10004973,2,658,Standard Class,37.68,2,0.0,15.83
5180,US-2015-120502,BT-11395,TEC-PH-10003645,2,658,Standard Class,258.58,2,0.2,19.39
5181,US-2015-120502,BT-11395,OFF-AP-10004980,2,658,Standard Class,75.84,2,0.0,29.58
5182,CA-2017-108749,DJ-13510,OFF-PA-10003797,470,511,First Class,45.36,7,0.0,21.77
5183,CA-2017-108749,DJ-13510,OFF-BI-10003707,470,511,First Class,45.78,3,0.0,22.89
5184,CA-2017-163335,AG-10675,OFF-ST-10000885,113,242,First Class,40.29,3,0.0,10.07
5185,CA-2017-163335,AG-10675,OFF-BI-10002827,113,242,First Class,38.71,7,0.0,17.81
5186,CA-2015-134719,JD-15790,OFF-ST-10004459,134,999,Standard Class,1801.63,6,0.2,-337.81
5187,US-2015-154389,EH-14125,TEC-PH-10002789,12,155,Standard Class,748.75,8,0.4,-162.23
5188,CA-2015-115567,ZC-21910,TEC-AC-10001314,135,1024,Standard Class,199.96,4,0.0,16.0
5189,CA-2015-115567,ZC-21910,FUR-CH-10000015,135,1024,Standard Class,1516.2,7,0.0,394.21
5190,US-2017-136679,XP-21865,TEC-AC-10004855,90,238,Standard Class,167.95,6,0.2,-27.29
5191,US-2017-136679,XP-21865,OFF-AR-10003582,90,238,Standard Class,45.04,2,0.2,4.5
5192,US-2017-141943,DK-12985,OFF-EN-10003448,35,1025,Standard Class,23.16,2,0.0,11.58
5193,CA-2014-101560,CS-12250,FUR-FU-10003773,38,684,Second Class,397.6,5,0.0,43.74
5194,CA-2014-101560,CS-12250,OFF-PA-10001363,38,684,Second Class,85.96,7,0.0,40.4
5195,CA-2014-101560,CS-12250,OFF-AR-10004757,38,684,Second Class,13.12,4,0.0,4.33
5196,CA-2014-101560,CS-12250,OFF-BI-10000309,38,684,Second Class,45.66,3,0.0,22.37
5197,CA-2014-159709,AI-10855,OFF-EN-10001434,299,1026,Standard Class,158.13,3,0.0,77.48
5198,CA-2014-159709,AI-10855,TEC-PH-10003988,299,1026,Standard Class,43.6,5,0.2,4.36
5199,CA-2016-103982,AA-10315,OFF-SU-10000151,218,841,Standard Class,3930.07,3,0.2,-786.01
5200,CA-2016-103982,AA-10315,OFF-FA-10001332,218,841,Standard Class,2.3,1,0.2,0.78
5201,CA-2016-103982,AA-10315,TEC-PH-10000895,218,841,Standard Class,431.98,3,0.2,32.4
5202,CA-2016-103982,AA-10315,TEC-AC-10002857,218,841,Standard Class,41.72,7,0.2,5.74
5203,CA-2015-142454,RE-19450,FUR-FU-10004018,233,763,Standard Class,104.23,7,0.0,28.14
5204,CA-2015-142454,RE-19450,OFF-ST-10003638,233,763,Standard Class,70.26,3,0.0,18.97
5205,CA-2015-102015,TM-21010,OFF-AR-10004685,136,812,Standard Class,9.26,2,0.0,3.06
5206,CA-2015-102015,TM-21010,OFF-ST-10001713,136,812,Standard Class,105.98,2,0.0,4.24
5207,CA-2015-102015,TM-21010,OFF-FA-10000490,136,812,Standard Class,1.24,1,0.0,0.58
5208,CA-2015-102015,TM-21010,OFF-LA-10002043,136,812,Standard Class,20.7,2,0.0,9.94
5209,CA-2015-102015,TM-21010,OFF-PA-10002464,136,812,Standard Class,28.9,5,0.0,14.16
5210,CA-2015-102015,TM-21010,OFF-EN-10002504,136,812,Standard Class,27.18,1,0.0,12.77
5211,CA-2015-156755,YS-21880,OFF-ST-10002615,286,1027,Standard Class,465.18,3,0.0,120.95
5212,CA-2015-130876,AZ-10750,OFF-ST-10004258,24,794,Second Class,36.63,3,0.0,9.89
5213,CA-2016-145898,CM-12445,OFF-ST-10004507,72,183,Same Day,51.45,3,0.0,13.89
5214,CA-2016-145898,CM-12445,OFF-LA-10000262,72,183,Same Day,7.83,3,0.0,3.6
5215,CA-2016-145898,CM-12445,OFF-AR-10002445,72,183,Same Day,35.4,5,0.0,13.45
5216,CA-2016-145898,CM-12445,OFF-PA-10001667,72,183,Same Day,29.9,5,0.0,13.46
5217,US-2017-159562,JB-16000,OFF-EN-10000461,528,429,Standard Class,17.48,2,0.0,8.22
5218,CA-2017-134635,NS-18640,OFF-PA-10002254,14,5,Second Class,79.14,3,0.0,36.4
5219,CA-2017-167080,LC-16930,OFF-AR-10001868,165,194,Standard Class,8.4,5,0.0,4.2
5220,CA-2017-145653,CA-12775,FUR-CH-10004875,186,854,Same Day,498.26,7,0.0,134.53
5221,CA-2014-140487,SR-20425,FUR-BO-10000711,152,1028,Standard Class,212.94,3,0.0,57.49
5222,CA-2017-117401,PP-18955,OFF-AP-10000938,335,797,Second Class,706.86,7,0.0,197.92
5223,CA-2017-117401,PP-18955,TEC-PH-10003555,335,797,Second Class,114.95,5,0.0,2.3
5224,CA-2017-117401,PP-18955,OFF-BI-10001267,335,797,Second Class,43.19,7,0.0,20.73
5225,US-2017-109582,JM-15865,OFF-PA-10004071,2,511,Second Class,166.44,3,0.0,79.89
5226,CA-2016-119865,AS-10090,OFF-BI-10001553,165,1029,Standard Class,36.56,5,0.2,12.8
5227,CA-2016-119865,AS-10090,OFF-BI-10003007,165,1029,Standard Class,186.14,6,0.2,60.5
5228,CA-2016-119865,AS-10090,FUR-BO-10003272,165,1029,Standard Class,353.57,2,0.2,-44.2
5229,US-2014-147648,LS-16975,OFF-PA-10001033,10,36,Standard Class,81.98,2,0.0,40.17
5230,CA-2017-124436,SA-20830,OFF-BI-10001553,254,499,Second Class,14.62,2,0.2,5.12
5231,CA-2017-124436,SA-20830,FUR-TA-10001095,254,499,Second Class,697.16,5,0.2,8.71
5232,CA-2017-124436,SA-20830,FUR-FU-10001185,254,499,Second Class,30.93,1,0.0,12.68
5233,CA-2017-124436,SA-20830,OFF-BI-10000343,254,499,Second Class,27.5,7,0.2,9.28
5234,CA-2014-115084,LS-17200,FUR-CH-10004626,465,639,Standard Class,605.34,6,0.0,145.28
5235,CA-2017-131037,TM-21490,FUR-TA-10001768,95,1030,First Class,210.01,1,0.2,2.63
5236,CA-2016-111143,TT-21265,OFF-AP-10001947,305,259,First Class,54.96,3,0.0,15.94
5237,CA-2014-166744,DN-13690,FUR-FU-10004952,210,60,Standard Class,164.22,3,0.0,50.91
5238,CA-2014-166744,DN-13690,FUR-BO-10001337,210,60,Standard Class,362.94,3,0.0,36.29
5239,CA-2014-166744,DN-13690,TEC-AC-10003628,210,60,Standard Class,59.98,2,0.0,26.39
5240,CA-2016-116561,EB-14110,OFF-ST-10004186,59,109,Standard Class,332.94,3,0.0,6.66
5241,CA-2016-116561,EB-14110,OFF-BI-10001658,59,109,Standard Class,39.87,2,0.2,12.96
5242,CA-2016-110730,CM-11815,OFF-SU-10004737,61,714,Second Class,13.68,2,0.0,3.69
5243,CA-2017-146367,HM-14860,OFF-BI-10002827,297,1019,Standard Class,3.32,3,0.8,-5.64
5244,CA-2016-149454,KM-16375,OFF-BI-10003694,102,198,First Class,10.44,1,0.0,4.8
5245,CA-2016-156265,BF-11020,FUR-TA-10001691,4,1031,Second Class,136.46,2,0.2,15.35
5246,CA-2016-156265,BF-11020,TEC-PH-10001918,4,1031,Second Class,333.58,3,0.2,33.36
5247,CA-2016-156265,BF-11020,OFF-BI-10000285,4,1031,Second Class,12.54,2,0.2,4.7
5248,US-2015-168914,JE-15745,OFF-AP-10000358,529,1032,Standard Class,20.77,8,0.8,-52.96
5249,US-2017-110989,EJ-14155,TEC-AC-10002345,60,133,Second Class,43.5,3,0.0,10.88
5250,CA-2015-106215,BN-11470,OFF-FA-10001229,106,393,Standard Class,12.58,4,0.2,4.09
5251,US-2016-169369,EC-14050,TEC-AC-10001314,113,940,Standard Class,249.95,5,0.0,20.0
5252,US-2016-169369,EC-14050,OFF-PA-10004438,113,940,Standard Class,49.12,4,0.0,23.09
5253,CA-2015-132318,TT-21220,OFF-AP-10000026,221,629,First Class,182.91,3,0.0,53.04
5254,US-2014-131982,NP-18685,OFF-BI-10004224,120,1010,Second Class,107.65,2,0.2,33.64
5255,CA-2015-125185,AH-10195,FUR-CH-10002647,530,617,Second Class,99.37,2,0.3,-7.1
5256,CA-2015-125185,AH-10195,FUR-FU-10003247,530,617,Second Class,33.57,2,0.2,-5.45
5257,CA-2016-130078,CC-12145,OFF-PA-10003270,337,591,Standard Class,10.56,2,0.0,4.75
5258,US-2017-114034,DL-13315,OFF-PA-10004735,350,1033,Standard Class,38.88,6,0.0,18.66
5259,US-2017-115595,XP-21865,OFF-PA-10001745,4,450,First Class,35.2,5,0.0,16.54
5260,CA-2017-158722,MA-17560,OFF-PA-10000176,75,180,Standard Class,45.53,3,0.2,15.93
5261,CA-2014-105165,SZ-20035,TEC-PH-10000675,67,558,First Class,196.78,3,0.2,14.76
5262,CA-2014-105165,SZ-20035,OFF-BI-10000050,67,558,First Class,2.92,2,0.8,-4.82
5263,CA-2014-105165,SZ-20035,FUR-TA-10004154,67,558,First Class,200.8,1,0.3,-22.95
5264,CA-2014-105165,SZ-20035,TEC-AC-10002718,67,558,First Class,46.69,4,0.2,-2.92
5265,CA-2014-105165,SZ-20035,OFF-AR-10003179,67,558,First Class,21.86,3,0.2,3.55
5266,CA-2017-147452,CS-11845,OFF-PA-10001838,6,1034,First Class,11.76,2,0.0,5.76
5267,CA-2017-147452,CS-11845,OFF-PA-10004039,6,1034,First Class,167.94,3,0.0,82.29
5268,CA-2017-147452,CS-11845,OFF-AP-10001626,6,1034,First Class,3.89,1,0.0,1.01
5269,US-2017-114657,MH-18115,TEC-MA-10003173,232,674,Standard Class,52.44,4,0.0,24.12
5270,CA-2017-144484,CB-12025,FUR-FU-10000260,95,221,Same Day,32.36,4,0.0,11.65
5271,CA-2017-144484,CB-12025,OFF-AP-10004487,95,221,Same Day,406.6,5,0.0,113.85
5272,CA-2017-125913,JO-15145,FUR-FU-10001487,142,1035,Same Day,27.92,4,0.0,8.1
5273,CA-2017-125913,JO-15145,FUR-TA-10001520,142,1035,Same Day,399.67,7,0.2,-14.99
5274,US-2016-158309,PA-19060,OFF-BI-10000145,230,492,First Class,3.74,4,0.7,-2.62
5275,CA-2015-162887,SV-20785,FUR-CH-10000595,371,210,Second Class,715.2,3,0.0,178.8
5276,CA-2017-147333,KL-16555,TEC-AC-10004469,146,818,Standard Class,159.8,4,0.0,70.31
5277,CA-2017-147333,KL-16555,TEC-AC-10003038,146,818,Standard Class,44.75,5,0.0,8.5
5278,CA-2014-113859,BC-11125,FUR-CH-10004698,457,104,Standard Class,340.12,6,0.3,-9.72
5279,CA-2014-159681,PO-18850,OFF-PA-10003641,221,1036,Standard Class,105.52,4,0.0,48.54
5280,US-2017-104094,AG-10675,TEC-AC-10002134,202,211,Standard Class,13.48,1,0.0,1.89
5281,CA-2017-152709,DB-13210,OFF-ST-10001837,152,567,Standard Class,85.52,2,0.0,22.24
5282,CA-2015-105158,SP-20860,FUR-FU-10001706,39,578,Standard Class,6.16,2,0.0,2.96
5283,CA-2015-105158,SP-20860,OFF-PA-10001970,39,578,Standard Class,36.84,3,0.0,17.31
5284,CA-2014-133424,Dl-13600,OFF-ST-10002957,60,810,Standard Class,15.84,3,0.0,0.0
5285,CA-2014-133424,Dl-13600,OFF-LA-10002312,60,810,Standard Class,44.4,3,0.0,22.2
5286,CA-2017-105991,LH-17020,OFF-EN-10002600,128,1025,First Class,21.24,9,0.2,7.43
5287,CA-2017-105991,LH-17020,OFF-BI-10003274,128,1025,First Class,9.55,8,0.7,-7.32
5288,CA-2017-105991,LH-17020,FUR-BO-10004467,128,1025,First Class,89.99,3,0.7,-152.98
5289,US-2017-136784,AD-10180,OFF-PA-10000675,35,505,Standard Class,163.96,4,0.0,80.34
5290,CA-2014-146283,KT-16465,OFF-PA-10002259,67,79,Standard Class,17.9,2,0.2,6.27
5291,CA-2014-146283,KT-16465,FUR-CH-10004287,67,79,Standard Class,966.7,5,0.3,-13.81
5292,CA-2014-146283,KT-16465,OFF-PA-10000482,67,79,Standard Class,182.11,6,0.2,61.46
5293,CA-2017-151218,PJ-19015,OFF-ST-10004835,124,309,First Class,4.46,1,0.2,0.33
5294,CA-2015-111073,MC-18100,FUR-TA-10004086,82,208,Standard Class,51.59,1,0.4,-15.48
5295,CA-2017-144883,BO-11350,OFF-LA-10000305,531,734,Standard Class,50.4,8,0.0,23.18
5296,CA-2017-142174,DP-13000,OFF-PA-10000806,17,169,Standard Class,89.57,2,0.2,32.47
5297,CA-2017-108791,TM-21490,FUR-FU-10004018,232,945,Standard Class,14.89,1,0.0,4.02
5298,CA-2017-108791,TM-21490,TEC-PH-10002660,232,945,Standard Class,543.92,8,0.0,135.98
5299,CA-2016-106656,DV-13045,OFF-EN-10001509,89,714,First Class,4.08,2,0.0,1.92
5300,CA-2016-106656,DV-13045,OFF-LA-10003148,89,714,First Class,18.9,3,0.0,8.69
5301,CA-2016-113831,AH-10690,FUR-TA-10002645,29,199,Standard Class,2275.5,10,0.0,386.84
5302,CA-2016-113831,AH-10690,TEC-AC-10003033,29,199,Standard Class,1979.7,6,0.0,653.3
5303,CA-2016-113831,AH-10690,OFF-LA-10001297,29,199,Standard Class,62.1,6,0.0,29.81
5304,US-2014-139500,AB-10165,FUR-CH-10002017,68,913,Standard Class,37.3,2,0.3,-1.07
5305,US-2014-166310,JS-15940,FUR-FU-10001546,211,159,First Class,8.54,2,0.6,-7.48
5306,US-2016-168410,BV-11245,FUR-FU-10000629,188,824,Standard Class,68.95,5,0.0,28.96
5307,US-2016-168410,BV-11245,OFF-ST-10000036,188,824,Standard Class,296.37,3,0.0,80.02
5308,US-2016-168410,BV-11245,TEC-PH-10002583,188,824,Standard Class,39.98,2,0.0,2.0
5309,CA-2017-131254,NC-18415,FUR-CH-10003774,15,124,First Class,191.06,3,0.3,-46.4
5310,CA-2017-131254,NC-18415,OFF-AR-10003876,15,124,First Class,13.04,5,0.2,3.91
5311,CA-2017-131254,NC-18415,OFF-BI-10003527,15,124,First Class,1525.19,6,0.8,-2287.78
5312,CA-2016-123414,SU-20665,OFF-LA-10004559,255,1037,Standard Class,9.22,4,0.2,3.34
5313,CA-2016-123414,SU-20665,OFF-SU-10002573,255,1037,Standard Class,28.05,2,0.2,3.51
5314,CA-2017-137876,DJ-13510,FUR-FU-10000222,95,505,Standard Class,64.96,2,0.0,21.44
5315,CA-2017-137876,DJ-13510,OFF-EN-10001219,95,505,Standard Class,30.56,4,0.0,14.97
5316,CA-2016-154060,DL-12865,FUR-CH-10002304,308,441,Standard Class,187.06,9,0.2,11.69
5317,US-2017-162558,Dp-13240,FUR-FU-10002364,366,281,First Class,11.81,2,0.2,1.33
5318,US-2017-162558,Dp-13240,FUR-FU-10004864,366,281,First Class,9.66,1,0.2,1.57
5319,US-2017-162558,Dp-13240,OFF-PA-10003172,366,281,First Class,20.74,4,0.2,7.26
5320,US-2017-162558,Dp-13240,OFF-BI-10000977,366,281,First Class,27.36,3,0.7,-21.89
5321,US-2017-162558,Dp-13240,FUR-TA-10000198,366,281,First Class,2314.12,7,0.4,-1002.78
5322,US-2017-162558,Dp-13240,OFF-BI-10003984,366,281,First Class,34.24,4,0.7,-26.25
5323,US-2017-162558,Dp-13240,FUR-FU-10003691,366,281,First Class,19.76,2,0.2,5.93
5324,CA-2017-134439,TM-21010,OFF-PA-10004082,532,66,Second Class,15.96,2,0.0,7.98
5325,CA-2015-119508,TZ-21580,OFF-AR-10003723,469,785,Standard Class,16.9,5,0.0,6.25
5326,CA-2015-119508,TZ-21580,FUR-FU-10004270,469,785,Standard Class,25.08,6,0.0,9.03
5327,CA-2015-152681,SC-20260,OFF-AR-10003183,129,185,Standard Class,6.68,2,0.0,2.0
5328,CA-2014-130813,LS-17230,OFF-PA-10002005,14,1038,Second Class,19.44,3,0.0,9.33
5329,CA-2015-120320,MV-18190,TEC-PH-10000149,67,617,Standard Class,31.92,2,0.2,2.39
5330,CA-2016-111941,BD-11620,OFF-BI-10001524,46,592,Second Class,33.57,2,0.2,11.75
5331,CA-2016-123120,CV-12295,FUR-FU-10004748,165,914,Standard Class,63.94,1,0.0,24.94
5332,CA-2016-123120,CV-12295,OFF-BI-10001460,165,914,Standard Class,60.6,5,0.2,20.45
5333,CA-2016-123120,CV-12295,OFF-SU-10002503,165,914,Standard Class,22.72,4,0.0,6.59
5334,CA-2014-103331,KB-16315,FUR-FU-10001731,286,87,Standard Class,10.68,4,0.0,4.06
5335,CA-2014-103331,KB-16315,OFF-PA-10002160,286,87,Standard Class,17.34,3,0.0,8.5
5336,CA-2014-103331,KB-16315,OFF-PA-10002659,286,87,Standard Class,3.38,1,0.0,1.55
5337,CA-2015-169278,ME-18010,OFF-BI-10001636,60,1032,Standard Class,26.98,4,0.2,8.77
5338,CA-2017-111577,AJ-10780,OFF-PA-10000062,58,525,Standard Class,307.78,7,0.2,111.57
5339,CA-2015-146486,DV-13465,OFF-ST-10002554,188,530,Second Class,244.55,5,0.0,4.89
5340,CA-2015-146486,DV-13465,OFF-EN-10001509,188,530,Second Class,12.24,6,0.0,5.75
5341,CA-2015-146486,DV-13465,TEC-AC-10002018,188,530,Second Class,13.98,2,0.0,6.01
5342,CA-2015-146486,DV-13465,TEC-AC-10002637,188,530,Second Class,899.95,5,0.0,54.0
5343,US-2014-168501,JK-15325,OFF-EN-10001509,78,872,Standard Class,1.63,1,0.2,0.55
5344,US-2014-168501,JK-15325,TEC-PH-10004922,78,872,Standard Class,267.96,5,0.2,16.75
5345,CA-2015-112053,SH-20395,TEC-AC-10002550,145,3,Second Class,31.95,1,0.0,2.24
5346,CA-2017-108539,SC-20725,OFF-ST-10003208,63,709,Second Class,725.84,4,0.0,210.49
5347,CA-2017-108539,SC-20725,OFF-BI-10003981,63,709,Second Class,10.9,3,0.2,3.95
5348,CA-2017-108539,SC-20725,OFF-BI-10001031,63,709,Second Class,8.54,2,0.2,2.88
5349,CA-2015-149811,CS-12250,OFF-BI-10003676,533,1039,Standard Class,32.34,3,0.0,15.52
5350,CA-2015-149811,CS-12250,OFF-PA-10004082,533,1039,Standard Class,39.9,5,0.0,19.95
5351,US-2017-103814,LH-16900,OFF-PA-10001019,139,35,Standard Class,143.86,9,0.2,48.55
5352,CA-2016-123932,YC-21895,OFF-PA-10004665,163,48,Standard Class,41.92,4,0.2,15.2
5353,CA-2016-123932,YC-21895,TEC-PH-10002447,163,48,Standard Class,329.58,2,0.2,37.08
5354,US-2016-101616,CY-12745,OFF-BI-10000014,69,324,First Class,87.28,8,0.0,41.02
5355,CA-2014-113768,AH-10030,FUR-CH-10002439,26,9,Standard Class,279.46,6,0.2,20.96
5356,CA-2014-113768,AH-10030,OFF-PA-10003063,26,9,Standard Class,8.0,2,0.0,3.84
5357,CA-2016-138037,AR-10540,OFF-BI-10002982,10,322,Standard Class,27.24,5,0.2,9.53
5358,CA-2014-150490,SS-20590,TEC-AC-10004510,35,80,Standard Class,16.36,1,0.0,1.64
5359,CA-2014-150490,SS-20590,OFF-ST-10000321,35,80,Standard Class,15.78,2,0.0,0.63
5360,CA-2014-150490,SS-20590,OFF-AR-10004602,35,80,Standard Class,45.98,2,0.0,12.87
5361,US-2017-126060,DW-13585,FUR-BO-10003433,307,350,Standard Class,198.27,8,0.2,-32.22
5362,CA-2017-100951,NC-18625,OFF-ST-10001496,163,256,First Class,720.76,5,0.2,54.06
5363,CA-2016-122017,CD-11920,FUR-FU-10000672,478,724,Standard Class,70.56,6,0.0,23.99
5364,CA-2016-122017,CD-11920,OFF-AP-10001293,478,724,Standard Class,81.96,2,0.0,22.95
5365,CA-2014-123477,DW-13195,OFF-AP-10000692,331,1040,Second Class,64.86,4,0.2,6.49
5366,CA-2016-107790,EH-13990,TEC-PH-10004539,17,74,Standard Class,151.19,1,0.2,13.23
5367,CA-2017-158071,BD-11320,TEC-PH-10002923,6,194,Standard Class,88.78,3,0.2,7.77
5368,CA-2017-158071,BD-11320,OFF-LA-10004689,6,194,Standard Class,11.56,4,0.0,5.43
5369,CA-2017-158071,BD-11320,OFF-ST-10001228,6,194,Standard Class,15.58,1,0.0,3.9
5370,CA-2017-147403,KH-16630,OFF-PA-10003302,76,19,First Class,85.06,3,0.2,28.71
5371,US-2017-136721,NH-18610,FUR-FU-10004665,534,799,Standard Class,273.96,2,0.0,71.23
5372,US-2017-136721,NH-18610,FUR-FU-10004188,534,799,Standard Class,306.9,3,0.0,79.79
5373,CA-2015-118738,AG-10495,OFF-PA-10003177,17,1041,Standard Class,15.55,3,0.2,5.44
5374,CA-2015-118738,AG-10495,FUR-TA-10002607,17,1041,Standard Class,347.36,7,0.3,-69.47
5375,CA-2015-118738,AG-10495,OFF-PA-10001166,17,1041,Standard Class,10.37,2,0.2,3.63
5376,CA-2017-134152,RP-19855,TEC-AC-10004510,6,838,Standard Class,98.16,6,0.0,9.82
5377,CA-2017-134152,RP-19855,OFF-AR-10004062,6,838,Standard Class,31.44,3,0.0,7.86
5378,CA-2014-125542,NB-18655,OFF-EN-10000056,64,30,First Class,348.49,7,0.2,117.61
5379,CA-2014-125542,NB-18655,OFF-ST-10001469,64,30,First Class,172.74,4,0.2,-30.23
5380,CA-2016-136021,JM-15580,OFF-PA-10000551,63,1042,Standard Class,15.54,3,0.0,7.61
5381,CA-2016-136021,JM-15580,TEC-MA-10000423,63,1042,Standard Class,105.55,6,0.2,35.62
5382,CA-2016-149195,DM-13525,OFF-PA-10001870,33,65,Second Class,25.92,5,0.2,9.07
5383,CA-2016-149195,DM-13525,OFF-FA-10001843,33,65,Second Class,15.81,8,0.2,5.34
5384,CA-2016-149195,DM-13525,OFF-PA-10002036,33,65,Second Class,10.37,2,0.2,3.76
5385,CA-2017-161410,CC-12220,TEC-PH-10001760,106,336,Standard Class,358.2,3,0.4,41.79
5386,CA-2017-161410,CC-12220,TEC-PH-10000673,106,336,Standard Class,545.92,14,0.4,72.79
5387,CA-2017-152786,GA-14725,OFF-BI-10000829,535,847,Standard Class,40.41,9,0.0,18.59
5388,CA-2017-164707,CV-12805,TEC-PH-10001924,63,1043,Second Class,167.98,3,0.2,10.5
5389,CA-2017-164707,CV-12805,TEC-AC-10004864,63,1043,Second Class,109.53,3,0.0,47.1
5390,CA-2017-164707,CV-12805,OFF-LA-10004345,63,1043,Second Class,9.82,2,0.0,4.81
5391,CA-2017-163874,NC-18535,OFF-BI-10000088,60,469,Second Class,26.35,3,0.2,9.55
5392,US-2014-123183,GR-14560,OFF-LA-10002787,50,85,Standard Class,22.5,6,0.0,10.8
5393,US-2014-123183,GR-14560,OFF-LA-10001569,50,85,Standard Class,9.96,2,0.0,4.58
5394,US-2014-123183,GR-14560,OFF-BI-10002429,50,85,Standard Class,213.08,7,0.0,102.28
5395,US-2014-123183,GR-14560,FUR-BO-10000362,50,85,Standard Class,1025.88,6,0.0,235.95
5396,CA-2014-104829,JG-15805,OFF-PA-10003016,268,729,Second Class,21.98,7,0.0,9.89
5397,US-2016-147340,EB-13750,FUR-FU-10002501,95,447,Same Day,63.2,5,0.0,23.38
5398,CA-2016-145492,MC-17605,OFF-AP-10003622,26,74,Standard Class,39.0,12,0.0,11.31
5399,CA-2016-163202,BM-11650,OFF-BI-10002764,404,721,Standard Class,2.91,3,0.7,-2.03
5400,CA-2016-117681,HF-14995,FUR-BO-10001798,26,527,Standard Class,556.66,5,0.15,6.55
5401,CA-2017-132262,ML-18265,TEC-AC-10000158,6,297,First Class,71.98,2,0.0,15.12
5402,CA-2017-132262,ML-18265,TEC-AC-10000303,6,297,First Class,79.98,2,0.0,26.39
5403,CA-2017-123043,AH-10195,OFF-BI-10003910,24,1044,Standard Class,24.67,4,0.2,7.71
5404,CA-2017-123043,AH-10195,OFF-BI-10000138,24,1044,Standard Class,3.74,1,0.2,1.31
5405,US-2016-143280,TZ-21580,TEC-PH-10002398,63,713,Standard Class,445.96,5,0.2,55.74
5406,US-2016-143280,TZ-21580,TEC-AC-10003399,63,713,Standard Class,36.24,1,0.0,15.22
5407,US-2016-143280,TZ-21580,OFF-FA-10000992,63,713,Standard Class,10.65,3,0.0,5.01
5408,CA-2017-108854,DM-13345,OFF-PA-10003022,10,167,Standard Class,87.92,4,0.0,40.44
5409,CA-2017-108854,DM-13345,OFF-BI-10002854,10,167,Standard Class,22.42,1,0.2,8.41
5410,CA-2017-108854,DM-13345,OFF-BI-10001670,10,167,Standard Class,90.48,3,0.2,33.93
5411,CA-2017-108854,DM-13345,OFF-ST-10001837,10,167,Standard Class,42.76,1,0.0,11.12
5412,CA-2017-166856,TS-21505,OFF-BI-10002012,536,66,Standard Class,10.08,7,0.2,3.53
5413,CA-2017-166856,TS-21505,TEC-AC-10004992,536,66,Standard Class,101.34,3,0.0,8.11
5414,CA-2016-153157,TB-21625,TEC-PH-10003171,478,109,First Class,224.75,5,0.0,62.93
5415,US-2017-125647,LC-16870,OFF-AP-10000390,156,398,Standard Class,73.18,6,0.8,-197.58
5416,US-2017-125647,LC-16870,OFF-PA-10004888,156,398,Standard Class,20.74,4,0.2,7.26
5417,US-2017-125647,LC-16870,TEC-PH-10004188,156,398,Standard Class,39.98,2,0.2,-9.0
5418,CA-2014-132542,AM-10360,OFF-BI-10004099,199,192,Second Class,15.36,2,0.0,7.68
5419,CA-2015-110877,JE-15715,OFF-PA-10004621,17,925,First Class,36.29,7,0.2,12.7
5420,CA-2015-110877,JE-15715,TEC-PH-10002103,17,925,First Class,150.38,2,0.2,15.04
5421,US-2016-151827,CS-11950,TEC-PH-10002789,64,1045,Second Class,280.78,3,0.4,-60.84
5422,US-2016-151827,CS-11950,TEC-AC-10003289,64,1045,Second Class,31.98,2,0.2,1.2
5423,US-2016-163258,PF-19225,OFF-BI-10000138,63,724,Standard Class,11.23,3,0.2,3.93
5424,CA-2017-103009,PJ-18835,OFF-PA-10001215,127,133,Second Class,26.4,5,0.0,11.88
5425,US-2017-120649,JF-15490,OFF-AR-10001545,506,177,Standard Class,3.52,2,0.0,1.02
5426,CA-2016-153598,NM-18520,TEC-AC-10003870,63,276,First Class,1649.95,5,0.0,659.98
5427,CA-2016-153598,NM-18520,FUR-FU-10001085,63,276,First Class,111.9,6,0.0,51.47
5428,US-2016-108497,MH-17290,FUR-BO-10004218,2,404,Same Day,599.16,5,0.15,35.24
5429,CA-2016-113096,SZ-20035,OFF-ST-10003455,35,477,First Class,46.53,3,0.0,12.1
5430,CA-2014-136861,PR-18880,FUR-FU-10001967,105,743,First Class,31.98,2,0.2,2.0
5431,CA-2017-117422,FC-14245,OFF-AP-10000938,347,209,Standard Class,161.57,2,0.2,16.16
5432,CA-2017-117422,FC-14245,OFF-PA-10002195,347,209,Standard Class,4.06,1,0.2,1.37
5433,CA-2017-117422,FC-14245,OFF-BI-10002799,347,209,Standard Class,6.22,4,0.7,-4.97
5434,CA-2017-129707,LH-16750,OFF-AR-10000246,524,1017,Standard Class,8.9,4,0.2,0.67
5435,CA-2015-160171,RM-19675,OFF-AP-10000275,142,325,Standard Class,1640.7,5,0.0,459.4
5436,CA-2015-160171,RM-19675,TEC-AC-10000892,142,325,Standard Class,270.0,3,0.0,97.2
5437,CA-2014-103317,DM-13525,FUR-FU-10001591,184,261,First Class,19.52,2,0.2,5.37
5438,CA-2014-103317,DM-13525,OFF-BI-10001787,184,261,First Class,9.81,5,0.7,-6.87
5439,CA-2014-103317,DM-13525,FUR-FU-10003192,184,261,First Class,213.22,3,0.2,15.99
5440,CA-2016-167115,EH-14185,OFF-BI-10004600,46,959,Standard Class,588.78,2,0.2,184.0
5441,US-2017-153633,TC-21295,OFF-AR-10002335,537,39,Second Class,2.06,1,0.2,0.15
5442,CA-2017-155929,AI-10855,OFF-PA-10000859,277,429,Standard Class,6.37,2,0.2,2.39
5443,CA-2015-148712,JM-15535,TEC-AC-10003198,46,787,Standard Class,99.6,1,0.0,36.85
5444,CA-2015-148712,JM-15535,OFF-BI-10001900,46,787,Standard Class,62.3,13,0.2,21.02
5445,CA-2015-148712,JM-15535,OFF-AR-10000614,46,787,Standard Class,10.71,3,0.0,2.78
5446,CA-2016-128307,BE-11335,OFF-EN-10003040,17,198,Standard Class,20.94,1,0.2,7.07
5447,US-2016-127425,DR-12880,TEC-PH-10003442,46,371,Standard Class,33.0,6,0.0,8.25
5448,US-2016-127425,DR-12880,TEC-AC-10002800,46,371,Standard Class,249.95,5,0.0,87.48
5449,US-2014-119081,TA-21385,OFF-SU-10000157,311,172,Standard Class,357.93,3,0.0,7.16
5450,US-2014-119081,TA-21385,TEC-AC-10001542,311,172,Standard Class,57.4,5,0.0,10.91
5451,US-2014-119081,TA-21385,OFF-BI-10004519,311,172,Standard Class,331.96,2,0.0,149.38
5452,US-2014-119081,TA-21385,FUR-FU-10003464,311,172,Standard Class,40.56,2,0.0,12.98
5453,CA-2016-140613,KN-16705,OFF-SU-10004261,385,406,Standard Class,86.2,5,0.0,25.0
5454,US-2017-108700,PJ-18835,OFF-PA-10004733,229,241,Standard Class,38.02,6,0.2,13.78
5455,CA-2017-160962,MC-17605,OFF-ST-10001325,106,1046,Standard Class,8.38,1,0.2,0.73
5456,CA-2017-160962,MC-17605,OFF-AR-10003056,106,1046,Standard Class,6.85,2,0.2,0.77
5457,CA-2017-130631,BS-11755,OFF-FA-10000089,200,615,Standard Class,19.6,5,0.0,9.6
5458,CA-2017-130631,BS-11755,FUR-FU-10004093,200,615,Standard Class,68.46,2,0.0,20.54
5459,CA-2017-116680,PK-19075,OFF-BI-10004022,35,508,Second Class,13.34,6,0.2,4.34
5460,CA-2017-116680,PK-19075,FUR-TA-10001771,35,508,Second Class,1478.27,8,0.2,92.39
5461,US-2014-107405,TS-21205,OFF-ST-10002301,197,91,Standard Class,16.27,1,0.2,-3.86
5462,CA-2017-101574,BD-11725,FUR-FU-10001706,4,395,Standard Class,9.24,3,0.0,4.44
5463,CA-2014-146591,TS-21340,OFF-BI-10003676,58,1047,First Class,32.34,10,0.7,-23.72
5464,CA-2014-146591,TS-21340,OFF-PA-10000659,58,1047,First Class,56.06,4,0.2,19.62
5465,CA-2014-146591,TS-21340,OFF-EN-10002504,58,1047,First Class,108.72,5,0.2,36.69
5466,CA-2014-146591,TS-21340,FUR-BO-10001972,58,1047,First Class,181.47,5,0.7,-320.6
5467,CA-2014-107706,ST-20530,OFF-PA-10000466,15,1048,Second Class,16.18,3,0.2,6.07
5468,CA-2016-122448,DB-13210,FUR-CH-10002774,10,633,Standard Class,122.35,3,0.2,13.76
5469,CA-2014-132451,KF-16285,FUR-CH-10000454,189,468,First Class,585.55,3,0.2,73.19
5470,CA-2014-132451,KF-16285,OFF-PA-10004888,189,468,First Class,19.44,3,0.0,9.33
5471,CA-2016-158547,JM-16195,OFF-AP-10003842,73,199,Standard Class,123.92,5,0.2,9.29
5472,CA-2017-116946,TS-21505,FUR-FU-10000320,148,485,Standard Class,13.36,5,0.2,4.01
5473,CA-2017-116946,TS-21505,OFF-ST-10002554,148,485,Standard Class,78.26,2,0.2,-17.61
5474,CA-2017-116946,TS-21505,FUR-BO-10000468,148,485,Standard Class,102.02,7,0.7,-183.63
5475,CA-2017-121741,YC-21895,OFF-ST-10004459,11,378,Same Day,750.68,2,0.0,37.53
5476,CA-2017-169691,Dp-13240,OFF-LA-10002312,433,141,First Class,44.4,3,0.0,22.2
5477,CA-2017-169691,Dp-13240,OFF-ST-10001291,433,141,First Class,84.55,5,0.0,22.83
5478,CA-2017-169691,Dp-13240,OFF-PA-10003022,433,141,First Class,17.94,3,0.0,8.79
5479,CA-2016-121356,SJ-20500,OFF-BI-10002133,286,74,Standard Class,128.4,3,0.0,62.92
5480,CA-2014-101770,KB-16240,OFF-BI-10001097,124,692,Standard Class,1.87,1,0.7,-1.31
5481,CA-2017-105487,CS-12250,TEC-PH-10001336,189,1049,Standard Class,103.19,1,0.2,11.61
5482,CA-2017-105487,CS-12250,TEC-AC-10002305,189,1049,Standard Class,36.0,2,0.0,6.48
5483,CA-2017-105487,CS-12250,TEC-AC-10003610,189,1049,Standard Class,239.96,4,0.0,115.18
5484,CA-2017-105487,CS-12250,OFF-ST-10002301,189,1049,Standard Class,40.68,2,0.0,0.41
5485,CA-2017-148999,EB-13870,FUR-CH-10002044,230,290,Standard Class,419.14,4,0.2,-68.11
5486,CA-2014-107573,PB-19150,OFF-EN-10001099,329,433,Standard Class,23.47,3,0.2,7.63
5487,CA-2015-156608,MT-18070,OFF-BI-10004140,66,1041,Standard Class,3.59,4,0.8,-6.29
5488,CA-2017-134495,BF-11020,TEC-PH-10004897,134,720,Second Class,23.98,3,0.2,-5.69
5489,CA-2017-134495,BF-11020,OFF-LA-10000262,134,720,Second Class,6.26,3,0.2,2.04
5490,CA-2017-134495,BF-11020,OFF-AP-10002222,134,720,Second Class,20.81,3,0.2,1.82
5491,CA-2017-134495,BF-11020,FUR-CH-10003774,134,720,Second Class,218.35,3,0.2,-19.11
5492,CA-2017-164098,CG-12520,OFF-ST-10000615,33,796,First Class,18.16,2,0.2,1.82
5493,CA-2014-105249,DH-13675,OFF-SU-10001225,35,684,Same Day,7.36,2,0.0,0.15
5494,CA-2014-105249,DH-13675,OFF-LA-10002043,35,684,Same Day,41.4,4,0.0,19.87
5495,CA-2014-105249,DH-13675,FUR-BO-10000330,35,684,Same Day,411.33,4,0.15,-4.84
5496,CA-2015-113523,SC-20440,OFF-BI-10001249,12,407,Standard Class,7.66,4,0.7,-6.12
5497,CA-2017-117821,HG-15025,TEC-AC-10004469,369,493,Standard Class,63.92,2,0.2,19.18
5498,CA-2017-164378,MM-18055,OFF-AR-10001177,24,664,Second Class,6.56,2,0.0,1.9
5499,CA-2017-164378,MM-18055,OFF-LA-10000634,24,664,Second Class,7.83,3,0.0,3.6
5500,CA-2017-164378,MM-18055,TEC-AC-10004708,24,664,Second Class,41.9,2,0.0,8.8
5501,CA-2017-164378,MM-18055,FUR-CH-10002084,24,664,Second Class,664.15,6,0.1,88.55
5502,CA-2017-164378,MM-18055,OFF-PA-10004519,24,664,Second Class,8.96,2,0.0,4.39
5503,CA-2017-127782,TH-21115,FUR-FU-10001847,12,809,Standard Class,3.31,1,0.2,0.66
5504,CA-2017-127782,TH-21115,OFF-AP-10001962,12,809,Standard Class,20.14,3,0.2,1.26
5505,CA-2017-127782,TH-21115,OFF-EN-10003845,12,809,Standard Class,8.86,3,0.2,2.88
5506,CA-2017-127782,TH-21115,TEC-PH-10001817,12,809,Standard Class,859.2,4,0.4,-186.16
5507,US-2016-162026,JE-15745,OFF-PA-10000167,2,751,Same Day,61.96,2,0.0,27.88
5508,CA-2016-150000,PG-18820,OFF-EN-10002973,270,144,Standard Class,17.92,4,0.0,8.6
5509,CA-2015-168529,MB-17305,FUR-FU-10001588,35,1050,Standard Class,145.9,5,0.0,62.74
5510,US-2017-152569,JD-16015,OFF-PA-10001736,156,357,Standard Class,56.7,2,0.2,19.14
5511,US-2017-152569,JD-16015,TEC-PH-10002185,156,357,Standard Class,11.12,2,0.2,3.48
5512,US-2014-137680,JH-15430,OFF-PA-10000174,326,1051,Standard Class,32.9,4,0.2,11.1
5513,US-2014-137680,JH-15430,OFF-PA-10000069,326,1051,Standard Class,22.78,3,0.2,7.69
5514,CA-2015-103177,EN-13780,TEC-PH-10001795,30,1052,First Class,239.97,3,0.0,2.4
5515,CA-2015-103177,EN-13780,OFF-AP-10004540,30,1052,First Class,160.32,2,0.0,44.89
5516,CA-2015-103177,EN-13780,TEC-PH-10001527,30,1052,First Class,128.85,3,0.0,3.87
5517,US-2016-138408,KC-16255,TEC-AC-10003870,365,742,Second Class,1319.96,4,0.0,527.98
5518,CA-2017-117667,MS-17980,FUR-CH-10004540,64,770,Standard Class,239.96,10,0.3,-10.28
5519,CA-2017-117667,MS-17980,FUR-FU-10004093,64,770,Standard Class,54.77,2,0.2,6.85
5520,CA-2017-117667,MS-17980,OFF-AR-10000716,64,770,Standard Class,13.39,3,0.2,3.18
5521,CA-2017-117667,MS-17980,OFF-PA-10002709,64,770,Standard Class,23.92,5,0.2,8.67
5522,CA-2017-117667,MS-17980,TEC-AC-10000580,64,770,Standard Class,255.97,4,0.2,-28.8
5523,CA-2016-110982,CK-12205,OFF-BI-10000829,87,411,First Class,21.55,6,0.2,7.0
5524,CA-2016-110982,CK-12205,OFF-AP-10004859,87,411,First Class,58.24,4,0.0,15.72
5525,CA-2016-147123,SJ-20125,OFF-PA-10000575,107,108,First Class,80.28,12,0.0,36.93
5526,CA-2017-154501,EA-14035,OFF-AR-10002804,142,505,Standard Class,9.78,2,0.0,4.01
5527,CA-2017-166933,MG-17890,OFF-FA-10002676,538,559,Standard Class,1.81,1,0.0,0.65
5528,CA-2015-142055,AB-10255,OFF-PA-10003465,30,413,First Class,37.94,2,0.0,18.21
5529,CA-2015-137106,SC-20260,TEC-PH-10000011,134,1053,Standard Class,79.96,5,0.2,27.99
5530,CA-2017-136609,TB-21355,OFF-PA-10004381,539,635,Standard Class,115.3,3,0.2,40.35
5531,CA-2017-160885,JK-16090,TEC-PH-10001795,199,575,Standard Class,2479.96,4,0.0,743.99
5532,US-2016-167472,CK-12595,TEC-AC-10001109,367,113,First Class,179.94,6,0.0,75.57
5533,US-2016-167472,CK-12595,TEC-AC-10003038,367,113,First Class,26.85,3,0.0,5.1
5534,US-2016-167472,CK-12595,TEC-AC-10003174,367,113,First Class,323.37,3,0.0,129.35
5535,US-2016-167472,CK-12595,OFF-PA-10000157,367,113,First Class,59.94,3,0.0,28.17
5536,US-2016-167472,CK-12595,OFF-BI-10001721,367,113,First Class,64.14,3,0.0,30.79
5537,US-2016-167472,CK-12595,OFF-BI-10000591,367,113,First Class,11.67,3,0.0,5.6
5538,US-2016-167472,CK-12595,OFF-PA-10001534,367,113,First Class,12.96,2,0.0,6.22
5539,CA-2015-120551,SS-20590,OFF-BI-10002071,540,658,Standard Class,17.43,3,0.0,8.02
5540,US-2017-150595,LE-16810,FUR-CH-10000513,156,1054,Standard Class,181.99,2,0.3,-54.6
5541,US-2017-150595,LE-16810,OFF-BI-10003274,156,1054,Standard Class,1.59,2,0.8,-2.63
5542,US-2017-150595,LE-16810,OFF-SU-10000381,156,1054,Standard Class,22.34,3,0.2,2.51
5543,CA-2016-134936,ES-14080,FUR-TA-10001086,116,1055,Standard Class,455.97,6,0.5,-218.87
5544,CA-2016-134936,ES-14080,OFF-BI-10000174,116,1055,Standard Class,10.44,6,0.7,-7.66
5545,CA-2016-134936,ES-14080,OFF-BI-10002103,116,1055,Standard Class,5.21,2,0.7,-4.17
5546,CA-2017-102967,MG-17890,OFF-ST-10001590,209,586,Standard Class,67.4,5,0.0,17.52
5547,CA-2017-151008,JM-16195,FUR-FU-10002396,541,211,First Class,25.16,2,0.0,10.57
5548,CA-2017-151008,JM-16195,TEC-PH-10002807,541,211,First Class,126.56,4,0.2,47.46
5549,CA-2014-159800,SG-20470,OFF-AP-10004859,10,684,First Class,43.68,3,0.0,11.79
5550,CA-2014-159800,SG-20470,TEC-AC-10003447,10,684,First Class,139.93,7,0.0,34.98
5551,US-2014-159618,DB-12970,OFF-AR-10003183,67,608,Standard Class,2.67,1,0.2,0.33
5552,US-2014-159618,DB-12970,OFF-SU-10000432,67,608,Standard Class,16.66,6,0.2,-3.12
5553,US-2014-159618,DB-12970,TEC-AC-10003832,67,608,Standard Class,79.51,3,0.2,20.87
5554,US-2014-159618,DB-12970,OFF-PA-10004100,67,608,Standard Class,36.29,7,0.2,12.7
5555,US-2014-159618,DB-12970,FUR-BO-10004467,67,608,Standard Class,67.99,1,0.32,-13.0
5556,CA-2017-116113,JW-15220,FUR-FU-10002963,154,281,Second Class,10.16,2,0.0,3.45
5557,CA-2015-125066,KD-16495,FUR-FU-10003829,130,640,Standard Class,6.16,2,0.0,1.97
5558,CA-2015-125066,KD-16495,OFF-AR-10003582,130,640,Standard Class,56.3,2,0.0,15.76
5559,US-2015-114741,IL-15100,OFF-PA-10000048,284,402,Standard Class,6.48,1,0.0,3.11
5560,US-2015-114741,IL-15100,OFF-ST-10000078,284,402,Standard Class,1325.85,5,0.0,238.65
5561,US-2015-114741,IL-15100,OFF-LA-10004853,284,402,Standard Class,14.94,3,0.0,6.87
5562,CA-2017-133263,JE-15610,OFF-BI-10001153,149,186,Second Class,34.54,1,0.0,17.27
5563,CA-2017-133263,JE-15610,TEC-CO-10001449,149,186,Second Class,2999.95,5,0.0,1439.98
5564,CA-2017-133263,JE-15610,OFF-BI-10000474,149,186,Second Class,64.12,4,0.0,30.78
5565,CA-2017-157966,SU-20665,OFF-AR-10000799,27,678,Same Day,19.46,4,0.2,2.19
5566,CA-2017-157966,SU-20665,TEC-MA-10002109,27,678,Same Day,209.99,2,0.3,9.0
5567,CA-2017-157966,SU-20665,OFF-AR-10003338,27,678,Same Day,29.76,5,0.2,1.86
5568,CA-2017-157966,SU-20665,FUR-CH-10003606,27,678,Same Day,89.77,1,0.3,-2.56
5569,CA-2017-157966,SU-20665,TEC-CO-10001449,27,678,Same Day,959.98,2,0.2,335.99
5570,CA-2017-157966,SU-20665,OFF-PA-10001934,27,678,Same Day,15.55,3,0.2,5.64
5571,CA-2017-157966,SU-20665,TEC-PH-10001527,27,678,Same Day,34.36,1,0.2,-7.3
5572,CA-2014-151162,EA-14035,OFF-PA-10001033,48,30,Standard Class,98.38,3,0.2,35.66
5573,CA-2014-151162,EA-14035,OFF-BI-10003719,48,30,Standard Class,29.94,4,0.7,-23.95
5574,CA-2014-151162,EA-14035,OFF-PA-10003036,48,30,Standard Class,17.47,3,0.2,5.68
5575,CA-2014-151162,EA-14035,TEC-PH-10001870,48,30,Standard Class,36.74,1,0.4,-9.18
5576,CA-2014-151162,EA-14035,TEC-PH-10001809,48,30,Standard Class,179.94,2,0.4,-44.98
5577,CA-2016-136686,RF-19840,FUR-FU-10004864,55,940,Standard Class,383.64,6,0.0,122.76
5578,CA-2016-136686,RF-19840,OFF-AP-10002350,55,940,Standard Class,56.52,3,0.0,15.83
5579,CA-2017-137498,LC-17050,OFF-AR-10003829,26,429,Second Class,6.56,2,0.0,1.9
5580,CA-2017-137498,LC-17050,FUR-CH-10003833,26,429,Second Class,243.92,5,0.2,-15.24
5581,CA-2017-137498,LC-17050,OFF-PA-10000143,26,429,Second Class,47.52,9,0.0,22.81
5582,CA-2017-163818,PS-18970,FUR-FU-10000076,235,1056,Standard Class,19.98,1,0.0,8.59
5583,CA-2016-161158,PS-18970,OFF-AR-10000462,24,196,Standard Class,8.0,5,0.0,3.44
5584,CA-2014-116673,JO-15280,FUR-FU-10003829,89,535,Second Class,6.16,2,0.0,1.97
5585,CA-2017-105333,VP-21730,OFF-ST-10002182,165,330,Standard Class,83.56,4,0.0,1.67
5586,CA-2017-105333,VP-21730,TEC-PH-10001468,165,330,Standard Class,546.06,3,0.0,163.82
5587,CA-2017-105333,VP-21730,OFF-ST-10001809,165,330,Standard Class,269.49,3,0.0,5.39
5588,CA-2015-149993,GA-14725,OFF-FA-10001561,195,532,First Class,10.9,5,0.0,3.6
5589,CA-2014-168158,EM-14140,OFF-BI-10001759,151,867,Standard Class,6.1,2,0.2,2.21
5590,CA-2016-115224,DB-13615,OFF-ST-10000615,95,17,Second Class,34.05,3,0.0,9.53
5591,CA-2016-115224,DB-13615,OFF-ST-10003816,95,17,Second Class,352.38,2,0.0,81.05
5592,CA-2014-164742,ML-17395,FUR-CH-10002880,101,304,Second Class,245.98,2,0.0,27.06
5593,CA-2014-164742,ML-17395,OFF-BI-10004738,101,304,Second Class,18.94,1,0.0,9.47
5594,US-2017-108014,JH-15430,OFF-BI-10003984,178,124,Standard Class,59.91,7,0.7,-45.93
5595,CA-2017-160325,BP-11095,TEC-PH-10000984,129,242,Same Day,391.98,2,0.0,109.75
5596,CA-2017-160325,BP-11095,TEC-PH-10001944,129,242,Same Day,437.85,3,0.0,131.35
5597,CA-2015-159779,SB-20185,OFF-BI-10002735,209,13,Standard Class,68.62,2,0.0,32.25
5598,CA-2017-151176,SV-20785,OFF-SU-10001165,309,779,Standard Class,25.02,3,0.0,6.51
5599,CA-2017-151176,SV-20785,OFF-AR-10000614,309,779,Standard Class,10.71,3,0.0,2.78
5600,CA-2014-108903,DO-13435,OFF-AR-10004010,48,463,Same Day,55.98,2,0.2,4.2
5601,CA-2014-108903,DO-13435,OFF-EN-10004030,48,463,Same Day,14.48,5,0.2,4.89
5602,CA-2014-108903,DO-13435,TEC-AC-10003023,48,463,Same Day,142.49,3,0.2,-3.56
5603,CA-2016-117919,TB-21355,OFF-ST-10003572,17,279,Second Class,14.16,1,0.2,1.06
5604,CA-2016-117919,TB-21355,OFF-PA-10004353,17,279,Second Class,79.92,5,0.2,27.97
5605,CA-2015-142475,BS-11380,OFF-BI-10003718,165,156,Standard Class,590.35,6,0.2,206.62
5606,CA-2016-134516,FM-14215,FUR-FU-10001546,308,874,Standard Class,17.09,2,0.2,1.07
5607,CA-2016-134516,FM-14215,FUR-CH-10002880,308,874,Standard Class,98.39,1,0.2,-11.07
5608,CA-2017-105193,JL-15835,OFF-AR-10001547,24,614,Standard Class,11.05,5,0.0,2.98
5609,CA-2015-168634,AF-10870,OFF-AP-10001626,10,402,Standard Class,7.78,2,0.0,2.02
5610,CA-2017-117198,BG-11035,TEC-AC-10003033,69,516,Standard Class,659.9,2,0.0,217.77
5611,CA-2015-145828,MB-17305,TEC-AC-10002323,94,349,First Class,53.04,3,0.2,-4.64
5612,CA-2017-121027,HW-14935,TEC-AC-10002049,60,239,Standard Class,843.9,2,0.0,371.32
5613,CA-2017-121027,HW-14935,TEC-AC-10002253,60,239,Standard Class,1496.16,9,0.0,224.42
5614,CA-2016-147431,AB-10105,OFF-ST-10003994,165,1057,Standard Class,117.96,2,0.0,5.9
5615,CA-2016-158001,JP-15460,OFF-AR-10002399,46,829,Standard Class,21.3,5,0.0,8.73
5616,CA-2016-158001,JP-15460,OFF-AP-10002118,46,829,Standard Class,1040.8,5,0.0,281.02
5617,CA-2016-158001,JP-15460,OFF-AR-10001954,46,829,Standard Class,29.34,6,0.0,7.92
5618,CA-2017-125745,DV-13045,FUR-FU-10001591,32,161,Standard Class,19.52,2,0.2,5.37
5619,CA-2015-101154,CM-12190,OFF-ST-10004186,189,228,First Class,443.92,4,0.0,8.88
5620,US-2016-124163,SC-20695,TEC-AC-10001908,500,478,Standard Class,499.95,5,0.0,174.98
5621,US-2016-124163,SC-20695,OFF-AR-10000817,500,478,Standard Class,3.04,1,0.0,1.03
5622,US-2016-124163,SC-20695,FUR-CH-10004218,500,478,Standard Class,201.96,2,0.0,50.49
5623,US-2016-124163,SC-20695,FUR-FU-10000755,500,478,Standard Class,68.64,11,0.0,17.16
5624,CA-2016-121748,VW-21775,TEC-AC-10003063,4,1058,Second Class,100.0,4,0.0,21.0
5625,CA-2016-121748,VW-21775,TEC-AC-10002637,4,1058,Second Class,359.98,2,0.0,21.6
5626,CA-2014-126683,PP-18955,FUR-FU-10001706,61,412,Second Class,6.16,2,0.0,2.96
5627,CA-2014-126683,PP-18955,FUR-TA-10002958,61,412,Second Class,2348.82,9,0.0,399.3
5628,CA-2017-148810,DR-12880,OFF-LA-10004689,124,336,Standard Class,13.87,6,0.2,4.68
5629,CA-2017-148810,DR-12880,FUR-CH-10001545,124,336,Standard Class,273.55,3,0.2,-13.68
5630,US-2016-146066,RB-19465,FUR-TA-10002530,106,1037,Second Class,815.29,9,0.4,-339.7
5631,CA-2014-127614,NF-18385,TEC-AC-10001432,338,1059,Standard Class,234.45,3,0.0,103.16
5632,CA-2014-127614,NF-18385,FUR-TA-10003715,338,1059,Standard Class,1256.22,6,0.0,75.37
5633,CA-2014-127614,NF-18385,OFF-BI-10003291,338,1059,Standard Class,17.46,2,0.0,8.21
5634,CA-2016-101742,CR-12580,OFF-BI-10004187,30,714,Second Class,10.53,7,0.2,3.68
5635,CA-2015-134943,SU-20665,OFF-BI-10000666,542,902,First Class,152.8,5,0.0,76.4
5636,CA-2017-123022,SC-20050,OFF-BI-10002225,543,214,Standard Class,82.56,5,0.2,28.9
5637,CA-2017-123022,SC-20050,TEC-AC-10000474,543,214,Standard Class,284.97,3,0.0,85.49
5638,CA-2017-113208,ML-18040,FUR-FU-10004245,166,607,Standard Class,60.84,3,0.0,23.12
5639,CA-2014-154893,GM-14440,FUR-CH-10004287,143,1060,Standard Class,1325.76,6,0.2,149.15
5640,CA-2014-154893,GM-14440,FUR-CH-10000595,143,1060,Standard Class,572.16,3,0.2,35.76
5641,CA-2014-147900,JK-15640,OFF-PA-10003063,347,866,Standard Class,28.8,9,0.2,10.08
5642,CA-2017-106355,AT-10435,OFF-AR-10000246,317,460,First Class,11.12,4,0.0,2.89
5643,CA-2016-127985,DB-12910,FUR-FU-10003274,113,179,Second Class,7.04,4,0.0,3.1
5644,CA-2015-166604,AH-10690,OFF-EN-10004147,237,1061,Second Class,17.94,3,0.0,8.79
5645,CA-2017-120719,SJ-20125,OFF-BI-10002103,60,722,First Class,34.76,5,0.2,11.3
5646,CA-2017-127117,HM-14860,FUR-FU-10004018,93,350,Standard Class,74.45,5,0.0,20.1
5647,CA-2015-104241,AG-10495,FUR-FU-10001473,213,1039,Standard Class,192.22,14,0.0,69.2
5648,CA-2017-168179,JB-16000,OFF-PA-10001800,364,809,Standard Class,19.44,3,0.0,9.33
5649,CA-2017-142342,AJ-10795,OFF-PA-10004609,431,730,Second Class,32.4,5,0.0,15.55
5650,CA-2017-142342,AJ-10795,OFF-EN-10002592,431,730,Second Class,57.9,5,0.0,28.95
5651,CA-2017-142342,AJ-10795,OFF-ST-10002957,431,730,Second Class,10.56,2,0.0,0.0
5652,CA-2017-142342,AJ-10795,FUR-BO-10002613,431,730,Second Class,1194.16,5,0.15,210.74
5653,CA-2017-109099,MM-18280,OFF-PA-10001033,30,834,Standard Class,40.99,1,0.0,20.09
5654,US-2014-134187,TH-21235,OFF-AR-10000940,107,131,Standard Class,2.94,1,0.0,0.79
5655,CA-2016-145261,AH-10120,OFF-BI-10001670,161,123,First Class,45.24,4,0.7,-30.16
5656,CA-2016-145261,AH-10120,OFF-AR-10004078,161,123,First Class,18.69,4,0.2,2.34
5657,CA-2016-145261,AH-10120,OFF-PA-10003036,161,123,First Class,11.65,2,0.2,3.79
5658,CA-2016-145261,AH-10120,TEC-AC-10000991,161,123,First Class,112.78,3,0.2,-8.46
5659,CA-2016-145261,AH-10120,FUR-TA-10002530,161,123,First Class,377.45,5,0.5,-264.21
5660,CA-2016-145261,AH-10120,OFF-LA-10000407,161,123,First Class,15.94,4,0.2,5.18
5661,CA-2016-145261,AH-10120,TEC-PH-10004833,161,123,First Class,28.68,3,0.2,-7.17
5662,CA-2016-108875,CL-12700,FUR-FU-10002671,43,447,Standard Class,21.44,2,0.2,7.5
5663,CA-2016-108875,CL-12700,OFF-ST-10001370,43,447,Standard Class,511.06,9,0.2,-95.82
5664,CA-2016-141957,JG-15310,OFF-AR-10000914,56,659,Same Day,18.66,2,0.2,1.4
5665,CA-2016-141957,JG-15310,OFF-BI-10001116,56,659,Same Day,11.09,7,0.7,-8.13
5666,CA-2016-141957,JG-15310,OFF-ST-10002276,56,659,Same Day,66.69,1,0.2,4.17
5667,CA-2016-141957,JG-15310,OFF-ST-10004340,56,659,Same Day,99.49,2,0.2,8.71
5668,CA-2016-142405,SE-20110,OFF-LA-10004093,6,726,Standard Class,14.62,2,0.0,6.87
5669,CA-2016-142405,SE-20110,OFF-BI-10004728,6,726,Standard Class,53.98,14,0.2,17.54
5670,CA-2016-142405,SE-20110,TEC-AC-10003095,6,726,Standard Class,389.97,3,0.0,132.59
5671,CA-2015-141012,TG-21640,FUR-FU-10003192,544,989,Second Class,355.36,4,0.0,92.39
5672,CA-2015-141012,TG-21640,TEC-PH-10004522,544,989,Second Class,140.38,3,0.2,8.77
5673,CA-2017-127922,SH-19975,OFF-EN-10003068,177,856,Standard Class,15.84,2,0.2,5.54
5674,CA-2017-127922,SH-19975,OFF-PA-10001204,177,856,Standard Class,8.45,2,0.2,2.64
5675,CA-2016-146318,MC-17275,OFF-PA-10003953,60,116,Standard Class,12.96,2,0.0,6.22
5676,CA-2014-135993,PJ-18835,TEC-PH-10001552,61,1062,Standard Class,57.41,6,0.2,5.74
5677,CA-2014-135993,PJ-18835,TEC-AC-10004877,61,1062,Standard Class,27.6,4,0.0,2.21
5678,CA-2014-126802,ZC-21910,FUR-FU-10000193,27,283,Standard Class,38.98,3,0.6,-50.67
5679,CA-2016-143924,SC-20680,OFF-FA-10000735,545,1063,Standard Class,20.44,7,0.0,9.2
5680,CA-2016-143924,SC-20680,OFF-PA-10002120,545,1063,Standard Class,109.92,2,0.0,53.86
5681,CA-2016-141551,BP-11230,OFF-BI-10001249,474,447,Standard Class,6.38,1,0.0,2.93
5682,CA-2016-141551,BP-11230,OFF-PA-10001569,474,447,Standard Class,6.48,1,0.0,3.11
5683,CA-2014-164315,RD-19585,OFF-PA-10004248,507,1064,Standard Class,15.84,3,0.0,7.13
5684,CA-2014-164315,RD-19585,TEC-PH-10001128,507,1064,Standard Class,1049.93,7,0.0,293.98
5685,CA-2014-164315,RD-19585,OFF-AP-10003842,507,1064,Standard Class,154.9,5,0.0,40.27
5686,CA-2015-131072,KL-16645,OFF-BI-10002794,60,600,Same Day,98.35,3,0.2,35.65
5687,CA-2014-131541,CK-12205,OFF-FA-10000621,332,1065,Same Day,14.32,5,0.2,5.19
5688,CA-2014-131541,CK-12205,FUR-FU-10003623,332,1065,Same Day,129.89,6,0.2,12.99
5689,CA-2014-131541,CK-12205,OFF-EN-10000781,332,1065,Same Day,48.94,7,0.2,16.52
5690,CA-2015-119550,RB-19705,FUR-CH-10002044,33,208,Standard Class,275.06,3,0.3,-90.38
5691,US-2015-138093,KM-16225,OFF-AR-10000817,309,896,Standard Class,27.36,9,0.0,9.3
5692,US-2015-138093,KM-16225,OFF-PA-10001509,309,896,Standard Class,44.75,5,0.0,20.58
5693,US-2015-138093,KM-16225,TEC-PH-10004667,309,896,Standard Class,134.99,1,0.0,36.45
5694,US-2015-138093,KM-16225,OFF-PA-10000143,309,896,Standard Class,26.4,5,0.0,12.67
5695,US-2015-138093,KM-16225,FUR-CH-10000785,309,896,Standard Class,542.94,3,0.0,141.16
5696,CA-2016-126165,AH-10465,FUR-TA-10001676,10,466,Second Class,71.09,2,0.2,-1.78
5697,CA-2017-126123,AG-10765,OFF-BI-10000309,37,337,Standard Class,27.4,9,0.8,-42.46
5698,CA-2017-126123,AG-10765,OFF-BI-10004224,37,337,Standard Class,13.46,1,0.8,-23.55
5699,CA-2016-143441,EB-14170,OFF-LA-10002312,162,733,Same Day,11.84,1,0.2,4.44
5700,CA-2017-148320,PG-18895,OFF-PA-10003022,10,133,Standard Class,35.88,6,0.0,17.58
5701,CA-2016-125661,CA-12055,OFF-EN-10001532,178,391,First Class,40.75,3,0.2,15.28
5702,CA-2016-125661,CA-12055,TEC-AC-10004855,178,391,First Class,139.96,5,0.2,-22.74
5703,US-2014-123519,SS-20875,OFF-AR-10003829,369,638,Standard Class,2.62,1,0.2,0.3
5704,US-2014-123519,SS-20875,FUR-TA-10002645,369,638,Standard Class,136.53,1,0.4,-52.34
5705,US-2014-123519,SS-20875,TEC-AC-10003033,369,638,Standard Class,263.96,1,0.2,42.89
5706,CA-2014-155593,RP-19390,OFF-SU-10002522,70,936,Standard Class,11.64,3,0.0,3.38
5707,CA-2017-136000,SC-20440,OFF-BI-10004828,30,586,Second Class,40.18,3,0.2,14.56
5708,US-2015-160857,NW-18400,FUR-FU-10001095,24,413,Standard Class,79.44,3,0.0,30.19
5709,US-2015-160857,NW-18400,OFF-SU-10000157,24,413,Standard Class,357.93,3,0.0,7.16
5710,US-2015-160857,NW-18400,FUR-CH-10002647,24,413,Standard Class,127.76,2,0.1,21.29
5711,US-2015-160857,NW-18400,TEC-CO-10004115,24,413,Standard Class,2799.94,7,0.2,1014.98
5712,US-2015-160857,NW-18400,OFF-PA-10003363,24,413,Standard Class,19.44,3,0.0,9.33
5713,CA-2017-115805,KW-16435,TEC-PH-10003092,156,690,Same Day,36.79,1,0.2,4.14
5714,US-2014-143707,HR-14770,TEC-PH-10003655,46,73,Standard Class,5.94,3,0.0,1.6
5715,CA-2017-116939,AG-10900,OFF-ST-10001476,196,146,Standard Class,177.55,5,0.0,47.94
5716,CA-2015-124107,BM-11650,TEC-AC-10002049,542,331,Second Class,619.95,5,0.0,111.59
5717,CA-2015-124107,BM-11650,TEC-PH-10003875,542,331,Second Class,29.16,3,0.0,8.46
5718,CA-2015-124107,BM-11650,OFF-EN-10003286,542,331,Second Class,57.96,7,0.0,27.24
5719,CA-2015-124107,BM-11650,OFF-AP-10003971,542,331,Second Class,29.4,3,0.1,5.23
5720,CA-2017-126550,RD-19720,OFF-ST-10001031,378,1066,Second Class,81.4,5,0.0,21.16
5721,CA-2015-138674,KB-16585,OFF-FA-10000304,331,718,First Class,8.72,5,0.2,2.29
5722,CA-2015-138674,KB-16585,TEC-AC-10000358,331,718,First Class,91.18,3,0.2,4.56
5723,CA-2015-138674,KB-16585,TEC-AC-10002800,331,718,First Class,159.97,4,0.2,29.99
5724,CA-2016-165820,DW-13585,OFF-PA-10004735,10,183,Standard Class,12.96,2,0.0,6.22
5725,CA-2014-103191,VG-21805,OFF-ST-10002574,156,359,Standard Class,331.54,3,0.2,-82.88
5726,CA-2015-103933,DR-12880,TEC-AC-10004171,165,13,First Class,899.91,9,0.0,395.96
5727,CA-2015-110548,AH-10690,TEC-PH-10002922,15,125,Standard Class,946.34,7,0.2,118.29
5728,CA-2017-117324,JP-15520,TEC-AC-10003023,8,167,Standard Class,178.11,3,0.0,32.06
5729,CA-2017-117324,JP-15520,OFF-AP-10003590,8,167,Standard Class,1089.75,3,0.0,305.13
5730,CA-2017-117324,JP-15520,OFF-LA-10003510,8,167,Standard Class,61.06,2,0.0,28.09
5731,CA-2017-117324,JP-15520,FUR-BO-10003159,8,167,Standard Class,459.92,4,0.0,41.39
5732,CA-2017-117324,JP-15520,OFF-PA-10002713,8,167,Standard Class,27.52,4,0.0,12.66
5733,CA-2017-143574,DR-12880,FUR-BO-10002598,546,223,First Class,638.82,9,0.0,185.26
5734,CA-2017-143574,DR-12880,OFF-SU-10002537,546,223,First Class,30.69,3,0.0,7.98
5735,CA-2017-143574,DR-12880,FUR-FU-10003976,546,223,First Class,25.16,2,0.0,8.55
5736,CA-2014-111773,JK-15625,OFF-BI-10000174,24,291,Standard Class,13.92,3,0.2,4.87
5737,CA-2014-148614,MV-17485,OFF-PA-10002893,14,408,Standard Class,19.36,2,0.0,9.29
5738,CA-2014-148614,MV-17485,FUR-FU-10003194,14,408,Standard Class,19.3,2,0.0,5.79
5739,CA-2017-156139,BP-11155,OFF-BI-10004233,10,414,Standard Class,38.38,3,0.2,13.43
5740,US-2017-147886,DH-13075,OFF-PA-10000232,262,616,First Class,12.96,2,0.0,6.35
5741,US-2017-147886,DH-13075,FUR-FU-10001095,262,616,First Class,26.48,1,0.0,10.06
5742,US-2017-147886,DH-13075,TEC-MA-10004679,262,616,First Class,532.72,2,0.2,53.27
5743,US-2017-147886,DH-13075,OFF-PA-10003651,262,616,First Class,26.72,4,0.0,12.83
5744,US-2017-147886,DH-13075,OFF-PA-10000743,262,616,First Class,20.04,3,0.0,9.62
5745,US-2017-147886,DH-13075,OFF-ST-10002743,262,616,First Class,795.48,7,0.0,7.95
5746,US-2017-147886,DH-13075,FUR-FU-10003829,262,616,First Class,21.56,7,0.0,6.9
5747,CA-2016-113733,LH-16900,TEC-PH-10002496,255,17,Standard Class,249.58,2,0.2,31.2
5748,CA-2016-113733,LH-16900,TEC-AC-10002473,255,17,Standard Class,68.11,3,0.2,17.88
5749,CA-2016-113733,LH-16900,TEC-AC-10004877,255,17,Standard Class,16.56,3,0.2,-2.48
5750,CA-2017-104913,DK-13090,TEC-PH-10000923,256,552,Standard Class,74.95,5,0.0,36.73
5751,CA-2014-145800,SS-20410,FUR-TA-10001539,547,993,Standard Class,355.46,3,0.5,-184.84
5752,CA-2016-125850,FP-14320,OFF-LA-10003498,89,116,Standard Class,44.4,3,0.0,22.2
5753,CA-2016-125850,FP-14320,OFF-LA-10004484,89,116,Standard Class,20.65,5,0.0,9.5
5754,CA-2016-118514,LC-17050,FUR-CH-10000015,127,1067,Standard Class,866.4,4,0.0,225.26
5755,CA-2015-150749,AS-10240,OFF-AR-10003732,29,369,Second Class,5.56,2,0.0,1.45
5756,CA-2014-163748,HG-15025,OFF-AP-10004052,7,1006,Standard Class,3.16,4,0.8,-8.53
5757,CA-2014-163748,HG-15025,TEC-CO-10002095,7,1006,Standard Class,1999.96,5,0.2,624.99
5758,CA-2015-119634,BW-11065,FUR-FU-10004270,315,1068,Standard Class,46.15,3,0.2,12.11
5759,CA-2015-149300,BH-11710,TEC-MA-10000423,187,7,First Class,32.98,3,0.5,-1.98
5760,US-2016-111528,JP-16135,OFF-ST-10001526,4,946,Same Day,481.32,4,0.0,125.14
5761,US-2016-111528,JP-16135,OFF-BI-10002194,4,946,Same Day,6.38,1,0.2,2.15
5762,CA-2017-158169,JM-16195,OFF-AP-10000828,548,802,First Class,542.94,3,0.0,152.02
5763,CA-2017-158169,JM-16195,FUR-FU-10001473,548,802,First Class,54.92,4,0.0,19.77
5764,CA-2015-162047,FH-14365,FUR-CH-10004983,256,503,First Class,1448.82,10,0.1,209.27
5765,CA-2015-117772,MC-17575,OFF-ST-10003994,6,230,Second Class,353.88,6,0.0,17.69
5766,US-2014-126340,EB-13870,TEC-PH-10004447,549,1069,Standard Class,333.58,3,0.2,25.02
5767,CA-2016-149685,PM-19135,OFF-LA-10004545,66,751,Standard Class,60.14,6,0.2,20.3
5768,CA-2017-126396,AR-10345,TEC-AC-10003116,33,566,Second Class,85.2,6,0.2,20.24
5769,CA-2015-154900,SS-20875,OFF-LA-10001641,344,1070,Standard Class,3.15,1,0.0,1.51
5770,CA-2015-154900,SS-20875,OFF-PA-10002377,344,1070,Standard Class,22.72,4,0.0,10.22
5771,CA-2015-103835,SC-20440,FUR-FU-10000010,4,497,Standard Class,14.91,3,0.0,4.62
5772,CA-2015-103835,SC-20440,OFF-AP-10002651,4,497,Standard Class,1158.12,4,0.0,335.85
5773,CA-2015-158939,EA-14035,TEC-CO-10002313,335,651,Standard Class,599.99,1,0.0,234.0
5774,CA-2016-117408,TP-21130,OFF-ST-10001580,527,1071,Standard Class,23.97,2,0.2,2.4
5775,CA-2016-142398,BP-11290,FUR-CH-10001545,2,409,Standard Class,638.29,7,0.2,-31.91
5776,CA-2016-142398,BP-11290,OFF-BI-10004826,2,409,Standard Class,13.21,1,0.2,4.62
5777,CA-2016-105277,LM-17065,OFF-BI-10000301,136,430,Standard Class,15.53,3,0.2,5.82
5778,CA-2016-112060,KT-16465,OFF-PA-10000994,10,430,Standard Class,104.85,1,0.0,50.33
5779,CA-2014-105270,AP-10915,OFF-AR-10003156,142,8,Standard Class,30.48,3,0.0,7.92
5780,CA-2014-105270,AP-10915,FUR-CH-10000988,142,8,Standard Class,112.65,1,0.2,11.26
5781,US-2015-159513,JD-15790,TEC-MA-10003329,14,789,Standard Class,71.98,3,0.2,24.29
5782,CA-2015-155586,XP-21865,OFF-AR-10001547,550,296,Second Class,2.21,1,0.0,0.6
5783,CA-2015-155586,XP-21865,OFF-EN-10003072,550,296,Second Class,15.52,4,0.0,7.45
5784,CA-2015-155586,XP-21865,OFF-PA-10000726,550,296,Second Class,36.44,4,0.0,16.4
5785,CA-2017-141117,JK-16090,FUR-BO-10001972,331,281,Standard Class,217.76,6,0.7,-384.72
5786,CA-2017-141117,JK-16090,OFF-SU-10004664,331,281,Standard Class,39.07,6,0.2,4.4
5787,CA-2017-141117,JK-16090,OFF-BI-10003676,331,281,Standard Class,22.64,7,0.7,-16.6
5788,CA-2017-141117,JK-16090,OFF-AR-10003727,331,281,Standard Class,95.14,7,0.2,10.7
5789,CA-2017-115070,MG-18205,FUR-FU-10003829,134,319,Second Class,12.32,5,0.2,1.85
5790,CA-2017-115070,MG-18205,OFF-BI-10003712,134,319,Second Class,4.42,3,0.7,-3.09
5791,CA-2017-140186,PG-18820,OFF-FA-10002280,411,366,First Class,35.0,7,0.0,16.8
5792,CA-2017-140186,PG-18820,FUR-CH-10002961,411,366,First Class,72.78,1,0.2,0.0
5793,CA-2017-140186,PG-18820,OFF-AP-10002578,411,366,First Class,97.84,2,0.0,25.44
5794,CA-2017-140186,PG-18820,FUR-FU-10004848,411,366,First Class,51.75,1,0.0,15.52
5795,CA-2017-140186,PG-18820,OFF-BI-10003364,411,366,First Class,46.67,2,0.2,16.34
5796,CA-2014-124856,LD-17005,OFF-ST-10002615,165,412,Second Class,1395.54,9,0.0,362.84
5797,CA-2014-124856,LD-17005,FUR-FU-10000521,165,412,Second Class,117.36,4,0.0,36.38
5798,CA-2014-124856,LD-17005,OFF-LA-10000121,165,412,Second Class,18.9,3,0.0,8.69
5799,CA-2014-124856,LD-17005,OFF-PA-10001289,165,412,Second Class,77.52,2,0.0,37.98
5800,CA-2014-166716,CR-12730,FUR-CH-10004495,27,1072,Second Class,421.37,2,0.3,-6.02
5801,CA-2014-123225,MN-17935,TEC-PH-10000895,295,385,First Class,575.97,4,0.2,43.2
5802,CA-2014-123225,MN-17935,OFF-PA-10000552,295,385,First Class,10.37,2,0.2,3.63
5803,CA-2015-163440,RD-19900,TEC-PH-10000376,381,205,First Class,15.98,2,0.2,1.2
5804,US-2017-106796,JP-16135,OFF-AR-10003504,158,606,Standard Class,10.27,3,0.2,1.16
5805,CA-2017-113873,KE-16420,OFF-ST-10000943,78,39,Standard Class,61.79,4,0.2,6.18
5806,CA-2017-113873,KE-16420,FUR-BO-10003441,78,39,Standard Class,206.0,3,0.32,-27.26
5807,CA-2016-149783,DL-13315,OFF-PA-10002195,366,914,Second Class,12.19,3,0.2,4.11
5808,CA-2016-149783,DL-13315,OFF-AP-10001205,366,914,Second Class,87.17,2,0.2,8.72
5809,CA-2016-149783,DL-13315,OFF-AR-10002987,366,914,Second Class,31.74,2,0.2,8.33
5810,CA-2016-125017,KB-16240,FUR-FU-10000723,429,1073,Standard Class,132.22,4,0.2,-18.18
5811,US-2015-163279,JD-16150,OFF-PA-10003127,89,205,Standard Class,105.52,4,0.0,48.54
5812,US-2015-163279,JD-16150,FUR-FU-10000747,89,205,Standard Class,91.96,2,0.0,15.63
5813,US-2015-163279,JD-16150,TEC-PH-10001795,89,205,Standard Class,1487.98,3,0.2,186.0
5814,CA-2015-150196,SR-20740,OFF-PA-10003797,24,741,First Class,19.44,3,0.0,9.33
5815,US-2015-106495,AC-10450,TEC-AC-10002718,86,926,First Class,11.67,1,0.2,-0.73
5816,CA-2014-124730,LS-17245,TEC-PH-10002170,551,36,Same Day,279.96,4,0.0,78.39
5817,CA-2014-124730,LS-17245,OFF-BI-10001078,551,36,Same Day,12.91,3,0.2,4.68
5818,CA-2014-124730,LS-17245,OFF-BI-10001031,551,36,Same Day,17.09,4,0.2,5.77
5819,CA-2014-124730,LS-17245,OFF-LA-10001158,551,36,Same Day,93.15,9,0.0,44.71
5820,CA-2014-124730,LS-17245,OFF-LA-10001613,551,36,Same Day,11.52,4,0.0,5.64
5821,CA-2017-117632,CS-12175,OFF-SU-10000157,35,606,Standard Class,238.62,2,0.0,4.77
5822,CA-2017-117632,CS-12175,OFF-AP-10004868,35,606,Standard Class,7.77,1,0.0,2.1
5823,CA-2017-117632,CS-12175,FUR-TA-10001520,35,606,Standard Class,285.48,5,0.2,-10.71
5824,CA-2017-117632,CS-12175,OFF-BI-10001900,35,606,Standard Class,19.17,4,0.2,6.47
5825,CA-2014-115056,AR-10510,OFF-AP-10003971,48,1074,Same Day,26.14,3,0.2,1.96
5826,CA-2017-161067,KB-16405,OFF-PA-10000418,46,214,Second Class,419.4,4,0.0,201.31
5827,CA-2017-161067,KB-16405,FUR-CH-10004626,46,214,Second Class,90.8,1,0.1,14.12
5828,CA-2017-161067,KB-16405,FUR-CH-10004860,46,214,Second Class,181.76,2,0.1,-8.08
5829,CA-2017-161067,KB-16405,OFF-AR-10003251,46,214,Second Class,5.56,2,0.0,2.22
5830,CA-2016-122063,MM-17920,FUR-TA-10004575,239,276,Standard Class,581.96,2,0.0,104.75
5831,CA-2016-122063,MM-17920,FUR-CH-10004754,239,276,Standard Class,29.98,1,0.0,8.09
5832,CA-2015-111206,RF-19735,TEC-AC-10003095,189,1075,Standard Class,519.96,4,0.0,176.79
5833,CA-2016-142895,BP-11290,OFF-LA-10000262,5,659,Standard Class,6.26,3,0.2,2.04
5834,CA-2016-142895,BP-11290,FUR-CH-10002961,5,659,Standard Class,363.92,5,0.2,0.0
5835,CA-2015-101868,MJ-17740,OFF-BI-10003876,329,989,Standard Class,64.2,5,0.7,-42.8
5836,CA-2015-101868,MJ-17740,OFF-BI-10002133,329,989,Standard Class,38.52,3,0.7,-26.96
5837,CA-2015-101868,MJ-17740,TEC-AC-10004396,329,989,Standard Class,72.6,5,0.2,-8.17
5838,CA-2017-133207,DO-13645,TEC-PH-10004100,2,345,Standard Class,57.57,4,0.2,5.76
5839,CA-2015-132948,MV-17485,OFF-ST-10000636,61,1076,Standard Class,83.7,5,0.0,3.35
5840,CA-2015-134992,MG-17875,OFF-PA-10001972,102,358,Second Class,32.4,5,0.0,15.55
5841,CA-2015-134992,MG-17875,FUR-FU-10002554,102,358,Second Class,47.98,2,0.0,11.04
5842,CA-2015-126725,BS-11665,TEC-PH-10003174,189,973,Standard Class,415.97,4,0.2,52.0
5843,CA-2015-126725,BS-11665,OFF-ST-10001418,189,973,Standard Class,304.9,5,0.0,6.1
5844,CA-2015-126725,BS-11665,FUR-FU-10002813,189,973,Standard Class,80.96,4,0.0,29.15
5845,CA-2015-126725,BS-11665,OFF-ST-10000129,189,973,Standard Class,777.21,7,0.0,54.4
5846,CA-2015-126725,BS-11665,OFF-PA-10001639,189,973,Standard Class,32.4,5,0.0,15.55
5847,CA-2015-126725,BS-11665,FUR-CH-10001708,189,973,Standard Class,225.57,2,0.2,2.82
5848,CA-2015-126725,BS-11665,FUR-FU-10001591,189,973,Standard Class,36.6,3,0.0,15.37
5849,CA-2015-121783,PO-19180,OFF-AP-10003849,531,114,Standard Class,715.64,2,0.0,178.91
5850,CA-2015-121783,PO-19180,OFF-ST-10000078,531,114,Standard Class,795.51,3,0.0,143.19
5851,CA-2015-121783,PO-19180,TEC-CO-10001571,531,114,Standard Class,549.99,1,0.0,275.0
5852,CA-2015-121783,PO-19180,OFF-BI-10001658,531,114,Standard Class,74.76,3,0.0,34.39
5853,CA-2015-121783,PO-19180,FUR-FU-10004351,531,114,Standard Class,29.22,3,0.0,12.86
5854,US-2014-138835,DA-13450,OFF-BI-10003314,221,1077,Standard Class,9.64,2,0.0,4.72
5855,CA-2015-112214,AH-10690,OFF-ST-10001505,78,1078,Standard Class,33.49,7,0.2,-1.26
5856,CA-2015-112214,AH-10690,OFF-SU-10003567,78,1078,Standard Class,23.04,3,0.2,-4.9
5857,CA-2015-112214,AH-10690,OFF-BI-10002982,78,1078,Standard Class,1.36,1,0.8,-2.18
5858,CA-2015-112214,AH-10690,FUR-FU-10002364,78,1078,Standard Class,14.76,5,0.6,-11.44
5859,US-2017-153255,JK-15730,FUR-BO-10004218,138,214,Second Class,239.67,2,0.15,14.1
5860,CA-2015-108119,MS-17530,FUR-TA-10002530,552,550,Standard Class,301.96,2,0.0,45.29
5861,CA-2015-157434,JK-15640,OFF-PA-10001526,75,1079,Second Class,7.97,2,0.2,2.89
5862,CA-2016-101525,CM-12235,OFF-PA-10001497,367,767,Second Class,109.92,2,0.0,53.86
5863,CA-2016-101525,CM-12235,OFF-PA-10003936,367,767,Second Class,19.44,3,0.0,9.33
5864,CA-2016-101525,CM-12235,OFF-AR-10000716,367,767,Second Class,11.16,2,0.0,4.35
5865,US-2014-117968,RS-19420,OFF-AP-10002765,317,80,Second Class,79.47,3,0.0,22.25
5866,US-2014-117968,RS-19420,OFF-AR-10004165,317,80,Second Class,4.56,2,0.0,2.01
5867,US-2014-117968,RS-19420,FUR-CH-10002335,317,80,Second Class,1133.35,5,0.0,294.67
5868,CA-2016-158211,BP-11185,OFF-AR-10004078,106,811,Standard Class,4.67,1,0.2,0.58
5869,CA-2016-158211,BP-11185,OFF-BI-10002026,106,811,Standard Class,104.58,6,0.7,-80.18
5870,CA-2016-152247,MA-17995,FUR-CH-10001215,553,78,Standard Class,1603.14,4,0.2,100.2
5871,CA-2016-128223,EB-13705,FUR-TA-10001771,159,404,Same Day,1293.49,7,0.2,80.84
5872,CA-2016-154235,RD-19900,FUR-FU-10004006,464,447,Standard Class,127.95,3,0.0,21.75
5873,CA-2017-129910,ME-17320,OFF-ST-10003282,113,984,Standard Class,59.76,1,0.0,16.73
5874,CA-2017-133095,EH-14005,OFF-BI-10002353,238,401,Same Day,108.08,7,0.0,54.04
5875,CA-2017-133095,EH-14005,OFF-BI-10004141,238,401,Same Day,9.54,3,0.0,4.39
5876,CA-2015-130554,FM-14290,OFF-AR-10001954,12,1004,First Class,11.74,3,0.2,1.03
5877,CA-2014-152443,FG-14260,OFF-BI-10001071,129,372,Standard Class,447.86,7,0.0,219.45
5878,CA-2014-152443,FG-14260,OFF-PA-10003022,129,372,Standard Class,17.94,3,0.0,8.79
5879,CA-2014-152443,FG-14260,OFF-AP-10001293,129,372,Standard Class,245.88,6,0.0,68.85
5880,CA-2016-133319,MV-17485,OFF-PA-10001815,165,65,Standard Class,192.16,4,0.0,92.24
5881,CA-2016-133935,JW-15220,FUR-CH-10001215,189,32,Standard Class,801.57,2,0.2,50.1
5882,CA-2016-133935,JW-15220,OFF-PA-10000100,189,32,Standard Class,368.91,9,0.0,180.77
5883,CA-2016-133935,JW-15220,FUR-CH-10002880,189,32,Standard Class,885.53,9,0.2,-99.62
5884,CA-2016-136301,EH-13765,FUR-FU-10004712,10,70,Second Class,28.28,2,0.0,7.35
5885,CA-2016-136301,EH-13765,OFF-SU-10000151,10,70,Second Class,4912.59,3,0.0,196.5
5886,US-2014-109456,LS-17245,OFF-BI-10000136,95,1080,Same Day,14.35,3,0.2,5.02
5887,US-2014-109456,LS-17245,TEC-AC-10003610,95,1080,Same Day,179.97,3,0.0,86.39
5888,CA-2017-151596,BP-11050,OFF-ST-10001837,482,1049,First Class,42.76,1,0.0,11.12
5889,CA-2015-147879,CC-12220,OFF-PA-10001952,554,821,Standard Class,45.68,2,0.0,21.01
5890,CA-2016-166625,JM-15580,OFF-BI-10002414,309,168,First Class,25.06,2,0.0,11.78
5891,CA-2016-146157,RD-19720,OFF-PA-10001790,27,832,Standard Class,38.43,1,0.2,13.45
5892,CA-2016-146157,RD-19720,OFF-ST-10001590,27,832,Standard Class,21.57,2,0.2,1.62
5893,CA-2016-146157,RD-19720,TEC-AC-10003657,27,832,Standard Class,81.58,3,0.2,2.04
5894,CA-2017-159954,SS-20410,OFF-BI-10004876,149,19,Standard Class,2.78,1,0.0,1.36
5895,CA-2017-100825,KD-16495,OFF-ST-10003123,2,429,Standard Class,99.87,3,0.0,23.97
5896,CA-2014-168305,PL-18925,OFF-LA-10003498,14,302,Standard Class,44.4,3,0.0,22.2
5897,CA-2014-168305,PL-18925,OFF-PA-10004947,14,302,Standard Class,21.4,5,0.0,9.63
5898,CA-2016-167682,ZD-21925,FUR-FU-10003799,239,1016,Standard Class,71.12,4,0.0,22.05
5899,CA-2016-167682,ZD-21925,TEC-PH-10000673,239,1016,Standard Class,259.96,4,0.0,124.78
5900,CA-2017-108000,LS-16945,OFF-EN-10002621,95,603,Standard Class,9.78,1,0.0,4.89
5901,CA-2015-146465,PB-18805,OFF-BI-10004528,35,313,Standard Class,24.19,9,0.2,7.56
5902,CA-2016-159639,PC-18745,FUR-FU-10001889,74,582,Standard Class,31.56,3,0.0,10.41
5903,US-2017-153948,FM-14290,OFF-PA-10000157,35,45,Same Day,59.94,3,0.0,28.17
5904,US-2017-153948,FM-14290,OFF-PA-10002764,35,45,Same Day,45.36,4,0.0,22.23
5905,US-2017-153948,FM-14290,OFF-PA-10000143,35,45,Same Day,26.4,5,0.0,12.67
5906,US-2017-153948,FM-14290,OFF-LA-10000414,35,45,Same Day,41.4,4,0.0,19.87
5907,US-2017-153948,FM-14290,TEC-AC-10003441,35,45,Same Day,16.95,1,0.0,1.02
5908,US-2016-113985,KD-16495,OFF-BI-10002353,59,500,Standard Class,24.7,2,0.2,9.26
5909,US-2016-113985,KD-16495,OFF-AP-10001303,59,500,Standard Class,59.7,3,0.0,26.86
5910,US-2016-113985,KD-16495,FUR-FU-10003026,59,500,Standard Class,14.52,3,0.0,5.66
5911,US-2016-113985,KD-16495,OFF-BI-10000632,59,500,Standard Class,104.18,3,0.2,33.86
5912,CA-2016-155383,SC-20680,OFF-ST-10001328,61,908,Standard Class,46.53,3,0.0,13.03
5913,CA-2014-120432,DW-13585,OFF-SU-10004661,554,830,Second Class,25.5,3,0.0,6.63
5914,US-2015-126977,PF-19120,OFF-ST-10000617,46,15,Standard Class,14.9,5,0.0,1.04
5915,US-2015-126977,PF-19120,OFF-LA-10002762,46,15,Standard Class,87.71,7,0.0,41.22
5916,US-2015-126977,PF-19120,FUR-CH-10001973,46,15,Standard Class,199.76,2,0.1,8.88
5917,US-2015-126977,PF-19120,OFF-ST-10003058,46,15,Standard Class,94.6,4,0.0,27.43
5918,US-2015-126977,PF-19120,FUR-BO-10004834,46,15,Standard Class,4228.7,6,0.2,158.58
5919,US-2015-126977,PF-19120,FUR-BO-10002213,46,15,Standard Class,2003.92,5,0.2,-25.05
5920,US-2015-126977,PF-19120,TEC-PH-10002170,46,15,Standard Class,209.97,3,0.0,58.79
5921,US-2015-126977,PF-19120,TEC-AC-10003033,46,15,Standard Class,659.9,2,0.0,217.77
5922,US-2015-126977,PF-19120,OFF-PA-10004071,46,15,Standard Class,110.96,2,0.0,53.26
5923,US-2015-126977,PF-19120,TEC-PH-10000169,46,15,Standard Class,67.8,4,0.0,1.36
5924,CA-2016-130288,DK-13225,FUR-TA-10002958,165,492,Second Class,313.18,2,0.4,-120.05
5925,CA-2017-146458,RB-19435,OFF-AR-10001177,29,124,Second Class,22.96,7,0.0,6.66
5926,CA-2017-150420,GD-14590,TEC-AC-10004975,397,96,Standard Class,1099.5,10,0.0,362.84
5927,US-2014-118997,RA-19885,FUR-TA-10001086,34,919,Standard Class,1215.92,8,0.0,316.14
5928,CA-2014-114314,DB-13555,OFF-LA-10000240,146,857,Standard Class,7.31,1,0.0,3.44
5929,CA-2014-114314,DB-13555,FUR-FU-10002107,146,857,Standard Class,8.92,4,0.0,3.92
5930,US-2017-169551,RL-19615,FUR-BO-10001519,75,438,First Class,87.21,3,0.5,-45.35
5931,US-2017-169551,RL-19615,OFF-PA-10004100,75,438,First Class,15.55,3,0.2,5.44
5932,US-2017-169551,RL-19615,TEC-PH-10001363,75,438,First Class,683.99,2,0.4,-114.0
5933,US-2017-169551,RL-19615,OFF-ST-10004835,75,438,First Class,13.39,3,0.2,1.0
5934,US-2017-169551,RL-19615,TEC-AC-10002018,75,438,First Class,16.78,3,0.2,4.82
5935,US-2017-169551,RL-19615,TEC-AC-10003033,75,438,First Class,527.92,2,0.2,85.79
5936,CA-2016-103107,RB-19465,FUR-FU-10000221,6,976,Same Day,25.4,5,0.0,8.64
5937,CA-2016-103107,RB-19465,TEC-PH-10001198,6,976,Same Day,177.48,3,0.2,19.97
5938,CA-2016-103107,RB-19465,TEC-PH-10002564,6,976,Same Day,71.98,3,0.2,9.0
5939,CA-2017-122077,JF-15295,TEC-PH-10003811,303,241,Standard Class,95.99,1,0.2,9.6
5940,CA-2017-122077,JF-15295,OFF-LA-10004178,303,241,Standard Class,13.22,4,0.2,4.3
5941,CA-2017-112431,RW-19690,TEC-AC-10001465,14,387,Second Class,435.84,12,0.0,130.75
5942,CA-2017-112431,RW-19690,OFF-AR-10000940,14,387,Second Class,5.88,2,0.0,1.59
5943,CA-2016-151092,VG-21790,TEC-PH-10001700,4,877,Standard Class,211.17,4,0.2,18.48
5944,CA-2014-104178,JM-15265,FUR-FU-10000771,2,56,Standard Class,6.28,1,0.0,2.64
5945,CA-2014-104178,JM-15265,TEC-AC-10002399,2,56,Standard Class,95.1,5,0.0,30.43
5946,CA-2014-104178,JM-15265,OFF-PA-10004983,2,56,Standard Class,25.92,4,0.0,12.44
5947,CA-2014-104178,JM-15265,OFF-ST-10004258,2,56,Standard Class,48.84,4,0.0,13.19
5948,CA-2015-115924,BE-11455,OFF-BI-10004040,194,472,Second Class,25.9,5,0.0,12.69
5949,CA-2017-161046,CB-12535,OFF-EN-10003862,373,917,Same Day,42.68,4,0.0,19.63
5950,CA-2017-161046,CB-12535,TEC-AC-10004571,373,917,Same Day,299.97,3,0.0,125.99
5951,CA-2017-161046,CB-12535,OFF-AP-10000891,373,917,Same Day,262.24,2,0.0,78.67
5952,CA-2017-161046,CB-12535,OFF-BI-10002026,373,917,Same Day,234.36,6,0.0,112.49
5953,US-2017-141698,SD-20485,OFF-PA-10001826,17,5,Standard Class,20.74,4,0.2,7.26
5954,US-2014-105151,SG-20890,OFF-AR-10001231,30,810,First Class,10.5,5,0.0,2.94
5955,CA-2014-155796,TS-21430,FUR-FU-10000409,333,8,Second Class,23.97,2,0.2,7.79
5956,CA-2014-155796,TS-21430,FUR-BO-10002545,333,8,Second Class,521.96,4,0.5,-250.54
5957,CA-2016-127138,DK-13225,OFF-ST-10002756,10,300,Second Class,676.55,5,0.0,6.77
5958,CA-2016-127138,DK-13225,OFF-AP-10003842,10,300,Second Class,154.9,5,0.0,40.27
5959,CA-2016-127138,DK-13225,OFF-EN-10004459,10,300,Second Class,30.56,4,0.0,14.97
5960,CA-2016-127138,DK-13225,FUR-CH-10003746,10,300,Second Class,770.35,3,0.2,77.04
5961,CA-2017-150602,ML-17395,FUR-FU-10003142,63,840,Second Class,21.12,4,0.0,6.55
5962,CA-2014-140732,MA-17560,TEC-PH-10001425,26,8,Second Class,575.93,9,0.2,57.59
5963,CA-2014-140732,MA-17560,OFF-AP-10001626,26,8,Second Class,7.78,2,0.0,2.02
5964,CA-2014-140732,MA-17560,OFF-PA-10003625,26,8,Second Class,123.92,4,0.0,55.76
5965,CA-2017-119011,LR-17035,OFF-SU-10004768,10,649,Standard Class,17.22,3,0.0,5.17
5966,CA-2017-119011,LR-17035,OFF-ST-10000777,10,649,Standard Class,226.56,6,0.0,63.44
5967,CA-2017-119011,LR-17035,TEC-PH-10003171,10,649,Standard Class,107.88,3,0.2,10.79
5968,CA-2016-166912,BE-11335,OFF-PA-10001033,30,805,First Class,81.98,2,0.0,40.17
5969,CA-2014-141726,CC-12145,OFF-PA-10000418,189,837,First Class,104.85,1,0.0,50.33
5970,CA-2014-141726,CC-12145,OFF-BI-10001982,189,837,First Class,8.7,2,0.2,3.16
5971,CA-2014-141726,CC-12145,OFF-PA-10002230,189,837,First Class,19.92,4,0.0,9.76
5972,CA-2014-141726,CC-12145,FUR-FU-10003577,189,837,First Class,43.02,3,0.0,15.49
5973,CA-2017-115105,BD-11770,FUR-BO-10001811,24,696,Standard Class,240.78,1,0.2,30.1
5974,CA-2015-143980,JK-15640,OFF-AP-10003779,165,708,Standard Class,414.96,2,0.0,124.49
5975,CA-2016-135636,DB-13615,OFF-ST-10000676,44,751,Standard Class,387.72,5,0.2,-67.85
5976,CA-2017-102155,RR-19525,OFF-ST-10001496,440,1003,Standard Class,360.38,2,0.0,93.7
5977,CA-2017-102155,RR-19525,OFF-PA-10003673,440,1003,Standard Class,13.56,2,0.0,6.24
5978,CA-2017-116953,SV-20935,TEC-PH-10004614,155,559,First Class,552.0,10,0.2,34.5
5979,CA-2014-117765,RB-19465,FUR-TA-10001039,313,558,Standard Class,429.9,5,0.0,111.77
5980,CA-2014-117765,RB-19465,OFF-BI-10000474,313,558,Standard Class,32.06,2,0.0,15.39
5981,CA-2014-117765,RB-19465,FUR-CH-10004698,313,558,Standard Class,161.96,2,0.0,45.35
5982,CA-2014-117765,RB-19465,OFF-ST-10003327,313,558,Standard Class,19.86,2,0.0,5.76
5983,CA-2016-114895,MV-18190,OFF-PA-10000232,46,832,Standard Class,12.96,2,0.0,6.35
5984,CA-2017-112984,EH-14185,OFF-PA-10003657,106,119,Second Class,20.54,6,0.2,6.42
5985,CA-2016-163776,JS-16030,FUR-FU-10001185,502,1081,Standard Class,185.58,6,0.0,76.09
5986,CA-2016-163776,JS-16030,OFF-BI-10003007,502,1081,Standard Class,77.56,2,0.0,35.68
5987,CA-2016-163776,JS-16030,OFF-ST-10002485,502,1081,Standard Class,87.92,4,0.0,0.88
5988,CA-2016-163776,JS-16030,OFF-PA-10001033,502,1081,Standard Class,245.94,6,0.0,120.51
5989,CA-2016-163776,JS-16030,OFF-BI-10000404,502,1081,Standard Class,8.6,1,0.0,4.04
5990,CA-2016-163776,JS-16030,FUR-BO-10003546,502,1081,Standard Class,504.9,5,0.0,126.22
5991,US-2017-163300,ES-14020,OFF-BI-10004390,14,176,Standard Class,2357.49,7,0.2,884.06
5992,US-2017-163300,ES-14020,TEC-PH-10001700,14,176,Standard Class,369.54,7,0.2,32.34
5993,US-2017-163300,ES-14020,FUR-CH-10003396,14,176,Standard Class,184.75,3,0.2,-20.78
5994,CA-2016-162187,NS-18640,OFF-ST-10001558,48,26,Same Day,64.96,5,0.2,-4.06
5995,CA-2016-162187,NS-18640,OFF-SU-10004782,48,26,Same Day,13.52,2,0.2,1.69
5996,CA-2016-162187,NS-18640,FUR-CH-10003298,48,26,Same Day,458.43,5,0.3,-137.53
5997,CA-2016-162187,NS-18640,OFF-AP-10000576,48,26,Same Day,387.14,4,0.2,24.2
5998,CA-2016-162187,NS-18640,FUR-TA-10003008,48,26,Same Day,328.59,3,0.4,-147.87
5999,US-2014-112991,SH-19975,FUR-CH-10001708,555,326,Standard Class,338.35,3,0.2,4.23
6000,US-2014-112991,SH-19975,OFF-PA-10000019,555,326,Standard Class,25.92,4,0.0,12.44
6001,US-2014-112991,SH-19975,OFF-PA-10002222,555,326,Standard Class,91.36,4,0.0,42.03
6002,CA-2014-124079,RF-19345,FUR-FU-10002553,52,737,Standard Class,87.96,3,0.2,7.7
6003,CA-2014-124079,RF-19345,OFF-BI-10002103,52,737,Standard Class,5.21,2,0.7,-4.17
6004,US-2017-146878,DL-12865,OFF-BI-10002794,230,297,Standard Class,12.29,1,0.7,-8.61
6005,CA-2017-107244,AG-10390,FUR-FU-10002597,26,211,Standard Class,19.76,4,0.0,8.3
6006,CA-2015-100657,SW-20245,FUR-CH-10003535,25,122,Standard Class,109.76,2,0.1,8.54
6007,CA-2017-129581,KN-16390,TEC-PH-10001527,274,158,Standard Class,128.85,3,0.0,3.87
6008,CA-2017-129028,GB-14530,FUR-FU-10004006,330,720,First Class,127.95,3,0.0,21.75
6009,CA-2015-135580,CL-12565,OFF-PA-10000595,14,1082,Standard Class,68.52,3,0.0,31.52
6010,CA-2015-135580,CL-12565,OFF-ST-10000798,14,1082,Standard Class,74.94,3,0.0,14.24
6011,CA-2015-135580,CL-12565,TEC-MA-10004002,14,1082,Standard Class,2548.56,6,0.2,286.71
6012,CA-2015-135580,CL-12565,OFF-EN-10003296,14,1082,Standard Class,271.44,3,0.0,122.15
6013,CA-2015-135580,CL-12565,TEC-PH-10004345,14,1082,Standard Class,287.88,3,0.2,35.98
6014,CA-2016-159016,KF-16285,OFF-PA-10004405,142,613,First Class,14.9,5,0.0,7.15
6015,CA-2016-159016,KF-16285,TEC-PH-10002885,142,613,First Class,4158.91,8,0.2,363.9
6016,CA-2014-102652,AY-10555,FUR-FU-10000747,14,323,Standard Class,91.96,2,0.0,15.63
6017,CA-2014-102652,AY-10555,FUR-FU-10001918,14,323,Standard Class,33.11,7,0.0,12.91
6018,CA-2014-102652,AY-10555,OFF-PA-10003309,14,323,Standard Class,19.44,3,0.0,9.33
6019,CA-2014-102652,AY-10555,OFF-PA-10001977,14,323,Standard Class,55.48,1,0.0,26.63
6020,CA-2014-152422,BD-11635,OFF-AP-10002892,48,1083,Second Class,91.92,5,0.2,11.49
6021,US-2016-156692,HG-15025,OFF-AP-10002222,556,573,Same Day,17.34,2,0.0,4.68
6022,US-2016-156692,HG-15025,TEC-AC-10000158,556,573,Same Day,71.98,2,0.0,15.12
6023,CA-2014-130869,CB-12025,OFF-EN-10002600,539,665,Standard Class,7.08,3,0.2,2.48
6024,US-2017-128832,LS-16945,TEC-AC-10004855,260,559,First Class,69.98,2,0.0,4.9
6025,CA-2017-139717,DM-13015,OFF-AP-10000938,404,1044,Second Class,646.27,8,0.2,64.63
6026,CA-2017-139717,DM-13015,OFF-PA-10002195,404,1044,Second Class,10.37,2,0.2,3.76
6027,CA-2017-136007,AC-10615,OFF-FA-10002701,61,661,Standard Class,8.4,5,0.0,0.34
6028,CA-2017-136007,AC-10615,TEC-PH-10003589,61,661,Standard Class,71.96,5,0.2,25.19
6029,CA-2016-157364,LT-17110,OFF-AR-10003752,223,259,First Class,18.48,2,0.2,6.01
6030,US-2016-112970,TB-21250,OFF-AR-10003829,14,697,First Class,9.84,3,0.0,2.85
6031,US-2017-152492,AH-10585,FUR-CH-10000155,230,92,Same Day,239.24,1,0.2,23.92
6032,CA-2016-101168,SS-20140,FUR-FU-10003142,557,592,Standard Class,21.12,4,0.0,6.55
6033,CA-2017-104010,TD-20995,OFF-SU-10001218,165,757,First Class,54.9,5,0.0,15.37
6034,CA-2015-130253,PP-18955,FUR-FU-10002963,2,640,Standard Class,15.24,3,0.0,5.18
6035,US-2015-155369,PG-18820,OFF-AP-10002578,297,1084,Standard Class,19.57,2,0.8,-52.83
6036,US-2015-155369,PG-18820,OFF-BI-10003925,297,1084,Standard Class,310.39,4,0.8,-512.15
6037,CA-2016-131205,AA-10645,FUR-FU-10003347,522,914,Standard Class,42.6,3,0.0,16.61
6038,CA-2016-131205,AA-10645,OFF-BI-10000315,522,914,Standard Class,113.94,6,0.0,54.69
6039,CA-2016-131205,AA-10645,OFF-ST-10002583,522,914,Standard Class,129.92,4,0.0,5.2
6040,CA-2016-131205,AA-10645,OFF-AR-10003469,522,914,Standard Class,5.28,3,0.0,2.53
6041,CA-2017-122364,FA-14230,TEC-PH-10001817,142,242,Standard Class,859.2,3,0.2,75.18
6042,CA-2017-122364,FA-14230,TEC-MA-10001031,142,242,Standard Class,506.28,3,0.2,177.2
6043,CA-2016-117912,TB-21520,FUR-FU-10002088,172,1085,Standard Class,14.37,2,0.2,3.95
6044,CA-2017-145702,AH-10075,FUR-CH-10001482,366,241,Second Class,314.35,3,0.2,-35.36
6045,CA-2017-145702,AH-10075,OFF-PA-10001526,366,241,Second Class,27.89,7,0.2,10.11
6046,CA-2015-113215,CP-12085,FUR-FU-10002937,116,38,Standard Class,238.15,3,0.2,89.31
6047,CA-2016-154662,BF-11215,FUR-TA-10001771,40,633,Standard Class,692.94,3,0.0,173.24
6048,CA-2015-105571,CP-12340,OFF-BI-10003305,230,210,Standard Class,16.15,9,0.7,-12.92
6049,CA-2015-105571,CP-12340,OFF-BI-10001359,230,210,Standard Class,1345.48,5,0.7,-1031.54
6050,CA-2016-152765,LS-17245,OFF-PA-10000483,67,1086,First Class,173.49,7,0.2,54.22
6051,CA-2015-153878,TS-21655,OFF-AR-10000658,202,335,Standard Class,57.75,5,0.0,16.17
6052,CA-2015-153878,TS-21655,OFF-AP-10001205,202,335,Standard Class,272.4,5,0.0,76.27
6053,CA-2016-124016,JS-15940,OFF-PA-10002586,404,714,Second Class,11.95,3,0.2,4.03
6054,CA-2016-124016,JS-15940,FUR-FU-10004963,404,714,Second Class,28.0,4,0.2,7.7
6055,CA-2016-124016,JS-15940,OFF-BI-10002071,404,714,Second Class,12.2,7,0.7,-9.76
6056,CA-2016-113551,NF-18385,OFF-BI-10001617,466,299,First Class,2.07,1,0.8,-3.41
6057,CA-2016-113551,NF-18385,OFF-PA-10004665,466,299,First Class,83.84,8,0.2,30.39
6058,CA-2014-107524,KN-16705,OFF-EN-10001990,30,1087,Standard Class,11.36,2,0.0,5.34
6059,CA-2014-107524,KN-16705,OFF-PA-10000587,30,1087,Standard Class,36.4,5,0.0,17.47
6060,CA-2014-138072,GA-14725,TEC-AC-10004859,75,126,Standard Class,27.97,2,0.2,6.99
6061,CA-2015-134201,EH-14125,OFF-ST-10001476,145,890,Standard Class,142.04,4,0.0,38.35
6062,CA-2015-134201,EH-14125,OFF-AR-10002804,145,890,Standard Class,14.67,3,0.0,6.01
6063,CA-2015-111780,RA-19285,TEC-CO-10004202,89,708,Second Class,1199.96,5,0.2,224.99
6064,CA-2015-111780,RA-19285,OFF-PA-10001307,89,708,Second Class,12.6,3,0.0,6.17
6065,CA-2015-111780,RA-19285,OFF-PA-10001667,89,708,Second Class,17.94,3,0.0,8.07
6066,CA-2015-119942,TT-21070,OFF-LA-10001569,75,58,First Class,23.9,6,0.2,7.77
6067,CA-2015-151547,AH-10465,OFF-SU-10000898,558,185,Standard Class,88.96,8,0.2,10.01
6068,CA-2017-166695,CC-12430,FUR-CH-10000225,469,969,Standard Class,518.27,8,0.2,-97.18
6069,CA-2017-166695,CC-12430,FUR-FU-10002191,469,969,Standard Class,6.98,1,0.0,3.35
6070,CA-2017-166695,CC-12430,TEC-MA-10003176,469,969,Standard Class,343.2,1,0.2,38.61
6071,CA-2017-167542,KD-16495,OFF-LA-10004093,75,803,Standard Class,17.54,3,0.2,5.92
6072,CA-2015-120901,BG-11035,OFF-ST-10000025,111,621,Standard Class,152.69,2,0.2,-26.72
6073,CA-2015-120901,BG-11035,OFF-FA-10001561,111,621,Standard Class,3.49,2,0.2,0.57
6074,CA-2015-120901,BG-11035,OFF-SU-10001225,111,621,Standard Class,5.89,2,0.2,-1.32
6075,CA-2017-121398,FH-14365,OFF-BI-10001718,142,54,Standard Class,153.55,3,0.2,51.82
6076,CA-2017-121398,FH-14365,OFF-ST-10002756,142,54,Standard Class,270.62,2,0.0,2.71
6077,CA-2016-151561,PG-18820,TEC-AC-10001432,165,143,Standard Class,468.9,6,0.0,206.32
6078,CA-2016-151561,PG-18820,TEC-AC-10003399,165,143,Standard Class,72.48,2,0.0,30.44
6079,CA-2016-151561,PG-18820,OFF-SU-10001574,165,143,Standard Class,10.95,3,0.0,3.28
6080,CA-2016-151561,PG-18820,FUR-FU-10004864,165,143,Standard Class,191.82,3,0.0,61.38
6081,CA-2017-154676,NZ-18565,OFF-ST-10001172,33,486,First Class,151.06,9,0.2,7.55
6082,US-2014-165589,TB-21595,FUR-FU-10002396,339,1088,Same Day,25.16,5,0.6,-11.32
6083,US-2016-132577,JE-15475,OFF-BI-10004040,15,442,Standard Class,6.22,6,0.8,-9.63
6084,US-2016-132577,JE-15475,OFF-AR-10003481,15,442,Standard Class,23.62,9,0.2,2.66
6085,US-2016-132577,JE-15475,TEC-AC-10000387,15,442,Standard Class,24.03,2,0.2,-0.6
6086,US-2016-132577,JE-15475,OFF-LA-10000262,15,442,Standard Class,2.09,1,0.2,0.68
6087,US-2016-132577,JE-15475,OFF-BI-10003196,15,442,Standard Class,4.49,6,0.8,-6.73
6088,CA-2015-114048,EH-13945,FUR-FU-10004351,147,640,Standard Class,29.22,3,0.0,12.86
6089,CA-2015-137281,BF-10975,OFF-PA-10001870,237,386,Standard Class,6.48,1,0.0,3.11
6090,US-2017-162068,PC-18745,OFF-BI-10002813,523,117,Second Class,1.19,2,0.7,-0.99
6091,CA-2017-100111,SV-20365,FUR-CH-10003846,46,1089,Standard Class,272.65,3,0.1,18.18
6092,CA-2017-100111,SV-20365,TEC-AC-10002647,46,1089,Standard Class,212.8,2,0.0,95.76
6093,CA-2017-100111,SV-20365,OFF-PA-10000807,46,1089,Standard Class,38.52,9,0.0,18.1
6094,CA-2017-100111,SV-20365,TEC-AC-10001465,46,1089,Standard Class,72.64,2,0.0,21.79
6095,CA-2017-100111,SV-20365,OFF-ST-10000615,46,1089,Standard Class,45.4,4,0.0,12.71
6096,CA-2017-100111,SV-20365,OFF-PA-10002713,46,1089,Standard Class,13.76,2,0.0,6.33
6097,CA-2017-100111,SV-20365,FUR-CH-10003061,46,1089,Standard Class,80.99,1,0.1,8.1
6098,CA-2017-100111,SV-20365,OFF-BI-10000343,46,1089,Standard Class,11.78,3,0.2,3.98
6099,CA-2017-100111,SV-20365,OFF-FA-10000304,46,1089,Standard Class,4.36,2,0.0,1.79
6100,CA-2017-100111,SV-20365,FUR-CH-10004086,46,1089,Standard Class,2888.13,11,0.1,609.72
6101,CA-2017-100111,SV-20365,TEC-PH-10002885,46,1089,Standard Class,1299.66,2,0.0,350.91
6102,CA-2017-100111,SV-20365,FUR-CH-10001215,46,1089,Standard Class,2254.41,5,0.1,375.74
6103,CA-2017-100111,SV-20365,TEC-PH-10000215,46,1089,Standard Class,104.85,3,0.0,28.31
6104,CA-2017-100111,SV-20365,TEC-AC-10001998,46,1089,Standard Class,59.97,3,0.0,20.39
6105,US-2017-132381,Dp-13240,FUR-TA-10002356,106,1030,First Class,314.53,2,0.4,-83.88
6106,CA-2015-147011,HR-14830,OFF-AR-10002399,329,653,Standard Class,13.63,4,0.2,3.58
6107,CA-2014-120852,WB-21850,OFF-AP-10001563,71,415,Standard Class,19.43,2,0.8,-49.55
6108,CA-2014-120852,WB-21850,TEC-AC-10004510,71,415,Standard Class,65.44,5,0.2,-8.18
6109,CA-2016-150007,AS-10090,OFF-LA-10001982,156,109,Standard Class,6.0,2,0.2,2.1
6110,CA-2016-150007,AS-10090,OFF-BI-10004141,156,109,Standard Class,1.91,3,0.8,-3.24
6111,CA-2016-124590,SP-20920,FUR-CH-10004495,272,397,Standard Class,1474.8,7,0.3,-21.07
6112,CA-2016-124590,SP-20920,OFF-AP-10002311,272,397,Standard Class,110.1,2,0.2,33.03
6113,CA-2016-124590,SP-20920,OFF-FA-10000585,272,397,Standard Class,16.75,6,0.2,5.44
6114,CA-2016-124590,SP-20920,FUR-CH-10000454,272,397,Standard Class,1537.07,9,0.3,0.0
6115,CA-2016-124590,SP-20920,FUR-CH-10003746,272,397,Standard Class,449.37,2,0.3,-12.84
6116,CA-2016-133802,SP-20650,OFF-BI-10003291,559,561,Standard Class,41.9,6,0.2,14.14
6117,US-2016-113677,CM-12655,TEC-PH-10002114,165,374,Standard Class,2279.96,4,0.0,592.79
6118,US-2016-113677,CM-12655,OFF-LA-10001569,165,374,Standard Class,14.94,3,0.0,6.87
6119,CA-2017-143378,JR-16210,TEC-PH-10001425,331,21,Standard Class,191.98,3,0.2,19.2
6120,CA-2017-143378,JR-16210,OFF-AR-10001915,331,21,Standard Class,23.83,3,0.2,6.55
6121,CA-2017-143378,JR-16210,FUR-FU-10004864,331,21,Standard Class,409.22,8,0.2,61.38
6122,CA-2017-143378,JR-16210,FUR-BO-10001972,331,21,Standard Class,72.59,2,0.7,-128.24
6123,CA-2017-152660,CB-12415,OFF-ST-10000532,27,770,Standard Class,61.57,2,0.2,4.62
6124,CA-2015-142139,SD-20485,OFF-PA-10003883,472,285,Standard Class,20.96,4,0.2,6.81
6125,CA-2017-145772,SS-20140,TEC-AC-10003038,2,96,Standard Class,44.75,5,0.0,8.5
6126,CA-2017-145772,SS-20140,OFF-PA-10001593,2,96,Standard Class,11.96,2,0.0,5.38
6127,CA-2017-145772,SS-20140,OFF-BI-10002049,2,96,Standard Class,3.91,1,0.2,1.27
6128,CA-2016-124100,EH-13990,FUR-CH-10003817,30,1045,Standard Class,328.0,6,0.1,54.67
6129,US-2014-158400,AH-10030,OFF-BI-10002353,10,1090,First Class,49.41,4,0.2,18.53
6130,CA-2017-162033,EM-14200,TEC-AC-10003116,221,607,Standard Class,53.25,3,0.0,20.77
6131,CA-2017-162033,EM-14200,OFF-FA-10003021,221,607,Standard Class,3.76,2,0.0,1.32
6132,CA-2014-163447,TB-21190,FUR-CH-10004477,165,423,Standard Class,767.21,14,0.1,161.97
6133,CA-2017-145737,AB-10165,OFF-PA-10001033,560,176,Standard Class,163.96,5,0.2,59.44
6134,CA-2016-148096,AO-10810,FUR-TA-10004152,63,766,First Class,161.28,2,0.2,12.1
6135,CA-2016-146766,TT-21220,OFF-AR-10002135,459,255,Same Day,192.8,4,0.0,55.91
6136,CA-2015-105613,KN-16705,TEC-AC-10000521,479,1091,Standard Class,27.7,3,0.2,3.46
6137,CA-2015-105613,KN-16705,OFF-AP-10000026,479,1091,Standard Class,73.16,6,0.8,-186.57
6138,US-2016-142251,FO-14305,OFF-PA-10002986,476,732,Second Class,32.06,6,0.2,11.22
6139,CA-2014-131247,GA-14725,FUR-BO-10001337,95,810,Standard Class,205.67,2,0.15,-12.1
6140,US-2015-113593,NC-18415,OFF-ST-10000532,561,25,First Class,115.44,3,0.0,30.01
6141,CA-2017-121083,JF-15190,OFF-PA-10001497,114,363,Standard Class,274.8,5,0.0,134.65
6142,CA-2017-121083,JF-15190,OFF-ST-10002554,114,363,Standard Class,195.64,4,0.0,3.91
6143,CA-2017-121083,JF-15190,TEC-PH-10001336,114,363,Standard Class,257.98,2,0.0,74.81
6144,CA-2017-121083,JF-15190,OFF-AR-10002987,114,363,Standard Class,119.04,6,0.0,48.81
6145,CA-2017-151190,GT-14710,OFF-PA-10000575,199,819,Standard Class,20.07,3,0.0,9.23
6146,CA-2014-133543,KM-16660,OFF-AR-10003394,59,1092,Standard Class,11.76,4,0.0,3.18
6147,CA-2017-105130,PJ-18835,OFF-AR-10003394,35,611,Standard Class,11.76,4,0.0,3.18
6148,CA-2017-105130,PJ-18835,OFF-BI-10001191,35,611,Standard Class,40.74,2,0.2,14.77
6149,CA-2016-161928,AC-10660,TEC-PH-10003484,10,813,Second Class,201.58,2,0.2,12.6
6150,CA-2017-101322,JG-15310,FUR-CH-10003968,107,117,First Class,340.7,6,0.2,-34.07
6151,US-2016-106600,RM-19375,FUR-BO-10001608,113,144,First Class,354.9,5,0.0,88.72
6152,CA-2014-111871,EK-13795,FUR-BO-10004218,95,773,Second Class,1198.33,10,0.15,70.49
6153,CA-2017-139437,RD-19585,OFF-ST-10002485,26,446,Standard Class,87.92,4,0.0,0.88
6154,CA-2017-151484,CV-12805,FUR-FU-10001876,75,694,First Class,51.97,2,0.2,10.39
6155,CA-2017-151484,CV-12805,OFF-ST-10002370,75,694,First Class,51.34,3,0.2,5.78
6156,CA-2017-151484,CV-12805,OFF-ST-10000142,75,694,First Class,332.7,1,0.2,33.27
6157,CA-2017-151484,CV-12805,FUR-FU-10004671,75,694,First Class,42.41,3,0.2,9.54
6158,CA-2016-104150,AG-10330,OFF-EN-10002504,313,1093,Second Class,81.54,3,0.0,38.32
6159,CA-2016-104150,AG-10330,TEC-AC-10004803,313,1093,Second Class,167.28,12,0.0,23.42
6160,CA-2016-161025,GM-14440,OFF-ST-10001932,14,276,Standard Class,772.68,4,0.0,108.18
6161,CA-2014-103989,MC-17605,TEC-PH-10004667,153,1094,First Class,323.98,3,0.2,28.35
6162,CA-2014-103989,MC-17605,OFF-LA-10000443,153,1094,First Class,11.81,4,0.2,3.99
6163,CA-2014-103989,MC-17605,OFF-ST-10000918,153,1094,First Class,26.16,3,0.2,1.96
6164,CA-2014-103989,MC-17605,OFF-BI-10001196,153,1094,First Class,33.57,5,0.7,-25.74
6165,CA-2014-103989,MC-17605,FUR-FU-10003981,153,1094,First Class,4.99,3,0.2,1.37
6166,CA-2014-103989,MC-17605,FUR-FU-10002508,153,1094,First Class,20.02,3,0.2,5.5
6167,CA-2014-103989,MC-17605,TEC-AC-10002647,153,1094,First Class,170.24,2,0.2,53.2
6168,CA-2015-142433,ES-14020,OFF-PA-10002377,67,705,Standard Class,117.46,3,0.2,44.05
6169,CA-2015-132815,RW-19540,OFF-PA-10004530,142,445,Second Class,22.96,2,0.0,11.25
6170,CA-2014-101266,MM-17920,OFF-PA-10002986,29,10,Second Class,13.36,2,0.0,6.41
6171,CA-2016-141523,MH-17440,OFF-BI-10000948,46,1055,Second Class,34.25,3,0.2,11.56
6172,CA-2016-141523,MH-17440,OFF-AR-10001545,46,1055,Second Class,3.52,2,0.0,1.02
6173,US-2014-106299,NZ-18565,OFF-BI-10001758,335,1095,Standard Class,26.7,5,0.0,12.55
6174,US-2014-106299,NZ-18565,TEC-AC-10003237,335,1095,Standard Class,21.2,2,0.0,9.12
6175,US-2014-106299,NZ-18565,OFF-ST-10002011,335,1095,Standard Class,838.38,2,0.0,226.36
6176,CA-2015-158421,GB-14575,FUR-CH-10000309,38,482,Standard Class,1690.04,4,0.0,422.51
6177,CA-2015-158421,GB-14575,OFF-ST-10002444,38,482,Standard Class,85.96,7,0.0,24.07
6178,CA-2015-158421,GB-14575,OFF-EN-10001453,38,482,Standard Class,121.96,2,0.0,57.32
6179,CA-2015-158421,GB-14575,OFF-PA-10001801,38,482,Standard Class,23.92,4,0.0,11.72
6180,CA-2015-158421,GB-14575,OFF-ST-10000563,38,482,Standard Class,63.96,2,0.0,6.4
6181,CA-2015-158421,GB-14575,TEC-PH-10000369,38,482,Standard Class,629.95,5,0.0,176.39
6182,CA-2015-158421,GB-14575,TEC-PH-10002538,38,482,Standard Class,113.73,3,0.0,32.98
6183,CA-2015-158421,GB-14575,OFF-BI-10000050,38,482,Standard Class,14.6,2,0.0,6.86
6184,CA-2015-158421,GB-14575,OFF-ST-10004186,38,482,Standard Class,887.84,8,0.0,17.76
6185,CA-2016-143609,DB-13270,FUR-CH-10004218,41,26,First Class,403.92,5,0.2,25.24
6186,CA-2015-138331,JK-15625,OFF-AR-10002952,75,977,Standard Class,106.8,10,0.2,10.68
6187,CA-2015-138954,MH-17785,OFF-ST-10003058,46,220,First Class,70.95,3,0.0,20.58
6188,CA-2015-138954,MH-17785,OFF-BI-10003963,46,220,First Class,34.94,6,0.2,11.79
6189,CA-2015-138954,MH-17785,OFF-AR-10001955,46,220,First Class,119.04,6,0.0,35.71
6190,CA-2017-157903,AM-10705,TEC-PH-10004345,562,1096,Standard Class,383.84,4,0.2,47.98
6191,CA-2016-157259,JM-15535,FUR-FU-10003192,46,436,Standard Class,799.56,9,0.0,207.89
6192,CA-2017-107986,MW-18220,OFF-ST-10001325,6,1097,Same Day,31.44,3,0.0,8.49
6193,CA-2017-104927,AG-10330,OFF-PA-10000019,15,67,Standard Class,25.92,5,0.2,9.07
6194,CA-2017-104927,AG-10330,OFF-BI-10003429,15,67,Standard Class,6.33,5,0.8,-9.81
6195,CA-2017-104927,AG-10330,OFF-PA-10000176,15,67,Standard Class,75.88,5,0.2,26.56
6196,CA-2017-113453,CM-12160,TEC-PH-10004165,106,209,Standard Class,329.99,2,0.4,-77.0
6197,CA-2017-113453,CM-12160,OFF-ST-10000352,106,209,Standard Class,71.38,3,0.2,-4.46
6198,CA-2015-149909,RA-19915,OFF-PA-10000726,135,51,Standard Class,63.77,7,0.0,28.7
6199,CA-2015-149909,RA-19915,TEC-PH-10001536,135,51,Standard Class,50.97,3,0.0,13.25
6200,CA-2015-149909,RA-19915,OFF-PA-10001790,135,51,Standard Class,96.08,2,0.0,46.12
6201,CA-2015-146675,SB-20185,TEC-CO-10001766,190,393,Standard Class,1439.97,4,0.2,485.99
6202,CA-2015-146675,SB-20185,TEC-AC-10004396,190,393,Standard Class,43.56,3,0.2,-4.9
6203,CA-2016-118332,PK-19075,FUR-CH-10001708,431,187,Standard Class,563.92,5,0.2,7.05
6204,CA-2016-133669,SV-20935,TEC-PH-10001305,48,148,Standard Class,235.15,8,0.4,-47.03
6205,CA-2017-145660,MG-17650,FUR-FU-10002885,369,97,First Class,7.71,2,0.2,1.74
6206,CA-2016-133697,CM-12445,OFF-PA-10000726,15,202,Second Class,51.02,7,0.2,15.94
6207,CA-2016-133697,CM-12445,OFF-FA-10003112,15,202,Second Class,25.25,4,0.2,7.89
6208,CA-2016-133697,CM-12445,FUR-CH-10002372,15,202,Second Class,56.69,1,0.3,-14.58
6209,CA-2017-148138,ME-18010,OFF-ST-10000563,369,366,Standard Class,51.17,2,0.2,-6.4
6210,CA-2017-119809,YS-21880,OFF-BI-10003925,6,239,Standard Class,2793.53,9,0.2,942.82
6211,CA-2017-119809,YS-21880,OFF-ST-10003306,6,239,Standard Class,1000.02,7,0.0,290.01
6212,CA-2017-119809,YS-21880,FUR-FU-10001475,6,239,Standard Class,65.94,3,0.0,22.42
6213,CA-2017-149944,MB-17305,OFF-FA-10003495,563,106,Second Class,18.24,3,0.0,9.12
6214,CA-2017-149944,MB-17305,OFF-AP-10004708,563,106,Second Class,76.12,2,0.0,22.07
6215,CA-2014-128538,AS-10240,OFF-EN-10001219,415,857,Standard Class,7.64,1,0.0,3.74
6216,CA-2015-161711,MC-17425,FUR-FU-10000087,46,110,Standard Class,68.16,3,0.0,27.95
6217,CA-2015-161711,MC-17425,OFF-EN-10001539,46,110,Standard Class,62.24,8,0.0,29.25
6218,US-2015-129553,PG-18820,TEC-PH-10004897,176,1098,Standard Class,29.97,3,0.0,0.3
6219,CA-2016-160220,JS-16030,TEC-PH-10001300,191,202,Standard Class,125.7,6,0.0,35.2
6220,CA-2016-160220,JS-16030,TEC-PH-10001557,191,202,Standard Class,191.98,2,0.0,51.83
6221,CA-2016-160220,JS-16030,OFF-ST-10000617,191,202,Standard Class,20.86,7,0.0,1.46
6222,US-2017-157224,JB-16000,OFF-LA-10000121,63,33,Second Class,56.7,9,0.0,26.08
6223,CA-2017-140627,DK-12985,FUR-FU-10000087,564,332,Standard Class,72.7,4,0.2,19.08
6224,CA-2017-140627,DK-12985,OFF-AR-10000422,564,332,Standard Class,12.26,7,0.2,1.07
6225,CA-2017-140627,DK-12985,OFF-ST-10004123,564,332,Standard Class,218.35,3,0.2,-54.59
6226,CA-2015-133445,JF-15490,FUR-BO-10003660,41,349,Standard Class,66.29,1,0.7,-103.86
6227,CA-2015-133445,JF-15490,FUR-CH-10000422,41,349,Standard Class,291.17,4,0.2,-14.56
6228,CA-2014-148782,PO-18850,TEC-PH-10002923,275,982,Standard Class,88.78,3,0.2,7.77
6229,CA-2016-148208,BT-11530,TEC-PH-10004093,178,116,Standard Class,110.38,4,0.4,-20.24
6230,CA-2016-148208,BT-11530,TEC-AC-10000171,178,116,Standard Class,55.18,3,0.2,15.86
6231,CA-2017-127656,NW-18400,OFF-AR-10001166,565,498,Standard Class,30.32,4,0.0,11.82
6232,US-2017-142188,JF-15415,FUR-CH-10003199,60,221,Same Day,177.57,2,0.2,8.88
6233,US-2017-142188,JF-15415,OFF-PA-10002005,60,221,Same Day,19.44,3,0.0,9.33
6234,US-2017-142188,JF-15415,OFF-PA-10004101,60,221,Same Day,71.28,11,0.0,34.21
6235,US-2017-142188,JF-15415,OFF-BI-10004600,60,221,Same Day,1471.96,5,0.2,459.99
6236,US-2017-142188,JF-15415,TEC-PH-10000127,60,221,Same Day,79.96,5,0.2,-17.99
6237,CA-2016-144400,AC-10420,OFF-EN-10004386,75,1099,Standard Class,57.58,3,0.2,21.59
6238,US-2016-155180,TB-21280,OFF-BI-10004506,30,116,Standard Class,26.34,4,0.2,9.22
6239,CA-2015-134075,HA-14905,FUR-FU-10004597,59,296,Standard Class,166.5,3,0.0,21.64
6240,CA-2015-134075,HA-14905,OFF-ST-10001496,59,296,Standard Class,360.38,2,0.0,93.7
6241,US-2016-131912,LH-17155,OFF-BI-10004236,142,518,Second Class,11.74,1,0.2,3.82
6242,CA-2017-141572,LO-17170,FUR-FU-10001185,209,40,Second Class,247.44,8,0.0,101.45
6243,CA-2014-134621,DP-13390,OFF-BI-10000977,85,1060,Standard Class,18.24,2,0.7,-14.59
6244,CA-2016-165561,CR-12580,OFF-SU-10004782,293,391,Standard Class,25.35,3,0.0,7.6
6245,CA-2015-112305,KB-16405,OFF-AR-10002067,60,313,Standard Class,119.04,6,0.0,30.95
6246,CA-2015-112305,KB-16405,FUR-FU-10002364,60,313,Standard Class,22.14,3,0.0,6.42
6247,CA-2015-112305,KB-16405,TEC-AC-10002018,60,313,Standard Class,13.98,2,0.0,6.01
6248,CA-2017-121580,ML-17410,OFF-BI-10000632,135,149,Standard Class,43.41,1,0.0,19.97
6249,CA-2017-121580,ML-17410,FUR-FU-10003981,135,149,Standard Class,6.24,3,0.0,2.62
6250,CA-2017-121580,ML-17410,OFF-AP-10001564,135,149,Standard Class,465.16,2,0.0,120.94
6251,CA-2017-121580,ML-17410,OFF-PA-10004082,135,149,Standard Class,7.98,1,0.0,3.99
6252,CA-2014-101147,MC-17575,OFF-AP-10004249,37,267,First Class,2.39,1,0.8,-6.34
6253,CA-2014-165806,VM-21685,OFF-PA-10003441,511,885,Same Day,58.32,9,0.0,27.99
6254,CA-2014-165806,VM-21685,TEC-PH-10004922,511,885,Same Day,200.97,3,0.0,50.24
6255,CA-2015-151624,VW-21775,FUR-FU-10001731,154,1015,Standard Class,21.36,8,0.0,8.12
6256,CA-2017-139444,GK-14620,OFF-LA-10000134,303,429,Standard Class,9.86,4,0.2,3.45
6257,CA-2015-133977,AT-10435,OFF-BI-10003166,97,685,Second Class,3.44,1,0.7,-2.53
6258,CA-2017-141425,AR-10825,OFF-SU-10000646,48,809,Second Class,384.59,2,0.2,-81.73
6259,CA-2015-133536,JH-15820,OFF-EN-10004459,30,263,Second Class,22.92,3,0.0,11.23
6260,CA-2015-150441,RA-19285,OFF-BI-10003529,239,864,Second Class,11.36,4,0.0,5.57
6261,CA-2015-162607,RO-19780,OFF-BI-10002949,61,794,Standard Class,14.59,3,0.2,4.92
6262,CA-2017-103506,LR-17035,OFF-LA-10001158,256,284,Standard Class,41.4,4,0.0,19.87
6263,CA-2016-132479,MK-17905,OFF-BI-10004584,229,447,First Class,442.37,7,0.8,-729.91
6264,CA-2017-160724,YS-21880,OFF-BI-10004965,113,1025,Standard Class,34.5,3,0.0,15.52
6265,US-2016-115952,JH-15910,OFF-BI-10004654,313,1100,Same Day,28.85,5,0.0,14.42
6266,CA-2014-146731,AT-10735,OFF-PA-10000141,396,936,Standard Class,3.49,2,0.2,1.18
6267,CA-2014-146731,AT-10735,OFF-PA-10001019,396,936,Standard Class,143.86,9,0.2,48.55
6268,CA-2015-115392,RM-19675,TEC-PH-10002496,566,487,Second Class,311.98,2,0.0,93.59
6269,CA-2015-115392,RM-19675,OFF-BI-10000829,566,487,Second Class,22.45,5,0.0,10.33
6270,CA-2017-102379,BB-11545,TEC-PH-10001448,233,575,Standard Class,39.99,1,0.2,-8.0
6271,CA-2017-102379,BB-11545,FUR-CH-10004983,233,575,Standard Class,1159.06,9,0.2,43.46
6272,CA-2017-102379,BB-11545,OFF-AR-10004022,233,575,Standard Class,179.9,5,0.0,44.98
6273,CA-2017-149706,AS-10285,TEC-AC-10001284,567,158,First Class,116.31,7,0.2,23.26
6274,US-2016-139087,DK-13375,FUR-FU-10001847,60,20,Second Class,12.42,3,0.0,4.47
6275,US-2016-139087,DK-13375,TEC-AC-10004595,60,20,Second Class,428.4,3,0.0,89.96
6276,US-2016-139087,DK-13375,FUR-FU-10004164,60,20,Second Class,24.75,5,0.0,10.89
6277,US-2016-139087,DK-13375,OFF-LA-10001074,60,20,Second Class,87.71,7,0.0,41.22
6278,US-2016-139087,DK-13375,OFF-ST-10000604,60,20,Second Class,69.52,2,0.0,17.38
6279,US-2016-139087,DK-13375,TEC-PH-10000148,60,20,Second Class,20.78,2,0.2,-4.68
6280,US-2016-139087,DK-13375,OFF-BI-10000042,60,20,Second Class,12.82,3,0.2,4.17
6281,CA-2017-152226,JH-15910,OFF-LA-10000443,94,606,Standard Class,5.9,2,0.2,1.99
6282,CA-2015-116484,JK-15205,FUR-FU-10002874,369,313,Standard Class,63.82,2,0.2,9.57
6283,CA-2015-116484,JK-15205,OFF-ST-10003994,369,313,Standard Class,141.55,3,0.2,-26.54
6284,CA-2016-100944,EH-13765,OFF-EN-10001453,14,447,Standard Class,304.9,5,0.0,143.3
6285,CA-2016-100944,EH-13765,FUR-CH-10000988,14,447,Standard Class,563.24,5,0.2,56.32
6286,CA-2016-125080,VW-21775,FUR-TA-10003238,347,148,Standard Class,661.18,2,0.4,-231.41
6287,CA-2016-121020,CG-12040,TEC-PH-10001061,560,1058,Standard Class,239.98,3,0.2,18.0
6288,CA-2014-100090,EB-13705,FUR-TA-10003715,35,1002,Standard Class,502.49,3,0.2,-87.94
6289,CA-2014-100090,EB-13705,OFF-BI-10001597,35,1002,Standard Class,196.7,6,0.2,68.85
6290,US-2015-139675,NF-18595,FUR-CH-10004063,550,650,Second Class,915.14,4,0.2,102.95
6291,US-2015-139675,NF-18595,FUR-FU-10001979,550,650,Second Class,327.76,8,0.0,91.77
6292,CA-2017-143756,ME-17725,FUR-CH-10001854,271,575,First Class,701.96,2,0.0,168.47
6293,CA-2015-151253,AZ-10750,TEC-PH-10002923,142,1101,Standard Class,88.78,3,0.2,7.77
6294,CA-2015-151253,AZ-10750,OFF-AR-10004691,142,1101,Standard Class,64.14,3,0.0,16.68
6295,CA-2014-141152,RF-19345,OFF-BI-10002931,24,1102,First Class,33.55,1,0.2,12.58
6296,CA-2014-141313,AJ-10780,OFF-AP-10002651,568,130,Standard Class,1737.18,6,0.0,503.78
6297,CA-2014-141313,AJ-10780,OFF-ST-10000689,568,130,Standard Class,704.25,5,0.0,84.51
6298,CA-2014-141313,AJ-10780,OFF-PA-10003302,568,130,Standard Class,141.76,4,0.0,66.63
6299,CA-2014-169852,SF-20965,OFF-BI-10001460,143,619,Standard Class,36.36,3,0.2,12.27
6300,CA-2017-107314,MZ-17335,FUR-FU-10003489,10,330,First Class,25.83,3,0.0,9.56
6301,US-2014-161305,SB-20170,OFF-BI-10002794,37,572,Standard Class,24.59,3,0.8,-38.11
6302,US-2014-161305,SB-20170,OFF-EN-10000461,37,572,Standard Class,13.98,2,0.2,4.72
6303,CA-2017-166919,AH-10210,TEC-PH-10001305,78,52,Standard Class,195.96,5,0.2,19.6
6304,CA-2017-162712,NK-18490,OFF-PA-10000167,414,979,Second Class,74.35,3,0.2,23.24
6305,CA-2017-107552,AI-10855,OFF-PA-10002947,46,1025,Same Day,6.68,1,0.0,3.21
6306,CA-2016-163328,TP-21565,OFF-SU-10002301,569,255,Second Class,17.58,7,0.2,-4.18
6307,CA-2016-163328,TP-21565,FUR-CH-10003298,569,255,Second Class,104.78,1,0.2,-14.41
6308,CA-2016-163328,TP-21565,OFF-PA-10004353,569,255,Second Class,47.95,3,0.2,16.78
6309,CA-2016-163328,TP-21565,FUR-CH-10000229,569,255,Second Class,650.35,3,0.2,-97.55
6310,CA-2016-163328,TP-21565,OFF-LA-10003930,569,255,Second Class,629.18,8,0.2,228.08
6311,CA-2016-163328,TP-21565,OFF-PA-10000176,569,255,Second Class,15.18,1,0.2,5.31
6312,CA-2014-112837,LW-17125,FUR-FU-10004006,570,1103,Standard Class,127.95,3,0.0,21.75
6313,CA-2017-120019,NG-18355,OFF-ST-10001932,70,912,Standard Class,579.51,3,0.0,81.13
6314,CA-2017-120019,NG-18355,TEC-PH-10000923,70,912,Standard Class,14.99,1,0.0,7.35
6315,CA-2014-100762,NG-18355,OFF-AR-10000380,31,157,Standard Class,151.92,4,0.0,45.58
6316,CA-2014-100762,NG-18355,OFF-LA-10003930,31,157,Standard Class,196.62,2,0.0,96.34
6317,CA-2014-100762,NG-18355,OFF-PA-10001815,31,157,Standard Class,144.12,3,0.0,69.18
6318,CA-2014-100762,NG-18355,OFF-PA-10004082,31,157,Standard Class,15.96,2,0.0,7.98
6319,CA-2017-161459,EB-13750,TEC-PH-10004071,288,921,Second Class,39.96,5,0.2,3.5
6320,CA-2017-161459,EB-13750,OFF-PA-10002377,288,921,Second Class,34.08,6,0.0,15.34
6321,CA-2017-160017,SP-20860,OFF-PA-10001800,134,395,Standard Class,10.37,2,0.2,3.63
6322,CA-2014-123316,SP-20545,OFF-BI-10002764,185,304,Standard Class,7.75,3,0.2,2.81
6323,CA-2014-141299,RB-19795,OFF-EN-10004459,375,562,Second Class,15.28,2,0.0,7.49
6324,CA-2014-104402,DB-13660,TEC-MA-10000423,286,1104,Standard Class,65.97,3,0.0,31.01
6325,CA-2015-110289,NB-18655,OFF-PA-10002986,10,1105,Standard Class,33.4,5,0.0,16.03
6326,CA-2015-110289,NB-18655,OFF-EN-10001434,10,1105,Standard Class,210.84,4,0.0,103.31
6327,CA-2014-167927,XP-21865,OFF-ST-10000760,21,408,Standard Class,13.98,1,0.0,4.05
6328,CA-2014-167927,XP-21865,FUR-FU-10002918,21,408,Standard Class,272.94,3,0.0,30.02
6329,CA-2014-167927,XP-21865,OFF-BI-10000605,21,408,Standard Class,19.05,5,0.0,8.95
6330,CA-2014-167927,XP-21865,OFF-AP-10002311,21,408,Standard Class,247.72,4,0.1,93.58
6331,CA-2014-167927,XP-21865,OFF-ST-10003123,21,408,Standard Class,66.58,2,0.0,15.98
6332,CA-2014-167927,XP-21865,OFF-AR-10004456,21,408,Standard Class,43.92,3,0.0,12.74
6333,CA-2014-167927,XP-21865,FUR-FU-10002268,21,408,Standard Class,14.73,3,0.0,4.86
6334,CA-2014-167927,XP-21865,OFF-BI-10004364,21,408,Standard Class,29.7,5,0.0,13.36
6335,CA-2014-133305,MH-17455,OFF-PA-10001970,165,385,Standard Class,49.12,4,0.0,23.09
6336,CA-2014-133305,MH-17455,OFF-BI-10002954,165,385,Standard Class,18.28,5,0.2,6.4
6337,CA-2016-165995,BG-11740,FUR-FU-10000672,142,134,Standard Class,47.04,4,0.0,15.99
6338,CA-2016-165995,BG-11740,TEC-PH-10004908,142,134,Standard Class,339.96,5,0.2,42.5
6339,CA-2017-143112,TS-21370,TEC-PH-10003095,46,362,Standard Class,87.8,4,0.0,43.9
6340,CA-2017-143112,TS-21370,FUR-CH-10002880,46,362,Standard Class,221.38,2,0.1,2.46
6341,CA-2017-143112,TS-21370,TEC-MA-10001047,46,362,Standard Class,5199.96,4,0.0,1351.99
6342,US-2017-105830,DB-13660,OFF-ST-10002554,404,414,First Class,156.51,4,0.2,-35.22
6343,CA-2015-146255,EM-14140,TEC-AC-10004469,286,1106,First Class,119.85,3,0.0,52.73
6344,CA-2015-146255,EM-14140,OFF-BI-10000309,286,1106,First Class,30.44,2,0.0,14.92
6345,CA-2015-146255,EM-14140,OFF-BI-10001765,286,1106,First Class,69.28,2,0.0,33.25
6346,CA-2015-146255,EM-14140,TEC-PH-10001619,286,1106,First Class,587.97,3,0.0,170.51
6347,CA-2017-104822,RB-19465,OFF-LA-10002034,24,180,Same Day,24.55,5,0.0,12.03
6348,CA-2015-104486,PO-18850,OFF-BI-10000309,10,490,Standard Class,12.18,1,0.2,4.41
6349,CA-2015-104486,PO-18850,OFF-ST-10000876,10,490,Standard Class,37.32,3,0.0,10.45
6350,CA-2015-104486,PO-18850,OFF-SU-10002573,10,490,Standard Class,35.06,2,0.0,10.52
6351,CA-2017-161557,AG-10900,FUR-FU-10004622,163,214,Standard Class,108.4,5,0.6,-105.69
6352,CA-2017-161130,BF-11275,TEC-PH-10002549,329,133,Standard Class,361.38,2,0.2,27.1
6353,US-2015-161347,HG-14845,OFF-BI-10004209,75,1024,Standard Class,2.41,1,0.7,-2.01
6354,US-2015-109015,BS-11590,OFF-AP-10001962,165,685,Standard Class,8.39,1,0.0,2.1
6355,US-2015-109015,BS-11590,TEC-PH-10002922,165,685,Standard Class,337.98,2,0.0,101.39
6356,CA-2014-110611,JD-16015,OFF-ST-10000642,75,192,Standard Class,83.92,5,0.2,-13.64
6357,CA-2017-139080,CS-12250,OFF-BI-10001757,6,206,Standard Class,19.68,5,0.2,6.89
6358,CA-2017-139080,CS-12250,OFF-PA-10004621,6,206,Standard Class,25.92,4,0.0,12.44
6359,CA-2017-139080,CS-12250,OFF-PA-10002262,6,206,Standard Class,6.48,1,0.0,3.11
6360,CA-2017-139080,CS-12250,TEC-PH-10004100,6,206,Standard Class,86.35,6,0.2,8.64
6361,CA-2015-115693,FC-14245,OFF-AR-10003582,4,896,Standard Class,56.3,2,0.0,15.76
6362,US-2014-107993,SE-20110,OFF-AR-10003179,331,642,Standard Class,51.02,7,0.2,8.29
6363,CA-2017-110443,CK-12205,OFF-BI-10001670,571,611,Standard Class,150.8,5,0.2,56.55
6364,CA-2017-110443,CK-12205,TEC-MA-10002073,571,611,Standard Class,1039.99,1,0.2,104.0
6365,CA-2017-110443,CK-12205,OFF-PA-10003797,571,611,Standard Class,51.84,8,0.0,24.88
6366,CA-2017-144848,DS-13030,TEC-PH-10004006,30,1096,First Class,41.22,1,0.0,11.13
6367,CA-2017-144848,DS-13030,OFF-SU-10000646,30,1096,First Class,240.37,1,0.0,7.21
6368,CA-2017-144848,DS-13030,TEC-PH-10002262,30,1096,First Class,119.02,2,0.0,33.33
6369,US-2017-147998,SA-20830,OFF-BI-10002082,59,241,Standard Class,133.12,5,0.2,49.92
6370,CA-2016-103919,TP-21565,FUR-FU-10001756,71,340,Standard Class,38.08,5,0.6,-29.51
6371,CA-2016-113425,JK-16120,FUR-BO-10002598,30,832,Same Day,113.57,2,0.2,12.78
6372,CA-2017-143035,CC-12430,FUR-FU-10001934,30,622,Second Class,83.92,4,0.0,21.82
6373,CA-2017-143035,CC-12430,OFF-AR-10001130,30,622,Second Class,6.63,3,0.0,3.12
6374,CA-2017-143035,CC-12430,TEC-AC-10002049,30,622,Second Class,371.97,3,0.0,66.95
6375,CA-2014-107811,LA-16780,FUR-CH-10001394,32,334,Standard Class,561.58,2,0.2,70.2
6376,CA-2014-107811,LA-16780,OFF-ST-10000798,32,334,Standard Class,99.92,5,0.2,-1.25
6377,CA-2016-163216,AW-10930,OFF-LA-10000134,106,878,First Class,4.93,2,0.2,1.72
6378,US-2016-116442,BP-11230,FUR-FU-10002364,26,273,Standard Class,14.76,2,0.0,4.28
6379,CA-2017-150623,DB-13360,TEC-AC-10004571,506,319,Standard Class,99.99,1,0.0,42.0
6380,CA-2017-150623,DB-13360,OFF-ST-10003692,506,319,Standard Class,286.15,5,0.0,71.54
6381,US-2014-163797,PC-19000,OFF-FA-10001883,524,919,Standard Class,49.79,8,0.2,-11.83
6382,CA-2016-127236,TB-21595,FUR-BO-10004015,158,893,Standard Class,299.98,5,0.5,-167.99
6383,CA-2016-127236,TB-21595,TEC-PH-10000141,158,893,Standard Class,158.38,4,0.4,-36.95
6384,US-2017-104661,TB-21250,OFF-BI-10001597,111,788,First Class,32.78,4,0.8,-52.45
6385,US-2017-104661,TB-21250,TEC-AC-10003628,111,788,First Class,47.98,2,0.2,14.4
6386,US-2017-104661,TB-21250,TEC-AC-10002331,111,788,First Class,62.59,8,0.2,13.3
6387,US-2017-104661,TB-21250,OFF-BI-10001098,111,788,First Class,4.28,1,0.8,-6.63
6388,CA-2014-134103,MV-18190,OFF-PA-10001204,152,1107,Standard Class,10.56,2,0.0,4.75
6389,CA-2014-134103,MV-18190,OFF-ST-10000991,152,1107,Standard Class,229.94,2,0.0,6.9
6390,CA-2015-147529,DK-12835,OFF-EN-10000056,29,1108,Standard Class,311.15,5,0.0,146.24
6391,CA-2015-147529,DK-12835,OFF-PA-10003349,29,1108,Standard Class,12.96,2,0.0,6.35
6392,CA-2016-129126,PK-19075,OFF-PA-10001471,165,883,Standard Class,14.62,2,0.0,6.73
6393,CA-2016-129126,PK-19075,OFF-LA-10003190,165,883,Standard Class,5.76,2,0.0,2.82
6394,CA-2016-129126,PK-19075,OFF-FA-10000621,165,883,Standard Class,21.48,6,0.0,10.53
6395,CA-2016-129126,PK-19075,FUR-FU-10002937,165,883,Standard Class,396.92,4,0.0,198.46
6396,CA-2016-129126,PK-19075,OFF-ST-10004507,165,883,Standard Class,17.15,1,0.0,4.63
6397,CA-2016-129126,PK-19075,OFF-BI-10000279,165,883,Standard Class,23.12,2,0.2,7.8
6398,CA-2017-131632,AH-10120,OFF-AR-10003651,163,1109,Standard Class,5.25,2,0.2,0.59
6399,CA-2017-151981,GM-14455,TEC-PH-10003601,209,635,Standard Class,824.95,5,0.0,247.48
6400,CA-2017-151981,GM-14455,OFF-LA-10002195,209,635,Standard Class,24.64,8,0.0,11.83
6401,CA-2017-151981,GM-14455,OFF-AR-10000380,209,635,Standard Class,227.88,6,0.0,68.36
6402,CA-2017-125472,BD-11725,FUR-BO-10000330,300,1110,First Class,241.96,2,0.0,33.87
6403,CA-2017-125472,BD-11725,OFF-BI-10000591,300,1110,First Class,3.89,1,0.0,1.87
6404,CA-2017-125472,BD-11725,FUR-FU-10001731,300,1110,First Class,8.01,3,0.0,3.04
6405,CA-2015-156328,RM-19375,TEC-PH-10001198,315,673,Standard Class,177.48,3,0.2,19.97
6406,CA-2017-154074,BW-11110,FUR-CH-10002331,322,516,Second Class,569.57,2,0.2,7.12
6407,CA-2017-154074,BW-11110,OFF-ST-10002370,322,516,Second Class,149.73,7,0.0,43.42
6408,CA-2017-161774,GT-14710,FUR-CH-10003981,17,305,First Class,899.43,5,0.3,-12.85
6409,CA-2017-161774,GT-14710,OFF-AR-10001446,17,305,First Class,46.2,5,0.2,5.78
6410,CA-2017-161774,GT-14710,OFF-PA-10000300,17,305,First Class,47.95,3,0.2,16.18
6411,CA-2017-161774,GT-14710,TEC-PH-10004071,17,305,First Class,7.99,1,0.2,0.7
6412,CA-2017-161774,GT-14710,OFF-PA-10003134,17,305,First Class,76.86,2,0.2,26.9
6413,CA-2017-151211,AH-10120,OFF-BI-10002735,176,630,Standard Class,102.93,3,0.0,48.38
6414,CA-2017-151211,AH-10120,TEC-AC-10004510,176,630,Standard Class,98.16,6,0.0,9.82
6415,CA-2017-142671,DR-12940,OFF-BI-10004099,476,469,Second Class,11.52,5,0.7,-7.68
6416,CA-2017-144750,DL-13495,OFF-PA-10003395,524,171,Same Day,83.88,1,0.2,29.36
6417,CA-2016-111976,BD-11620,TEC-PH-10002890,75,388,Standard Class,108.58,4,0.4,-25.33
6418,CA-2016-111976,BD-11620,OFF-FA-10004968,75,388,Standard Class,5.98,2,0.2,-1.35
6419,CA-2016-140130,HW-14935,OFF-SU-10001218,313,732,Standard Class,21.96,2,0.0,6.15
6420,CA-2016-140130,HW-14935,FUR-CH-10002084,313,732,Standard Class,368.97,3,0.0,81.17
6421,CA-2016-140130,HW-14935,OFF-AR-10004269,313,732,Standard Class,12.39,3,0.0,3.47
6422,CA-2016-140130,HW-14935,OFF-ST-10001128,313,732,Standard Class,332.94,3,0.0,9.99
6423,CA-2014-159121,JO-15145,TEC-AC-10002006,541,712,Standard Class,111.93,7,0.0,34.7
6424,CA-2015-149650,RD-19660,FUR-CH-10003956,233,1041,First Class,454.27,8,0.2,-73.82
6425,CA-2017-115777,DO-13645,OFF-PA-10000552,129,972,Standard Class,19.44,3,0.0,9.33
6426,CA-2016-143714,CC-12370,TEC-CO-10004722,75,455,Standard Class,8399.98,4,0.4,1120.0
6427,CA-2016-143714,CC-12370,OFF-BI-10004308,75,455,Standard Class,6.29,1,0.7,-4.2
6428,CA-2016-143714,CC-12370,OFF-PA-10000029,75,455,Standard Class,10.37,2,0.2,3.63
6429,CA-2016-143714,CC-12370,TEC-PH-10004080,75,455,Standard Class,122.38,3,0.4,-24.48
6430,CA-2014-165764,SH-20395,OFF-ST-10001558,223,936,Standard Class,25.98,2,0.2,-1.62
6431,CA-2014-165764,SH-20395,FUR-TA-10001768,223,936,Standard Class,945.04,6,0.4,-299.26
6432,CA-2014-165764,SH-20395,OFF-BI-10002982,223,936,Standard Class,14.3,7,0.7,-10.49
6433,CA-2014-165764,SH-20395,FUR-FU-10001468,223,936,Standard Class,410.35,3,0.2,-51.29
6434,CA-2015-121405,FC-14335,OFF-PA-10001838,27,1111,Standard Class,23.52,5,0.2,8.53
6435,CA-2015-121405,FC-14335,TEC-PH-10002890,27,1111,Standard Class,180.96,5,0.2,13.57
6436,US-2017-116897,JG-15160,FUR-FU-10004963,544,838,First Class,35.0,4,0.0,14.7
6437,US-2017-116897,JG-15160,OFF-ST-10000025,544,838,First Class,477.15,5,0.0,28.63
6438,US-2017-116897,JG-15160,TEC-PH-10004389,544,838,First Class,302.38,3,0.2,22.68
6439,US-2017-113992,LC-16885,FUR-TA-10000577,303,818,Standard Class,974.99,4,0.3,-97.5
6440,CA-2014-166891,CC-12220,FUR-CH-10003298,24,778,First Class,589.41,5,0.1,-6.55
6441,CA-2016-101161,BW-11110,OFF-AR-10001860,24,64,Standard Class,34.7,5,0.0,12.49
6442,CA-2016-101161,BW-11110,OFF-ST-10003123,24,64,Standard Class,99.87,3,0.0,23.97
6443,CA-2016-101161,BW-11110,OFF-PA-10001295,24,64,Standard Class,37.94,2,0.0,18.21
6444,CA-2016-101161,BW-11110,OFF-LA-10000407,24,64,Standard Class,24.9,5,0.0,11.45
6445,CA-2016-101161,BW-11110,FUR-FU-10003535,24,64,Standard Class,82.26,3,0.0,33.73
6446,CA-2015-151785,JJ-15445,OFF-FA-10000611,37,617,Standard Class,7.1,6,0.2,2.49
6447,US-2017-119816,TT-21460,FUR-FU-10004848,15,169,Second Class,103.5,5,0.6,-77.62
6448,US-2017-119816,TT-21460,OFF-LA-10002381,15,169,Second Class,2.46,1,0.2,0.86
6449,US-2017-119816,TT-21460,OFF-ST-10000918,15,169,Second Class,8.72,1,0.2,0.65
6450,CA-2015-156510,EH-13990,OFF-BI-10000822,317,13,Standard Class,10.76,2,0.0,5.16
6451,CA-2015-156510,EH-13990,OFF-PA-10002222,317,13,Standard Class,45.68,2,0.0,21.01
6452,CA-2015-156510,EH-13990,OFF-AR-10004930,317,13,Standard Class,6.7,1,0.0,2.21
6453,US-2015-110261,PR-18880,TEC-PH-10001750,572,547,Second Class,158.38,3,0.2,13.86
6454,CA-2015-125710,BT-11680,OFF-AR-10000657,67,1050,Standard Class,3.44,2,0.2,0.56
6455,CA-2017-161102,EC-14050,OFF-ST-10003442,95,690,First Class,56.56,2,0.0,15.27
6456,CA-2017-161102,EC-14050,FUR-FU-10003142,95,690,First Class,36.96,7,0.0,11.46
6457,CA-2014-110065,SP-20650,TEC-PH-10002468,30,80,Standard Class,135.99,1,0.0,36.72
6458,CA-2014-110065,SP-20650,OFF-AR-10004165,30,80,Standard Class,15.96,7,0.0,7.02
6459,US-2017-133361,AJ-10780,OFF-AR-10001919,309,305,First Class,3.76,2,0.0,1.09
6460,US-2017-133361,AJ-10780,OFF-AR-10003045,309,305,First Class,14.7,5,0.0,6.62
6461,US-2017-133361,AJ-10780,OFF-AR-10003338,309,305,First Class,37.2,5,0.0,9.3
6462,US-2017-133361,AJ-10780,TEC-AC-10003280,309,305,First Class,89.97,3,0.0,18.89
6463,US-2017-133361,AJ-10780,FUR-CH-10003298,309,305,First Class,261.96,2,0.0,23.58
6464,US-2017-133361,AJ-10780,OFF-LA-10004544,309,305,First Class,74.0,5,0.0,37.0
6465,US-2016-155404,AS-10630,FUR-FU-10004586,176,898,Standard Class,13.28,2,0.0,6.37
6466,CA-2015-114503,AA-10375,OFF-ST-10003572,560,51,Standard Class,84.96,6,0.2,6.37
6467,CA-2017-153080,EH-13945,TEC-AC-10002331,142,1054,Second Class,68.46,7,0.0,25.33
6468,CA-2016-163804,DB-13270,OFF-ST-10000142,260,500,Standard Class,2079.4,5,0.0,582.23
6469,CA-2016-163804,DB-13270,TEC-PH-10000441,260,500,Standard Class,629.95,5,0.0,176.39
6470,CA-2016-163804,DB-13270,FUR-FU-10004864,260,500,Standard Class,72.42,6,0.0,23.9
6471,CA-2015-108532,CC-12100,TEC-PH-10001750,152,1112,Standard Class,131.98,2,0.0,35.63
6472,CA-2015-108532,CC-12100,TEC-AC-10004510,152,1112,Standard Class,114.52,7,0.0,11.45
6473,CA-2014-151897,VT-21700,OFF-LA-10001074,33,572,Standard Class,100.24,10,0.2,33.83
6474,CA-2016-113292,DB-13060,OFF-AP-10003590,85,197,Second Class,871.8,3,0.2,87.18
6475,CA-2014-149524,BS-11590,FUR-BO-10003433,12,1113,First Class,61.96,4,0.5,-53.29
6476,CA-2017-140872,NR-18550,OFF-BI-10002432,119,96,Standard Class,4.55,3,0.7,-3.49
6477,CA-2017-140872,NR-18550,OFF-AP-10003622,119,96,Standard Class,5.2,2,0.2,0.58
6478,CA-2017-140872,NR-18550,TEC-AC-10003832,119,96,Standard Class,205.99,1,0.2,-2.57
6479,CA-2017-140872,NR-18550,OFF-PA-10000809,119,96,Standard Class,15.55,3,0.2,5.44
6480,CA-2017-140872,NR-18550,TEC-PH-10000441,119,96,Standard Class,503.96,5,0.2,50.4
6481,CA-2017-140872,NR-18550,OFF-AP-10002287,119,96,Standard Class,24.47,7,0.2,1.84
6482,CA-2017-140872,NR-18550,FUR-BO-10002824,119,96,Standard Class,241.57,2,0.2,0.0
6483,CA-2017-140872,NR-18550,TEC-AC-10002942,119,96,Standard Class,110.4,2,0.2,-4.14
6484,CA-2017-113908,KN-16390,FUR-TA-10001932,165,96,Standard Class,384.77,2,0.4,-115.43
6485,CA-2017-113908,KN-16390,TEC-MA-10003173,165,96,Standard Class,78.66,6,0.0,36.18
6486,CA-2017-113908,KN-16390,OFF-PA-10004156,165,96,Standard Class,45.36,4,0.0,22.23
6487,CA-2015-120621,JW-16075,OFF-AP-10002945,223,1114,Standard Class,962.08,4,0.2,156.34
6488,CA-2015-120621,JW-16075,OFF-BI-10000948,223,1114,Standard Class,12.84,3,0.7,-9.85
6489,CA-2015-120621,JW-16075,OFF-PA-10002254,223,1114,Standard Class,295.46,14,0.2,96.02
6490,US-2017-148866,JM-15535,OFF-PA-10004782,165,21,Standard Class,32.4,5,0.0,15.55
6491,CA-2014-149594,MF-18250,FUR-FU-10000222,75,1115,Standard Class,103.94,4,0.2,16.89
6492,CA-2016-113845,FA-14230,FUR-BO-10004695,416,74,Standard Class,289.57,2,0.2,10.86
6493,CA-2016-113845,FA-14230,OFF-ST-10003327,416,74,Standard Class,39.72,5,0.2,4.47
6494,CA-2016-113845,FA-14230,TEC-PH-10003357,416,74,Standard Class,244.77,4,0.2,24.48
6495,CA-2017-111262,KH-16510,TEC-AC-10002167,15,961,Second Class,24.0,2,0.2,-2.7
6496,CA-2017-111262,KH-16510,OFF-PA-10001937,15,961,Second Class,15.55,3,0.2,5.44
6497,CA-2017-111262,KH-16510,TEC-AC-10004510,15,961,Second Class,26.18,2,0.2,-3.27
6498,CA-2015-103135,SS-20515,FUR-FU-10001487,176,1116,Standard Class,20.94,3,0.0,6.07
6499,CA-2015-103135,SS-20515,OFF-BI-10000069,176,1116,Standard Class,135.09,9,0.0,62.14
6500,CA-2015-103135,SS-20515,TEC-AC-10003289,176,1116,Standard Class,279.86,14,0.0,64.37
6501,CA-2015-103135,SS-20515,OFF-BI-10000069,176,1116,Standard Class,90.06,6,0.0,41.43
6502,CA-2014-129147,LC-17050,TEC-PH-10001299,82,982,Standard Class,539.96,6,0.4,-107.99
6503,CA-2014-129147,LC-17050,TEC-PH-10001552,82,982,Standard Class,50.23,7,0.4,-10.05
6504,CA-2014-129147,LC-17050,OFF-BI-10001098,82,982,Standard Class,19.24,3,0.7,-13.47
6505,CA-2017-128265,VW-21775,OFF-ST-10000142,165,702,Second Class,1247.64,3,0.0,349.34
6506,CA-2016-152331,LD-16855,OFF-AR-10001547,156,191,Standard Class,5.3,3,0.2,0.46
6507,US-2016-128909,SP-20545,OFF-PA-10001593,106,791,Second Class,19.14,4,0.2,5.98
6508,US-2016-128909,SP-20545,FUR-FU-10004071,106,791,Second Class,332.83,4,0.2,-24.96
6509,CA-2017-102197,DK-13150,OFF-PA-10001970,30,699,Standard Class,279.9,5,0.0,137.15
6510,CA-2017-102197,DK-13150,OFF-BI-10001524,30,699,Standard Class,50.35,3,0.2,17.62
6511,CA-2017-102197,DK-13150,OFF-PA-10004156,30,699,Standard Class,34.02,3,0.0,16.67
6512,CA-2017-167640,FC-14245,OFF-AR-10003158,10,905,Standard Class,23.88,6,0.0,8.12
6513,CA-2017-167640,FC-14245,OFF-LA-10004559,10,905,Standard Class,11.52,4,0.0,5.64
6514,CA-2017-167640,FC-14245,OFF-PA-10001033,10,905,Standard Class,286.93,7,0.0,140.6
6515,CA-2017-167640,FC-14245,TEC-PH-10001336,10,905,Standard Class,206.38,2,0.2,23.22
6516,US-2017-116652,RD-19480,FUR-CH-10002961,35,176,Standard Class,218.35,3,0.2,0.0
6517,US-2017-116652,RD-19480,FUR-FU-10001488,35,176,Standard Class,529.9,5,0.0,105.98
6518,US-2017-116652,RD-19480,OFF-AR-10001915,35,176,Standard Class,99.3,10,0.0,41.71
6519,US-2017-116652,RD-19480,OFF-AP-10001205,35,176,Standard Class,108.96,2,0.0,30.51
6520,US-2017-116652,RD-19480,OFF-BI-10004528,35,176,Standard Class,2.69,1,0.2,0.84
6521,CA-2017-138289,AR-10540,OFF-BI-10004995,31,1035,Second Class,5443.96,4,0.0,2504.22
6522,CA-2017-138289,AR-10540,FUR-CH-10004626,31,1035,Second Class,302.67,3,0.0,72.64
6523,CA-2017-138289,AR-10540,OFF-PA-10001260,31,1035,Second Class,56.07,7,0.0,25.23
6524,CA-2016-129308,CC-12100,OFF-LA-10002945,75,275,Standard Class,10.08,2,0.2,3.28
6525,CA-2016-129308,CC-12100,TEC-PH-10002310,75,275,Standard Class,59.99,1,0.4,-13.0
6526,CA-2016-129308,CC-12100,OFF-BI-10001525,75,275,Standard Class,5.72,5,0.7,-4.76
6527,CA-2016-129308,CC-12100,OFF-BI-10001308,75,275,Standard Class,9.42,5,0.7,-7.85
6528,CA-2016-157791,CA-11965,TEC-CO-10002095,123,444,Second Class,1999.96,4,0.0,899.98
6529,CA-2014-146864,BT-11530,OFF-ST-10004946,24,1092,Standard Class,216.4,4,0.0,56.26
6530,CA-2014-103744,MG-17875,OFF-LA-10004425,295,1117,Standard Class,6.94,3,0.2,2.34
6531,CA-2014-103744,MG-17875,OFF-BI-10000320,295,1117,Standard Class,4.43,3,0.8,-6.86
6532,US-2017-107384,TP-21130,OFF-AR-10001315,39,770,Standard Class,8.8,5,0.0,2.55
6533,US-2017-107384,TP-21130,TEC-AC-10004595,39,770,Standard Class,142.8,1,0.0,29.99
6534,US-2017-107384,TP-21130,TEC-AC-10001539,39,770,Standard Class,399.95,5,0.0,143.98
6535,CA-2014-128209,GT-14710,OFF-BI-10001359,251,665,Standard Class,2152.78,3,0.2,726.56
6536,CA-2014-128209,GT-14710,FUR-BO-10002213,251,665,Standard Class,4007.84,10,0.2,-50.1
6537,CA-2014-169684,FH-14365,FUR-TA-10003008,366,23,First Class,328.59,3,0.4,-147.87
6538,CA-2014-169684,FH-14365,OFF-ST-10000934,366,23,First Class,98.35,3,0.2,-24.59
6539,CA-2015-109862,HK-14890,TEC-PH-10004042,286,970,Standard Class,158.99,1,0.0,41.34
6540,CA-2015-109862,HK-14890,FUR-CH-10002439,286,970,Standard Class,291.1,5,0.0,75.69
6541,US-2017-107888,CC-12220,OFF-PA-10001363,6,674,First Class,73.68,6,0.0,34.63
6542,US-2017-107888,CC-12220,FUR-FU-10003394,6,674,First Class,139.92,2,0.0,23.79
6543,US-2017-107888,CC-12220,TEC-PH-10003171,6,674,First Class,107.88,3,0.2,10.79
6544,US-2017-107888,CC-12220,OFF-ST-10003123,6,674,First Class,33.29,1,0.0,7.99
6545,US-2017-154872,DP-13000,OFF-BI-10003007,178,305,Standard Class,58.17,5,0.7,-46.54
6546,US-2017-154872,DP-13000,OFF-LA-10000973,178,305,Standard Class,5.04,2,0.2,1.76
6547,US-2017-154872,DP-13000,OFF-PA-10000483,178,305,Standard Class,24.78,1,0.2,7.74
6548,CA-2014-113880,VF-21715,FUR-CH-10000863,387,73,Standard Class,634.12,6,0.3,-172.12
6549,CA-2014-113880,VF-21715,OFF-PA-10003036,387,73,Standard Class,17.47,3,0.2,5.68
6550,US-2015-164966,GH-14410,FUR-CH-10002304,88,118,First Class,155.88,6,0.0,38.97
6551,CA-2015-126739,JH-16180,FUR-CH-10000422,46,550,Second Class,327.56,4,0.1,21.84
6552,CA-2017-161578,RB-19465,OFF-PA-10002986,2,820,Second Class,13.36,2,0.0,6.41
6553,CA-2017-161578,RB-19465,OFF-ST-10002289,2,820,Second Class,158.9,5,0.0,7.94
6554,CA-2014-137092,LS-16975,TEC-AC-10001606,156,23,Second Class,319.97,4,0.2,71.99
6555,CA-2014-137092,LS-16975,OFF-ST-10003805,156,23,Second Class,505.32,3,0.2,31.58
6556,CA-2014-137092,LS-16975,OFF-PA-10002109,156,23,Second Class,3.81,1,0.2,1.24
6557,CA-2014-137092,LS-16975,OFF-BI-10000632,156,23,Second Class,8.68,1,0.8,-14.76
6558,CA-2014-137092,LS-16975,OFF-LA-10003510,156,23,Second Class,24.42,1,0.2,7.94
6559,CA-2015-166947,EB-13750,FUR-CH-10004997,251,1118,Standard Class,1522.64,9,0.1,169.18
6560,CA-2016-160941,DK-12835,OFF-EN-10003001,53,659,Standard Class,419.9,5,0.0,197.35
6561,CA-2016-160941,DK-12835,OFF-LA-10003766,53,659,Standard Class,3.15,1,0.0,1.51
6562,CA-2017-144680,SC-20260,OFF-AP-10003040,175,186,First Class,33.62,5,0.8,-90.77
6563,CA-2014-166086,CT-11995,OFF-BI-10001078,129,1119,Standard Class,16.14,3,0.0,7.91
6564,CA-2014-166086,CT-11995,FUR-TA-10003469,129,1119,Standard Class,194.25,2,0.3,-38.85
6565,CA-2014-166086,CT-11995,OFF-AR-10002578,129,1119,Standard Class,8.64,3,0.0,2.51
6566,CA-2014-166086,CT-11995,FUR-CH-10004675,129,1119,Standard Class,872.32,4,0.0,244.25
6567,CA-2017-131282,CB-12025,OFF-BI-10004632,527,1120,Second Class,243.99,4,0.8,-426.99
6568,CA-2017-131282,CB-12025,OFF-AR-10003087,527,1120,Second Class,7.12,5,0.2,0.71
6569,CA-2014-100678,KM-16720,OFF-AR-10001868,15,892,Standard Class,2.69,2,0.2,1.01
6570,CA-2014-100678,KM-16720,FUR-CH-10002602,15,892,Standard Class,317.06,3,0.3,-18.12
6571,CA-2014-100678,KM-16720,OFF-EN-10000056,15,892,Standard Class,149.35,3,0.2,50.41
6572,CA-2014-100678,KM-16720,TEC-AC-10000474,15,892,Standard Class,227.98,3,0.2,28.5
6573,CA-2016-161543,RD-19720,OFF-PA-10003971,60,1121,Standard Class,11.96,2,0.0,5.86
6574,CA-2016-160535,BP-11050,OFF-ST-10000689,171,882,Standard Class,563.4,4,0.0,67.61
6575,CA-2016-160535,BP-11050,TEC-MA-10004255,171,882,Standard Class,319.92,8,0.0,118.37
6576,CA-2017-123085,EJ-13720,TEC-AC-10000990,142,449,Standard Class,1049.44,8,0.0,440.76
6577,CA-2017-123085,EJ-13720,FUR-CH-10003968,142,449,Standard Class,170.35,3,0.2,-17.04
6578,CA-2015-153752,RO-19780,TEC-PH-10001615,102,402,Second Class,173.94,6,0.0,50.44
6579,CA-2014-103660,MW-18220,TEC-PH-10000895,6,56,Standard Class,1007.94,7,0.2,75.6
6580,CA-2016-169887,MS-17530,OFF-PA-10003001,60,333,Same Day,6.68,1,0.0,3.21
6581,CA-2016-169887,MS-17530,OFF-AR-10002766,60,333,Same Day,8.34,3,0.0,2.25
6582,CA-2016-169887,MS-17530,FUR-FU-10003095,60,333,Same Day,101.94,3,0.0,30.58
6583,CA-2016-148516,DW-13585,TEC-AC-10003610,200,1122,Standard Class,179.97,3,0.0,86.39
6584,CA-2017-104731,AM-10705,OFF-AR-10003727,271,247,Standard Class,101.94,6,0.0,29.56
6585,CA-2017-104731,AM-10705,TEC-PH-10002660,271,247,Standard Class,271.96,4,0.0,67.99
6586,CA-2017-104731,AM-10705,FUR-FU-10003274,271,247,Standard Class,8.8,5,0.0,3.87
6587,CA-2017-104731,AM-10705,OFF-AR-10003829,271,247,Standard Class,19.68,6,0.0,5.71
6588,CA-2017-104731,AM-10705,FUR-BO-10003441,271,247,Standard Class,302.94,3,0.0,69.68
6589,CA-2017-104731,AM-10705,OFF-BI-10003355,271,247,Standard Class,14.94,3,0.0,7.17
6590,CA-2017-104731,AM-10705,OFF-SU-10003505,271,247,Standard Class,231.72,2,0.0,11.59
6591,CA-2014-164749,BG-11740,OFF-LA-10004484,573,894,First Class,9.91,3,0.2,3.22
6592,CA-2015-103716,KB-16585,OFF-AR-10000658,95,29,Standard Class,34.65,3,0.0,9.7
6593,CA-2015-103716,KB-16585,TEC-PH-10000347,95,29,Standard Class,19.8,5,0.2,1.73
6594,CA-2016-126795,GT-14710,OFF-BI-10001989,24,901,Second Class,33.57,2,0.2,11.75
6595,CA-2015-146290,SV-20815,OFF-AR-10001897,305,125,Standard Class,125.93,7,0.0,35.26
6596,CA-2017-157112,GG-14650,OFF-BI-10000285,48,757,First Class,11.76,5,0.7,-7.84
6597,CA-2017-157112,GG-14650,OFF-PA-10001804,48,757,First Class,5.34,1,0.2,1.87
6598,CA-2014-169257,SV-20785,OFF-BI-10002557,134,572,Standard Class,1.36,1,0.7,-0.91
6599,CA-2014-169257,SV-20785,OFF-PA-10002319,134,572,Standard Class,62.02,2,0.2,22.48
6600,CA-2014-154095,ON-18715,FUR-FU-10003849,235,267,Standard Class,60.72,3,0.0,23.68
6601,CA-2014-154095,ON-18715,OFF-PA-10002923,235,267,Standard Class,146.82,3,0.0,73.41
6602,CA-2014-154095,ON-18715,FUR-CH-10004754,235,267,Standard Class,239.84,8,0.0,64.76
6603,CA-2014-154095,ON-18715,OFF-LA-10000634,235,267,Standard Class,15.66,6,0.0,7.2
6604,CA-2017-146346,RA-19945,OFF-ST-10001418,574,47,First Class,146.35,3,0.2,-32.93
6605,CA-2016-148852,SV-20785,OFF-FA-10003467,201,440,Standard Class,5.94,3,0.0,0.0
6606,CA-2016-148852,SV-20785,OFF-PA-10001293,201,440,Standard Class,45.36,7,0.0,21.77
6607,CA-2016-148852,SV-20785,TEC-PH-10003885,201,440,Standard Class,211.17,4,0.2,23.76
6608,CA-2016-148852,SV-20785,FUR-CH-10004860,201,440,Standard Class,484.7,6,0.2,-84.82
6609,CA-2016-148852,SV-20785,TEC-MA-10002428,201,440,Standard Class,371.98,3,0.2,116.24
6610,US-2015-118906,KB-16585,OFF-ST-10002406,235,367,Same Day,89.82,6,0.0,25.15
6611,CA-2016-168921,AG-10495,OFF-BI-10004209,14,202,First Class,19.3,3,0.2,6.03
6612,CA-2015-107678,JK-16090,FUR-CH-10001891,176,1123,Standard Class,191.96,2,0.0,51.83
6613,CA-2015-107678,JK-16090,OFF-BI-10002215,176,1123,Standard Class,21.3,3,0.0,9.8
6614,CA-2015-107678,JK-16090,TEC-PH-10002103,176,1123,Standard Class,469.95,5,0.0,131.59
6615,CA-2015-107678,JK-16090,FUR-FU-10003394,176,1123,Standard Class,209.88,3,0.0,35.68
6616,CA-2016-123512,MV-18190,FUR-BO-10004218,63,27,First Class,239.67,2,0.15,14.1
6617,CA-2016-123512,MV-18190,OFF-LA-10000081,63,27,First Class,22.5,6,0.0,10.8
6618,CA-2016-123512,MV-18190,OFF-PA-10001497,63,27,First Class,219.84,4,0.0,107.72
6619,US-2017-167402,CP-12085,OFF-PA-10004983,335,1124,Second Class,32.4,5,0.0,15.55
6620,US-2017-167402,CP-12085,OFF-AR-10004010,335,1124,Second Class,209.94,6,0.0,54.58
6621,US-2017-167402,CP-12085,OFF-SU-10002881,335,1124,Second Class,4164.05,5,0.0,83.28
6622,US-2017-167402,CP-12085,FUR-BO-10001608,335,1124,Second Class,212.94,3,0.0,53.24
6623,CA-2014-130449,VP-21760,FUR-FU-10001487,10,1125,First Class,41.88,6,0.0,12.15
6624,CA-2014-130449,VP-21760,OFF-LA-10001934,10,1125,First Class,58.48,8,0.0,27.49
6625,CA-2015-141250,PM-18940,FUR-TA-10002855,575,1126,Standard Class,102.44,1,0.3,-13.17
6626,CA-2015-141250,PM-18940,FUR-CH-10004875,575,1126,Standard Class,199.3,4,0.3,-8.54
6627,CA-2014-145541,TB-21400,TEC-MA-10001127,24,638,Standard Class,6999.96,4,0.0,2239.99
6628,CA-2014-138513,EH-13990,OFF-PA-10003177,293,236,Standard Class,12.96,2,0.0,6.22
6629,CA-2015-135489,GW-14605,TEC-PH-10000011,24,445,Second Class,279.86,14,0.0,134.33
6630,CA-2015-125696,NP-18685,OFF-BI-10001757,576,654,Standard Class,7.38,5,0.7,-5.41
6631,CA-2016-105081,JE-15715,FUR-CH-10000847,61,592,Standard Class,698.35,3,0.2,52.38
6632,CA-2016-105081,JE-15715,FUR-TA-10001307,61,592,Standard Class,1747.25,5,0.0,629.01
6633,US-2016-146857,BE-11455,OFF-AP-10001205,335,716,Second Class,54.48,1,0.0,15.25
6634,CA-2016-166275,SS-20590,TEC-AC-10001838,10,1058,Same Day,199.99,1,0.0,86.0
6635,CA-2017-144498,MB-18085,OFF-BI-10003982,44,637,Same Day,68.54,11,0.7,-52.55
6636,CA-2017-144498,MB-18085,TEC-PH-10004977,44,637,Same Day,627.17,4,0.2,70.56
6637,CA-2017-144498,MB-18085,OFF-LA-10003510,44,637,Same Day,122.12,5,0.2,39.69
6638,CA-2017-103352,RP-19390,OFF-AR-10001573,165,345,Second Class,6.99,3,0.0,2.03
6639,CA-2017-103352,RP-19390,OFF-BI-10001196,165,345,Second Class,107.42,6,0.2,36.26
6640,CA-2014-108609,AJ-10780,FUR-TA-10003954,204,657,Second Class,1421.66,8,0.4,-734.53
6641,CA-2017-128328,PO-18865,OFF-BI-10001989,305,486,Standard Class,125.88,6,0.0,60.42
6642,CA-2017-128328,PO-18865,TEC-AC-10001714,305,486,Standard Class,79.78,2,0.0,29.52
6643,CA-2017-128328,PO-18865,OFF-LA-10003498,305,486,Standard Class,133.2,9,0.0,66.6
6644,US-2015-156496,WB-21850,TEC-PH-10000576,314,545,Standard Class,438.37,4,0.2,38.36
6645,US-2015-156496,WB-21850,TEC-PH-10004188,314,545,Standard Class,139.94,7,0.2,-31.49
6646,US-2015-156496,WB-21850,OFF-AP-10001469,314,545,Standard Class,133.47,4,0.2,15.02
6647,US-2016-127334,MP-18175,FUR-TA-10003473,331,273,Standard Class,564.2,3,0.5,-304.67
6648,US-2016-127334,MP-18175,OFF-AP-10001205,331,273,Standard Class,87.17,2,0.2,8.72
6649,US-2017-124779,BF-11020,OFF-BI-10002429,175,566,First Class,42.62,7,0.8,-68.19
6650,US-2017-124779,BF-11020,TEC-CO-10001943,175,566,First Class,319.98,2,0.2,107.99
6651,US-2017-124779,BF-11020,OFF-FA-10004854,175,566,First Class,45.92,5,0.2,15.5
6652,US-2017-124779,BF-11020,FUR-FU-10001095,175,566,First Class,21.18,2,0.6,-11.65
6653,US-2017-124779,BF-11020,OFF-PA-10000061,175,566,First Class,20.74,4,0.2,7.26
6654,US-2017-124779,BF-11020,FUR-CH-10003535,175,566,First Class,213.43,5,0.3,-39.64
6655,CA-2017-135937,KM-16375,TEC-PH-10004447,28,298,Standard Class,333.58,3,0.2,25.02
6656,CA-2017-135937,KM-16375,TEC-AC-10001114,28,298,Standard Class,31.99,1,0.2,4.8
6657,CA-2017-135937,KM-16375,OFF-ST-10000563,28,298,Standard Class,51.17,2,0.2,-6.4
6658,CA-2017-135937,KM-16375,OFF-EN-10004846,28,298,Standard Class,10.64,5,0.2,3.86
6659,CA-2017-135937,KM-16375,FUR-FU-10002253,28,298,Standard Class,68.7,2,0.2,16.32
6660,CA-2017-135937,KM-16375,FUR-TA-10001039,28,298,Standard Class,386.91,9,0.5,-185.72
6661,CA-2015-129322,DB-13405,OFF-AR-10004587,129,817,Second Class,39.66,2,0.0,11.9
6662,CA-2015-129322,DB-13405,OFF-AP-10004336,129,817,Second Class,113.92,2,0.0,33.04
6663,CA-2015-129322,DB-13405,OFF-BI-10001718,129,817,Second Class,447.86,7,0.0,210.49
6664,CA-2017-162173,OT-18730,FUR-TA-10001520,221,41,Standard Class,356.85,5,0.0,60.66
6665,CA-2017-162173,OT-18730,OFF-EN-10002831,221,41,Standard Class,251.58,7,0.0,113.21
6666,CA-2016-115483,JS-15880,OFF-PA-10001497,275,217,Second Class,219.84,5,0.2,79.69
6667,CA-2017-122175,CA-12775,FUR-FU-10000719,276,606,Second Class,42.85,5,0.0,15.43
6668,CA-2017-122175,CA-12775,OFF-LA-10002271,276,606,Second Class,6.16,2,0.0,2.96
6669,CA-2017-122175,CA-12775,OFF-SU-10004661,276,606,Second Class,17.0,2,0.0,4.42
6670,CA-2017-122175,CA-12775,TEC-AC-10004859,276,606,Second Class,87.4,5,0.0,34.96
6671,CA-2017-161088,MH-18115,OFF-BI-10002824,113,1127,Standard Class,29.84,2,0.0,13.43
6672,CA-2014-154837,RB-19645,OFF-BI-10001575,4,710,Second Class,49.57,2,0.2,17.35
6673,CA-2015-153794,SB-20290,OFF-AR-10000380,143,862,Standard Class,265.86,7,0.0,79.76
6674,CA-2015-135510,TW-21025,FUR-FU-10000820,327,578,Standard Class,67.96,4,0.0,12.23
6675,CA-2015-109337,DL-13330,OFF-AR-10003759,453,83,Second Class,10.92,6,0.0,4.91
6676,CA-2015-109337,DL-13330,TEC-MA-10002930,453,83,Second Class,83.9,2,0.0,22.65
6677,CA-2015-109337,DL-13330,OFF-AP-10004052,453,83,Second Class,19.75,5,0.0,5.14
6678,CA-2015-109337,DL-13330,TEC-AC-10000990,453,83,Second Class,393.54,3,0.0,165.29
6679,CA-2014-150329,SD-20485,FUR-FU-10003724,52,983,Standard Class,46.87,7,0.2,3.52
6680,CA-2017-145037,TB-21055,OFF-ST-10000918,317,265,Second Class,10.9,1,0.0,2.83
6681,CA-2017-145037,TB-21055,OFF-PA-10000157,317,265,Second Class,79.92,4,0.0,37.56
6682,CA-2017-145037,TB-21055,OFF-PA-10002499,317,265,Second Class,146.82,3,0.0,73.41
6683,CA-2017-154466,DP-13390,OFF-BI-10002012,57,315,First Class,3.6,2,0.0,1.73
6684,CA-2014-109134,DE-13255,FUR-FU-10000320,142,1128,Standard Class,20.04,6,0.0,8.82
6685,US-2015-129637,MC-18100,OFF-ST-10003716,51,998,Standard Class,180.02,1,0.2,-15.75
6686,US-2015-129637,MC-18100,FUR-FU-10000965,51,998,Standard Class,41.55,2,0.6,-19.74
6687,US-2015-129637,MC-18100,OFF-AR-10003829,51,998,Standard Class,13.12,5,0.2,1.48
6688,CA-2015-165162,HG-15025,OFF-ST-10003470,4,264,Standard Class,1117.92,4,0.0,55.9
6689,CA-2017-140494,CM-11815,TEC-AC-10004568,10,435,Second Class,111.96,4,0.0,21.27
6690,CA-2017-104108,RP-19855,OFF-AR-10000817,15,575,Standard Class,12.16,5,0.2,2.13
6691,US-2017-165869,LS-17200,OFF-BI-10003460,202,690,Standard Class,17.52,4,0.0,8.41
6692,US-2017-165869,LS-17200,OFF-AP-10002472,202,690,Standard Class,155.88,6,0.0,54.56
6693,CA-2017-160899,DR-12940,OFF-BI-10000632,418,939,Second Class,477.51,11,0.0,219.65
6694,CA-2017-144225,CC-12475,OFF-PA-10000062,309,1034,Second Class,164.88,3,0.0,80.79
6695,US-2016-163538,SS-20515,TEC-AC-10002006,57,371,Standard Class,47.97,3,0.0,14.87
6696,US-2016-155103,JF-15190,OFF-BI-10004318,24,500,Standard Class,415.18,3,0.2,134.93
6697,US-2016-155103,JF-15190,OFF-BI-10004236,24,500,Standard Class,35.23,3,0.2,11.45
6698,US-2016-155103,JF-15190,OFF-PA-10000062,24,500,Standard Class,54.96,1,0.0,26.93
6699,CA-2017-145429,SW-20455,OFF-PA-10003205,143,247,Standard Class,16.34,2,0.0,7.68
6700,CA-2017-145429,SW-20455,FUR-CH-10000988,143,247,Standard Class,225.3,2,0.2,22.53
6701,CA-2017-145429,SW-20455,OFF-BI-10001524,143,247,Standard Class,50.35,3,0.2,17.62
6702,CA-2015-153535,SG-20470,FUR-FU-10001986,576,1129,Standard Class,163.14,4,0.2,20.39
6703,CA-2015-153535,SG-20470,OFF-BI-10001031,576,1129,Standard Class,6.41,4,0.7,-4.91
6704,CA-2015-139164,CS-12355,TEC-PH-10002468,107,538,Standard Class,217.58,2,0.2,19.04
6705,CA-2015-139164,CS-12355,OFF-FA-10003059,107,538,Standard Class,5.43,3,0.0,1.79
6706,CA-2015-139164,CS-12355,TEC-PH-10003931,107,538,Standard Class,143.98,3,0.2,9.0
6707,CA-2016-112277,SC-20695,TEC-PH-10003505,3,546,Standard Class,519.68,7,0.2,58.46
6708,CA-2014-167724,BF-11170,OFF-LA-10002368,309,139,Standard Class,7.83,3,0.0,3.6
6709,CA-2015-123141,GZ-14470,FUR-CH-10004287,577,718,Standard Class,883.84,4,0.2,99.43
6710,CA-2015-123141,GZ-14470,FUR-CH-10001891,577,718,Standard Class,230.35,3,0.2,20.16
6711,CA-2016-149503,SP-20650,OFF-BI-10002133,353,11,First Class,273.92,8,0.2,99.3
6712,CA-2017-163069,PJ-19015,OFF-AR-10001419,48,239,Second Class,9.91,3,0.2,1.24
6713,CA-2017-107629,DB-13060,FUR-FU-10002298,302,818,Same Day,266.35,6,0.6,-292.99
6714,CA-2017-107629,DB-13060,FUR-FU-10004091,302,818,Same Day,56.33,3,0.6,-26.76
6715,CA-2017-107629,DB-13060,TEC-AC-10004510,302,818,Same Day,39.26,3,0.2,-4.91
6716,CA-2017-107629,DB-13060,OFF-AR-10002987,302,818,Same Day,95.23,6,0.2,25.0
6717,CA-2016-134789,CK-12325,OFF-FA-10002280,402,144,Standard Class,30.0,6,0.0,14.4
6718,CA-2016-134789,CK-12325,OFF-PA-10001934,402,144,Standard Class,25.92,4,0.0,12.7
6719,CA-2016-134789,CK-12325,FUR-FU-10003268,402,144,Standard Class,159.92,4,0.0,31.98
6720,CA-2016-130442,SF-20065,OFF-AP-10004859,578,187,First Class,34.94,3,0.2,3.06
6721,CA-2017-102974,DP-13105,TEC-AC-10000057,4,21,Standard Class,149.95,5,0.0,31.49
6722,CA-2017-102974,DP-13105,OFF-AR-10000914,4,21,Standard Class,23.32,2,0.0,6.06
6723,CA-2017-102974,DP-13105,OFF-AR-10004956,4,21,Standard Class,16.74,3,0.0,4.85
6724,US-2017-166394,VM-21835,OFF-FA-10001843,557,508,Second Class,14.82,6,0.0,6.97
6725,CA-2016-128811,SF-20200,OFF-FA-10000585,6,127,Standard Class,10.47,3,0.0,4.82
6726,CA-2016-128811,SF-20200,OFF-LA-10003720,6,127,Standard Class,11.07,3,0.0,5.2
6727,CA-2016-128811,SF-20200,OFF-BI-10000301,6,127,Standard Class,20.7,4,0.2,7.76
6728,CA-2017-145443,SC-20695,OFF-PA-10003302,239,683,Second Class,177.2,5,0.0,83.28
6729,CA-2016-165827,MF-17665,FUR-FU-10001889,124,255,Standard Class,50.5,6,0.2,8.21
6730,CA-2015-156734,BV-11245,OFF-BI-10002982,298,653,First Class,6.13,3,0.7,-4.49
6731,CA-2015-156734,BV-11245,FUR-CH-10002965,298,653,First Class,643.14,4,0.2,56.27
6732,CA-2015-156734,BV-11245,OFF-PA-10001937,298,653,First Class,20.74,4,0.2,7.26
6733,CA-2014-120096,KE-16420,OFF-PA-10001977,43,1130,First Class,177.54,4,0.2,62.14
6734,CA-2014-120096,KE-16420,OFF-AP-10000692,43,1130,First Class,32.43,2,0.2,3.24
6735,CA-2015-141754,EM-14200,OFF-LA-10004093,230,140,Standard Class,11.7,2,0.2,3.95
6736,CA-2016-123358,BT-11680,OFF-AP-10004980,35,343,Standard Class,113.76,3,0.0,44.37
6737,CA-2016-123358,BT-11680,OFF-ST-10001932,35,343,Standard Class,579.51,3,0.0,81.13
6738,CA-2016-123358,BT-11680,OFF-ST-10000636,35,343,Standard Class,150.66,9,0.0,6.03
6739,CA-2016-123358,BT-11680,OFF-BI-10000069,35,343,Standard Class,48.03,4,0.2,15.61
6740,CA-2014-144029,MM-18055,OFF-ST-10001837,37,543,Standard Class,102.62,3,0.2,7.7
6741,CA-2014-144029,MM-18055,FUR-CH-10003981,37,543,Standard Class,359.77,2,0.3,-5.14
6742,CA-2014-144029,MM-18055,OFF-AR-10000716,37,543,Standard Class,13.39,3,0.2,3.18
6743,US-2017-101784,PO-18850,FUR-CH-10001146,142,92,Standard Class,122.14,3,0.2,-13.74
6744,CA-2015-156923,SP-20860,OFF-PA-10002751,356,1131,Standard Class,35.88,6,0.0,16.15
6745,CA-2017-111269,CS-12355,TEC-AC-10001606,83,115,Second Class,479.95,6,0.2,107.99
6746,CA-2017-111269,CS-12355,OFF-AR-10001427,83,115,Second Class,23.92,5,0.2,1.79
6747,CA-2017-159156,KB-16600,TEC-PH-10004389,30,39,First Class,629.95,5,0.0,163.79
6748,CA-2017-100230,AA-10375,OFF-BI-10002498,46,158,Standard Class,14.95,1,0.2,5.05
6749,CA-2017-100230,AA-10375,OFF-PA-10002245,46,158,Standard Class,17.94,3,0.0,8.07
6750,CA-2017-100230,AA-10375,TEC-PH-10004522,46,158,Standard Class,116.98,2,0.0,29.24
6751,CA-2016-154767,BP-11155,FUR-CH-10003535,336,932,Second Class,121.96,2,0.0,20.73
6752,CA-2016-154767,BP-11155,OFF-AP-10000595,336,932,Second Class,8.74,2,0.0,2.27
6753,CA-2016-154767,BP-11155,OFF-PA-10003039,336,932,Second Class,61.96,2,0.0,27.88
6754,CA-2016-154767,BP-11155,OFF-BI-10002003,336,932,Second Class,7.96,2,0.0,3.74
6755,CA-2016-154767,BP-11155,OFF-AP-10002311,336,932,Second Class,275.24,4,0.0,121.11
6756,CA-2017-124205,TC-21145,FUR-FU-10002445,101,176,Standard Class,47.4,5,0.0,18.96
6757,CA-2017-124205,TC-21145,FUR-CH-10003606,101,176,Standard Class,512.96,4,0.0,143.63
6758,CA-2017-124205,TC-21145,TEC-PH-10002115,101,176,Standard Class,395.94,6,0.0,102.94
6759,CA-2017-124205,TC-21145,OFF-ST-10000934,101,176,Standard Class,81.96,2,0.0,0.0
6760,CA-2017-165715,BG-11035,OFF-AR-10003903,308,575,Standard Class,32.78,1,0.2,2.46
6761,CA-2017-100636,DO-13435,OFF-ST-10004123,46,336,Standard Class,272.94,3,0.0,0.0
6762,CA-2016-162943,DB-12970,FUR-CH-10001708,46,1132,Second Class,253.76,2,0.1,31.02
6763,CA-2016-144764,RL-19615,OFF-LA-10000240,37,477,Standard Class,29.24,5,0.2,9.87
6764,CA-2016-144764,RL-19615,OFF-ST-10002485,37,477,Standard Class,35.17,2,0.2,-8.35
6765,CA-2016-144764,RL-19615,TEC-MA-10003230,37,477,Standard Class,1362.9,3,0.3,-19.47
6766,CA-2017-100615,SJ-20215,FUR-CH-10002602,156,694,Standard Class,317.06,3,0.3,-18.12
6767,CA-2017-100615,SJ-20215,OFF-AR-10001683,156,694,Standard Class,15.76,2,0.2,3.55
6768,CA-2017-100615,SJ-20215,FUR-FU-10002456,156,694,Standard Class,14.56,5,0.6,-6.19
6769,CA-2014-109302,CS-12175,OFF-BI-10002854,101,1133,Standard Class,196.21,7,0.0,98.1
6770,CA-2017-139787,JP-16135,OFF-AR-10002445,113,21,Standard Class,35.4,5,0.0,13.45
6771,CA-2017-139402,NC-18535,OFF-PA-10004359,52,35,Standard Class,419.4,5,0.2,146.79
6772,CA-2017-139402,NC-18535,OFF-BI-10000279,52,35,Standard Class,13.0,3,0.7,-9.97
6773,CA-2016-119018,CW-11905,OFF-BI-10003314,26,255,Standard Class,7.71,2,0.2,2.8
6774,CA-2016-119018,CW-11905,OFF-BI-10000494,26,255,Standard Class,4.18,1,0.2,1.3
6775,CA-2016-119018,CW-11905,OFF-PA-10000295,26,255,Standard Class,38.88,6,0.0,18.66
6776,CA-2015-105361,CM-12115,OFF-PA-10002615,24,369,Standard Class,17.64,4,0.0,8.11
6777,US-2016-152373,PT-19090,OFF-ST-10003479,66,65,Standard Class,93.46,3,0.2,-17.52
6778,US-2017-166037,CL-12700,TEC-AC-10002800,30,481,Standard Class,449.91,9,0.0,157.47
6779,US-2016-147711,HF-14995,FUR-BO-10003159,309,324,Second Class,344.94,3,0.0,31.04
6780,US-2016-147711,HF-14995,FUR-FU-10002364,309,324,Second Class,14.76,2,0.0,4.28
6781,US-2016-147711,HF-14995,OFF-BI-10003350,309,324,Second Class,12.76,2,0.0,5.87
6782,US-2016-147711,HF-14995,OFF-LA-10004093,309,324,Second Class,58.48,8,0.0,27.49
6783,CA-2017-121293,JC-15775,FUR-FU-10000732,106,801,Second Class,20.1,4,0.2,3.01
6784,CA-2017-121293,JC-15775,OFF-SU-10004884,106,801,Second Class,37.75,3,0.2,4.25
6785,CA-2017-121293,JC-15775,FUR-TA-10001771,106,801,Second Class,138.59,1,0.4,-34.65
6786,CA-2017-121293,JC-15775,OFF-ST-10000060,106,801,Second Class,259.92,5,0.2,-25.99
6787,CA-2017-121293,JC-15775,OFF-PA-10004100,106,801,Second Class,20.74,4,0.2,7.26
6788,CA-2015-118843,JH-15910,FUR-FU-10003975,149,1024,Standard Class,129.93,3,0.0,12.99
6789,CA-2015-118843,JH-15910,OFF-PA-10001712,149,1024,Standard Class,69.93,7,0.0,31.47
6790,CA-2015-161445,CC-12610,OFF-AR-10001953,36,68,Second Class,140.74,4,0.2,12.31
6791,CA-2016-124527,IM-15055,OFF-BI-10004967,53,77,First Class,8.32,5,0.2,2.81
6792,CA-2016-162348,BF-11170,FUR-FU-10003731,380,339,Standard Class,9.98,1,0.0,2.79
6793,CA-2014-141005,CS-12355,OFF-BI-10001989,70,861,First Class,62.94,3,0.0,30.21
6794,CA-2015-145394,MC-17605,OFF-ST-10000344,27,548,Standard Class,21.49,2,0.2,1.61
6795,CA-2015-145394,MC-17605,TEC-PH-10001051,27,548,Standard Class,239.98,3,0.2,27.0
6796,CA-2015-145394,MC-17605,FUR-FU-10001215,27,548,Standard Class,34.5,2,0.6,-15.53
6797,CA-2015-168809,MC-18100,FUR-FU-10001473,17,768,Same Day,20.1,2,0.6,-16.59
6798,CA-2015-168809,MC-18100,OFF-BI-10000315,17,768,Same Day,3.8,1,0.8,-6.08
6799,CA-2015-168809,MC-18100,FUR-FU-10002240,17,768,Same Day,7.88,5,0.6,-3.94
6800,CA-2016-109827,LW-16825,FUR-TA-10002607,52,592,Standard Class,35.44,1,0.5,-24.1
6801,CA-2016-109827,LW-16825,TEC-MA-10003356,52,592,Standard Class,269.97,2,0.7,-386.96
6802,CA-2016-109827,LW-16825,TEC-AC-10002217,52,592,Standard Class,45.12,3,0.2,-7.9
6803,CA-2016-109827,LW-16825,TEC-AC-10004353,52,592,Standard Class,100.8,2,0.2,21.42
6804,CA-2016-109827,LW-16825,FUR-CH-10004754,52,592,Standard Class,47.97,2,0.2,4.2
6805,CA-2014-152233,KH-16510,TEC-AC-10002800,283,1083,First Class,99.98,2,0.0,34.99
6806,CA-2014-125682,RB-19645,OFF-PA-10001752,149,755,First Class,9.96,2,0.0,4.88
6807,CA-2017-162880,GD-14590,OFF-BI-10003314,579,54,Standard Class,3.86,1,0.2,1.4
6808,CA-2015-128125,EB-13705,OFF-PA-10000357,15,1053,Standard Class,98.38,3,0.2,35.66
6809,CA-2015-128125,EB-13705,FUR-FU-10001085,15,1053,Standard Class,22.38,3,0.6,-7.83
6810,CA-2017-156237,PS-18760,OFF-BI-10000301,12,33,First Class,3.88,2,0.7,-2.59
6811,CA-2017-156237,PS-18760,TEC-MA-10002930,12,33,First Class,12.58,1,0.7,-18.04
6812,CA-2017-156237,PS-18760,FUR-CH-10002372,12,33,First Class,113.37,2,0.3,-29.15
6813,CA-2017-156237,PS-18760,OFF-BI-10003707,12,33,First Class,18.31,4,0.7,-12.21
6814,CA-2017-156237,PS-18760,FUR-FU-10001057,12,33,First Class,127.94,8,0.2,4.8
6815,CA-2017-156237,PS-18760,TEC-MA-10001681,12,33,First Class,241.17,2,0.7,-168.82
6816,CA-2014-144414,GH-14425,FUR-FU-10003981,60,1104,Standard Class,6.24,3,0.0,2.62
6817,CA-2014-144414,GH-14425,OFF-FA-10000624,60,1104,Standard Class,17.9,5,0.0,8.95
6818,CA-2014-144414,GH-14425,OFF-BI-10004995,60,1104,Standard Class,3266.38,3,0.2,1061.57
6819,CA-2017-163860,LO-17170,OFF-BI-10003784,121,117,Standard Class,1.68,5,0.8,-2.69
6820,CA-2017-163860,LO-17170,FUR-FU-10004586,121,117,Standard Class,7.97,3,0.6,-2.39
6821,CA-2017-163860,LO-17170,FUR-CH-10004698,121,117,Standard Class,113.37,2,0.3,-3.24
6822,CA-2017-163860,LO-17170,FUR-FU-10001935,121,117,Standard Class,2.96,2,0.6,-1.41
6823,US-2017-115609,CS-12505,OFF-AP-10003040,2,809,Standard Class,168.1,5,0.0,43.71
6824,CA-2015-154291,YS-21880,OFF-EN-10001335,154,396,Standard Class,98.46,9,0.0,49.23
6825,CA-2015-154291,YS-21880,FUR-TA-10002041,154,396,Standard Class,358.58,2,0.0,39.44
6826,CA-2016-118689,TC-20980,OFF-ST-10001558,378,825,Standard Class,32.48,2,0.0,4.87
6827,CA-2016-118689,TC-20980,TEC-CO-10004722,378,825,Standard Class,17499.95,5,0.0,8399.98
6828,CA-2016-118689,TC-20980,OFF-BI-10004600,378,825,Standard Class,735.98,2,0.0,331.19
6829,CA-2016-118689,TC-20980,OFF-BI-10003712,378,825,Standard Class,34.37,7,0.0,16.84
6830,CA-2016-118689,TC-20980,OFF-AR-10001958,378,825,Standard Class,33.96,2,0.0,9.51
6831,CA-2016-140438,PW-19030,TEC-PH-10001750,30,436,Second Class,197.97,3,0.0,53.45
6832,US-2017-123204,CS-11860,OFF-AP-10002287,24,247,Standard Class,17.48,4,0.0,4.54
6833,CA-2015-112522,DP-13165,OFF-AR-10003183,27,999,Standard Class,8.02,3,0.2,1.0
6834,CA-2016-153101,PJ-19015,FUR-TA-10003008,201,163,Same Day,146.04,1,0.2,-12.78
6835,CA-2016-142615,BM-11575,TEC-AC-10004803,580,74,Standard Class,27.88,2,0.0,3.9
6836,CA-2017-142643,DL-13495,OFF-LA-10003510,381,454,Standard Class,152.65,5,0.0,70.22
6837,CA-2017-142643,DL-13495,FUR-FU-10000087,381,454,Standard Class,22.72,1,0.0,9.32
6838,CA-2015-116260,BF-10975,OFF-AR-10003732,276,381,Standard Class,11.12,4,0.0,2.89
6839,CA-2017-107517,FC-14335,OFF-AP-10000275,217,1120,Standard Class,1640.7,5,0.0,459.4
6840,CA-2017-107517,FC-14335,TEC-PH-10003505,217,1120,Standard Class,371.2,5,0.2,41.76
6841,CA-2015-166338,MP-18175,OFF-BI-10002852,413,402,First Class,14.83,3,0.7,-10.38
6842,CA-2016-123946,AJ-10795,TEC-AC-10004877,29,127,Standard Class,20.7,3,0.0,1.66
6843,CA-2016-123946,AJ-10795,OFF-FA-10002975,29,127,Standard Class,11.34,3,0.0,5.22
6844,CA-2016-123946,AJ-10795,OFF-ST-10000419,29,127,Standard Class,67.9,5,0.0,0.68
6845,CA-2016-123946,AJ-10795,FUR-CH-10002073,29,127,Standard Class,1059.12,4,0.0,307.14
6846,CA-2014-147543,BC-11125,FUR-CH-10000155,581,523,Standard Class,478.48,2,0.2,47.85
6847,US-2016-159093,RS-19420,OFF-PA-10001260,2,196,Standard Class,32.04,4,0.0,14.42
6848,CA-2016-162110,NP-18670,TEC-PH-10001924,52,428,Standard Class,55.99,1,0.2,3.5
6849,US-2016-163461,BT-11440,OFF-PA-10003134,529,1134,First Class,76.86,2,0.2,26.9
6850,CA-2014-101462,BP-11230,FUR-FU-10000409,63,1018,Standard Class,59.92,4,0.0,27.56
6851,US-2016-100461,JO-15145,FUR-BO-10002545,57,1135,Standard Class,1565.88,6,0.0,407.13
6852,US-2016-100461,JO-15145,OFF-BI-10001460,57,1135,Standard Class,106.05,7,0.0,49.84
6853,US-2017-162670,MF-18250,OFF-ST-10001328,367,332,Second Class,62.04,4,0.0,17.37
6854,US-2017-162670,MF-18250,TEC-PH-10003601,367,332,Second Class,494.97,3,0.0,148.49
6855,US-2017-162670,MF-18250,OFF-ST-10001522,367,332,Second Class,367.96,4,0.0,14.72
6856,US-2017-162670,MF-18250,OFF-PA-10001994,367,332,Second Class,44.96,2,0.0,20.68
6857,US-2017-162670,MF-18250,OFF-EN-10001453,367,332,Second Class,182.94,3,0.0,85.98
6858,CA-2017-128965,PS-18760,OFF-PA-10004911,142,828,Standard Class,28.14,3,0.0,13.51
6859,CA-2017-128965,PS-18760,OFF-LA-10001404,142,828,Standard Class,7.38,2,0.0,3.47
6860,CA-2017-128965,PS-18760,OFF-FA-10001561,142,828,Standard Class,10.9,5,0.0,3.6
6861,CA-2017-128965,PS-18760,TEC-AC-10001383,142,828,Standard Class,274.89,11,0.0,46.73
6862,CA-2017-128965,PS-18760,OFF-LA-10003190,142,828,Standard Class,23.04,8,0.0,11.29
6863,CA-2017-128965,PS-18760,FUR-CH-10003774,142,828,Standard Class,218.35,3,0.2,-19.11
6864,CA-2017-138618,MY-17380,OFF-PA-10000520,66,97,Standard Class,10.37,2,0.2,3.63
6865,US-2016-126452,SC-20230,OFF-BI-10004465,26,1037,Standard Class,12.67,2,0.2,4.75
6866,US-2016-126452,SC-20230,TEC-PH-10003555,26,1037,Standard Class,91.96,5,0.2,-20.69
6867,US-2016-126452,SC-20230,TEC-AC-10000844,26,1037,Standard Class,254.97,3,0.0,91.79
6868,US-2016-126452,SC-20230,TEC-PH-10003187,26,1037,Standard Class,31.98,2,0.2,-8.0
6869,US-2016-126452,SC-20230,FUR-TA-10003569,26,1037,Standard Class,2887.06,9,0.2,180.44
6870,US-2016-126452,SC-20230,OFF-PA-10003848,26,1037,Standard Class,12.96,2,0.0,6.22
6871,US-2016-126452,SC-20230,OFF-PA-10002606,26,1037,Standard Class,47.52,9,0.0,21.38
6872,CA-2016-145009,RF-19345,OFF-LA-10004853,27,6,Second Class,11.95,3,0.2,3.88
6873,CA-2015-162544,SG-20080,OFF-PA-10004948,60,1136,First Class,4.98,1,0.0,2.34
6874,CA-2014-124394,TB-21520,OFF-BI-10003676,582,1137,Second Class,10.78,5,0.8,-17.25
6875,CA-2014-124394,TB-21520,TEC-AC-10001314,582,1137,Second Class,119.98,3,0.2,-18.0
6876,US-2016-121013,MM-17920,OFF-LA-10004545,338,65,Standard Class,25.06,2,0.0,11.78
6877,US-2016-121013,MM-17920,FUR-TA-10003238,338,65,Standard Class,1652.94,3,0.0,314.06
6878,US-2015-123918,CG-12520,FUR-FU-10004952,163,53,Same Day,131.38,6,0.6,-95.25
6879,US-2015-123918,CG-12520,OFF-PA-10003001,163,53,Same Day,5.34,1,0.2,1.87
6880,CA-2015-137113,TW-21025,FUR-CH-10001215,60,495,Second Class,2003.92,5,0.2,125.24
6881,CA-2015-137113,TW-21025,OFF-PA-10004255,60,495,Second Class,32.4,5,0.0,15.55
6882,CA-2015-137113,TW-21025,FUR-TA-10001705,60,495,Second Class,1913.4,9,0.0,401.81
6883,CA-2015-137113,TW-21025,OFF-ST-10002554,60,495,Second Class,146.73,3,0.0,2.93
6884,CA-2015-137113,TW-21025,OFF-PA-10002222,60,495,Second Class,114.2,5,0.0,52.53
6885,CA-2015-120677,BD-11320,FUR-CH-10002320,40,71,Standard Class,2567.84,8,0.0,770.35
6886,CA-2017-123036,HA-14905,TEC-AC-10003499,158,19,Standard Class,37.06,4,0.2,8.8
6887,CA-2017-123036,HA-14905,TEC-PH-10003580,158,19,Standard Class,259.9,2,0.4,-56.31
6888,CA-2017-120222,LL-16840,OFF-PA-10004675,4,1017,Standard Class,19.05,3,0.0,8.76
6889,CA-2017-120222,LL-16840,OFF-BI-10000666,4,1017,Standard Class,73.34,3,0.2,27.5
6890,CA-2017-164756,SS-20140,TEC-PH-10001552,113,66,Standard Class,95.68,8,0.0,26.79
6891,CA-2017-164756,SS-20140,OFF-PA-10000673,113,66,Standard Class,50.96,7,0.0,24.46
6892,CA-2017-164756,SS-20140,OFF-AR-10000380,113,66,Standard Class,113.94,3,0.0,34.18
6893,CA-2017-164756,SS-20140,OFF-PA-10003848,113,66,Standard Class,25.92,4,0.0,12.44
6894,CA-2017-164756,SS-20140,FUR-FU-10002963,113,66,Standard Class,20.32,4,0.0,6.91
6895,CA-2017-164756,SS-20140,TEC-PH-10002447,113,66,Standard Class,411.98,2,0.0,119.47
6896,CA-2017-164756,SS-20140,OFF-SU-10004261,113,66,Standard Class,34.48,2,0.0,10.0
6897,CA-2017-164756,SS-20140,OFF-PA-10003228,113,66,Standard Class,244.55,5,0.0,114.94
6898,CA-2017-122028,CK-12205,OFF-BI-10004817,347,239,Standard Class,10.78,3,0.7,-7.91
6899,US-2015-165512,VS-21820,FUR-CH-10002880,18,1138,Second Class,602.65,7,0.3,-163.58
6900,US-2015-165512,VS-21820,OFF-BI-10001249,18,1138,Second Class,7.66,6,0.8,-13.02
6901,CA-2015-140557,TN-21040,TEC-AC-10002402,30,68,Standard Class,559.93,7,0.0,167.98
6902,US-2017-135013,HR-14830,TEC-CO-10001449,126,1139,Same Day,2399.96,5,0.2,839.99
6903,CA-2017-111220,JS-15595,OFF-FA-10002280,156,265,Standard Class,16.0,4,0.2,5.6
6904,CA-2017-111220,JS-15595,OFF-AP-10003278,156,265,Standard Class,5.59,2,0.8,-15.09
6905,CA-2017-111220,JS-15595,OFF-ST-10003994,156,265,Standard Class,235.92,5,0.2,-44.24
6906,US-2017-149006,BN-11470,OFF-ST-10003221,91,1140,Second Class,10.68,1,0.0,2.88
6907,CA-2017-149468,AR-10405,OFF-BI-10002225,191,969,Same Day,41.28,2,0.0,19.81
6908,CA-2016-140249,SW-20455,TEC-PH-10002584,6,721,Standard Class,1001.58,2,0.2,125.2
6909,US-2017-135503,JE-16165,FUR-FU-10002364,389,390,Standard Class,14.76,2,0.0,4.28
6910,CA-2014-126277,LH-16900,OFF-BI-10004022,48,104,Second Class,2.5,3,0.7,-2.0
6911,US-2017-115301,VG-21790,FUR-BO-10004709,6,571,Standard Class,115.96,2,0.0,25.51
6912,CA-2017-168942,EM-13960,OFF-ST-10004340,10,379,Second Class,186.54,3,0.0,50.37
6913,US-2017-128398,EM-13825,TEC-AC-10001714,14,744,Second Class,159.56,4,0.0,59.04
6914,CA-2015-104115,JH-15910,TEC-PH-10002844,583,822,Standard Class,55.98,2,0.2,4.2
6915,CA-2014-142510,NP-18700,OFF-ST-10000585,37,1092,Standard Class,132.16,1,0.2,9.91
6916,CA-2014-142510,NP-18700,OFF-BI-10002824,37,1092,Standard Class,17.9,6,0.8,-31.33
6917,CA-2014-142510,NP-18700,OFF-PA-10001289,37,1092,Standard Class,124.03,4,0.2,44.96
6918,CA-2014-124247,SH-20635,FUR-CH-10001854,380,758,Standard Class,1403.92,5,0.2,70.2
6919,CA-2016-105473,BM-11785,OFF-SU-10003567,61,948,Second Class,28.8,3,0.0,0.86
6920,CA-2015-102806,HG-14965,OFF-BI-10001597,106,1032,Standard Class,24.59,2,0.7,-18.03
6921,CA-2017-121706,BM-11140,OFF-AP-10003287,538,426,Standard Class,356.79,7,0.0,99.9
6922,CA-2017-109211,PS-19045,OFF-EN-10001532,165,1096,Standard Class,16.98,1,0.0,8.49
6923,CA-2015-134257,MS-17710,OFF-LA-10003930,342,200,Second Class,491.55,5,0.0,240.86
6924,CA-2015-134257,MS-17710,OFF-EN-10003845,342,200,Second Class,7.38,2,0.0,3.39
6925,CA-2015-137925,JL-15235,OFF-PA-10002659,46,673,Standard Class,23.66,7,0.0,10.88
6926,CA-2015-137925,JL-15235,FUR-BO-10001608,46,673,Standard Class,681.41,12,0.2,42.59
6927,CA-2016-140046,KM-16660,OFF-LA-10000305,4,1063,Standard Class,18.9,3,0.0,8.69
6928,CA-2016-140382,RD-19900,OFF-ST-10003638,10,662,Second Class,93.68,4,0.0,25.29
6929,CA-2016-140382,RD-19900,OFF-LA-10001934,10,662,Second Class,21.93,3,0.0,10.31
6930,CA-2016-140382,RD-19900,TEC-PH-10003012,10,662,Second Class,862.34,7,0.2,97.01
6931,CA-2016-140382,RD-19900,OFF-PA-10001019,10,662,Second Class,19.98,1,0.0,9.39
6932,CA-2014-164182,ST-20530,TEC-PH-10002070,12,687,Standard Class,13.49,1,0.4,-2.25
6933,CA-2014-164182,ST-20530,TEC-PH-10002583,12,687,Standard Class,23.99,2,0.4,-13.99
6934,CA-2014-164182,ST-20530,FUR-FU-10001057,12,687,Standard Class,31.98,2,0.2,1.2
6935,CA-2014-164182,ST-20530,OFF-AR-10001044,12,687,Standard Class,41.58,2,0.2,4.68
6936,CA-2017-137365,BP-11095,TEC-AC-10001767,295,330,Second Class,95.98,3,0.2,-10.8
6937,CA-2016-129847,TA-21385,FUR-FU-10000277,156,477,First Class,84.27,2,0.6,-75.84
6938,CA-2014-126963,PS-18760,OFF-PA-10001952,295,346,Same Day,36.54,2,0.2,11.88
6939,CA-2016-125094,NP-18700,TEC-AC-10004420,60,733,Standard Class,479.72,4,0.0,52.77
6940,CA-2017-107132,SC-20260,OFF-BI-10001071,30,336,Standard Class,102.37,2,0.2,37.11
6941,CA-2017-107132,SC-20260,OFF-SU-10002503,30,336,Standard Class,28.4,5,0.0,8.24
6942,CA-2017-107132,SC-20260,OFF-ST-10001490,30,336,Standard Class,713.88,4,0.0,214.16
6943,CA-2017-107132,SC-20260,OFF-PA-10003790,30,336,Standard Class,68.52,3,0.0,31.52
6944,CA-2015-139248,RD-19930,TEC-PH-10004094,4,396,Standard Class,623.96,5,0.2,39.0
6945,CA-2014-148369,TH-21115,OFF-BI-10004876,286,866,Standard Class,11.12,4,0.0,5.45
6946,CA-2016-106243,GM-14680,FUR-BO-10003034,165,956,Standard Class,523.92,5,0.2,-26.2
6947,CA-2015-126466,JO-15550,OFF-FA-10000490,53,530,Standard Class,2.48,2,0.0,1.17
6948,CA-2015-130365,ZC-21910,OFF-ST-10002574,174,335,Standard Class,221.02,2,0.2,-55.26
6949,CA-2015-130365,ZC-21910,FUR-CH-10003535,174,335,Standard Class,128.06,3,0.3,-23.78
6950,CA-2017-143021,AP-10720,OFF-BI-10001628,165,124,Same Day,58.41,7,0.2,18.25
6951,CA-2017-143021,AP-10720,FUR-TA-10001676,165,124,Same Day,79.97,3,0.4,-29.32
6952,CA-2015-161767,GK-14620,TEC-MA-10002790,163,313,Standard Class,479.99,2,0.4,56.0
6953,CA-2015-129917,HM-14980,OFF-BI-10001757,142,654,First Class,11.81,3,0.2,4.13
6954,CA-2015-129917,HM-14980,OFF-BI-10004828,142,654,First Class,53.57,4,0.2,19.42
6955,CA-2015-129917,HM-14980,TEC-PH-10000369,142,654,First Class,503.96,5,0.2,50.4
6956,CA-2015-115420,LS-16945,OFF-EN-10003862,26,335,Standard Class,21.34,2,0.0,9.82
6957,CA-2016-157588,AR-10570,OFF-BI-10003963,113,217,Standard Class,36.4,5,0.0,17.11
6958,CA-2016-157588,AR-10570,FUR-FU-10004848,113,217,Standard Class,51.75,1,0.0,15.52
6959,CA-2015-167255,RH-19510,OFF-ST-10001328,95,875,Second Class,15.51,1,0.0,4.34
6960,CA-2015-167255,RH-19510,OFF-PA-10002377,95,875,Second Class,146.82,3,0.0,73.41
6961,CA-2015-167255,RH-19510,OFF-PA-10003441,95,875,Second Class,12.96,2,0.0,6.22
6962,CA-2017-162096,TB-21190,OFF-AR-10002221,216,469,Same Day,7.8,3,0.0,2.11
6963,CA-2016-157161,JD-15895,OFF-EN-10001509,38,88,Second Class,10.2,5,0.0,4.79
6964,CA-2016-157161,JD-15895,OFF-AR-10003338,38,88,Second Class,22.32,3,0.0,5.58
6965,CA-2016-157161,JD-15895,OFF-BI-10004728,38,88,Second Class,24.1,5,0.0,11.09
6966,CA-2016-157161,JD-15895,TEC-AC-10000358,38,88,Second Class,75.98,2,0.0,18.24
6967,CA-2016-157161,JD-15895,OFF-BI-10002764,38,88,Second Class,6.46,2,0.0,3.17
6968,CA-2016-157161,JD-15895,OFF-PA-10001461,38,88,Second Class,60.12,9,0.0,28.86
6969,CA-2015-110765,MP-17965,TEC-PH-10004165,165,1141,Second Class,824.97,3,0.0,214.49
6970,CA-2016-163937,JB-16000,FUR-FU-10000010,563,995,Second Class,24.85,5,0.0,7.7
6971,CA-2017-153822,AB-10105,OFF-ST-10000321,52,21,Standard Class,12.62,2,0.2,-2.52
6972,CA-2017-153822,AB-10105,TEC-AC-10000109,52,21,Standard Class,89.58,2,0.2,4.48
6973,CA-2017-153822,AB-10105,TEC-PH-10002415,52,21,Standard Class,471.92,2,0.2,29.5
6974,CA-2017-153822,AB-10105,OFF-BI-10001460,52,21,Standard Class,18.18,4,0.7,-13.94
6975,CA-2017-146185,CC-12145,OFF-AR-10002987,15,176,Standard Class,31.74,2,0.2,8.33
6976,CA-2015-112144,CY-12745,OFF-LA-10000443,28,1142,Standard Class,5.9,2,0.2,1.99
6977,CA-2015-112144,CY-12745,FUR-FU-10004306,28,1142,Standard Class,621.76,4,0.2,46.63
6978,US-2016-119298,EP-13915,TEC-PH-10002564,238,882,First Class,59.98,2,0.0,17.99
6979,CA-2017-155159,DL-13315,OFF-PA-10003724,149,921,Second Class,48.87,9,0.0,23.95
6980,CA-2017-149076,SO-20335,OFF-PA-10000483,2,425,Standard Class,154.9,5,0.0,69.7
6981,CA-2014-146990,BP-11095,OFF-FA-10000611,24,846,First Class,5.92,4,0.0,2.84
6982,CA-2014-146990,BP-11095,OFF-PA-10000246,24,846,First Class,30.18,3,0.0,13.88
6983,CA-2016-116526,JA-15970,OFF-BI-10004728,84,143,Standard Class,24.1,5,0.0,11.09
6984,CA-2016-116526,JA-15970,TEC-PH-10002365,84,143,Standard Class,8.78,1,0.0,2.28
6985,CA-2016-116526,JA-15970,OFF-AP-10002457,84,143,Standard Class,376.74,4,0.1,71.16
6986,CA-2016-116526,JA-15970,OFF-BI-10000320,84,143,Standard Class,29.52,4,0.0,14.46
6987,CA-2016-116526,JA-15970,OFF-AR-10004999,84,143,Standard Class,11.96,2,0.0,2.99
6988,CA-2016-116526,JA-15970,OFF-BI-10001116,84,143,Standard Class,26.4,5,0.0,12.67
6989,CA-2017-158561,BB-11545,OFF-AP-10002651,3,344,Second Class,1158.12,5,0.2,130.29
6990,CA-2017-165099,DK-13375,OFF-AP-10001634,584,158,First Class,1.39,2,0.8,-3.76
6991,CA-2015-109386,RH-19600,OFF-AP-10003266,498,628,Second Class,44.43,3,0.0,18.66
6992,CA-2015-109386,RH-19600,TEC-PH-10002890,498,628,Second Class,226.2,5,0.0,58.81
6993,CA-2015-109386,RH-19600,FUR-FU-10000308,498,628,Second Class,186.54,3,0.0,41.04
6994,CA-2015-109386,RH-19600,OFF-AR-10000380,498,628,Second Class,265.86,7,0.0,79.76
6995,CA-2015-109386,RH-19600,OFF-AR-10000122,498,628,Second Class,27.9,5,0.0,6.98
6996,CA-2015-166800,AG-10300,OFF-AP-10004868,122,903,Standard Class,31.08,4,0.0,8.39
6997,CA-2017-117443,JB-15400,OFF-BI-10004002,229,332,Second Class,13.84,4,0.8,-22.14
6998,CA-2017-117443,JB-15400,OFF-PA-10004475,229,332,Second Class,175.87,4,0.2,63.75
6999,US-2016-134369,BC-11125,OFF-PA-10002195,288,1143,Standard Class,12.96,2,0.0,6.35
7000,CA-2017-123687,KC-16675,OFF-AP-10002670,176,1144,First Class,208.44,3,0.0,62.53
7001,CA-2017-123687,KC-16675,OFF-SU-10004498,176,1144,First Class,25.76,2,0.0,0.77
7002,CA-2015-104871,DR-12940,FUR-CH-10003298,585,1111,Standard Class,366.74,4,0.3,-110.02
7003,CA-2014-133158,DW-13195,FUR-FU-10000723,63,711,Second Class,289.24,7,0.0,26.03
7004,CA-2014-133158,DW-13195,OFF-BI-10000632,63,711,Second Class,69.46,2,0.2,22.57
7005,CA-2014-126333,ME-18010,OFF-PA-10000223,484,852,Standard Class,5.18,1,0.2,1.81
7006,CA-2015-141740,JF-15490,FUR-CH-10001545,30,550,Standard Class,205.16,2,0.1,13.68
7007,CA-2014-119466,SP-20860,FUR-FU-10001546,37,535,Standard Class,8.54,2,0.6,-7.48
7008,CA-2015-154823,KN-16390,OFF-BI-10001098,158,292,Standard Class,12.83,2,0.7,-8.98
7009,CA-2015-154823,KN-16390,FUR-CH-10003379,158,292,Standard Class,598.46,3,0.3,-42.75
7010,CA-2015-154823,KN-16390,FUR-FU-10000193,158,292,Standard Class,25.98,1,0.2,-3.9
7011,US-2014-135881,GT-14710,OFF-BI-10000829,46,236,Standard Class,17.96,5,0.2,5.84
7012,US-2014-135881,GT-14710,OFF-SU-10003002,46,236,Standard Class,5.04,2,0.0,0.15
7013,US-2014-135881,GT-14710,OFF-AP-10002118,46,236,Standard Class,208.16,1,0.0,56.2
7014,CA-2017-141201,DB-12910,FUR-BO-10001519,206,35,Second Class,148.26,3,0.15,15.7
7015,CA-2014-114790,FM-14215,OFF-AP-10002578,127,519,Second Class,146.76,3,0.0,38.16
7016,CA-2014-114790,FM-14215,TEC-AC-10000710,127,519,Second Class,32.96,2,0.0,14.17
7017,CA-2014-114790,FM-14215,TEC-PH-10000984,127,519,Second Class,587.97,3,0.0,164.63
7018,CA-2014-114790,FM-14215,OFF-PA-10000213,127,519,Second Class,14.94,3,0.0,7.02
7019,US-2016-154256,SM-20005,OFF-LA-10003720,46,662,Second Class,25.83,7,0.0,12.14
7020,CA-2014-124737,AP-10915,OFF-PA-10001837,77,710,Standard Class,15.55,3,0.2,5.44
7021,CA-2014-124737,AP-10915,OFF-SU-10004661,77,710,Standard Class,6.8,1,0.2,0.51
7022,CA-2014-124737,AP-10915,FUR-FU-10003274,77,710,Standard Class,4.22,3,0.2,1.27
7023,CA-2014-124737,AP-10915,TEC-PH-10000149,77,710,Standard Class,143.64,9,0.2,10.77
7024,CA-2014-124737,AP-10915,OFF-PA-10000019,77,710,Standard Class,31.1,6,0.2,10.89
7025,CA-2014-124737,AP-10915,OFF-PA-10001125,77,710,Standard Class,223.06,9,0.2,69.7
7026,US-2017-101840,SP-20545,TEC-PH-10002538,24,696,Standard Class,227.46,6,0.0,65.96
7027,US-2017-101840,SP-20545,OFF-BI-10000279,24,696,Standard Class,46.24,4,0.2,15.61
7028,CA-2017-131653,RD-19585,OFF-LA-10001045,165,927,Standard Class,5.22,2,0.0,2.4
7029,US-2016-157840,MC-17575,OFF-PA-10003673,11,888,Second Class,33.9,5,0.0,15.59
7030,CA-2016-145548,EB-13750,OFF-ST-10002562,165,584,Standard Class,28.14,3,0.0,7.88
7031,CA-2016-145548,EB-13750,TEC-AC-10002305,165,584,Standard Class,36.0,2,0.0,6.48
7032,CA-2016-145548,EB-13750,OFF-AR-10003373,165,584,Standard Class,92.94,3,0.0,25.09
7033,CA-2016-145548,EB-13750,FUR-CH-10003774,165,584,Standard Class,245.65,3,0.1,8.19
7034,CA-2016-145548,EB-13750,OFF-BI-10001510,165,584,Standard Class,55.01,3,0.2,17.19
7035,CA-2016-145548,EB-13750,OFF-BI-10004236,165,584,Standard Class,35.23,3,0.2,11.45
7036,CA-2017-119494,JE-15610,FUR-CH-10004675,189,46,Standard Class,523.39,3,0.2,52.34
7037,CA-2014-124618,CS-11860,TEC-CO-10004202,153,1074,Second Class,479.98,2,0.2,90.0
7038,CA-2017-161970,PB-19105,OFF-PA-10004255,270,586,Standard Class,12.96,2,0.0,6.22
7039,CA-2017-161970,PB-19105,OFF-AR-10003896,270,586,Standard Class,17.94,3,0.0,6.46
7040,CA-2017-103443,AT-10735,OFF-ST-10002276,30,95,Standard Class,166.72,2,0.0,41.68
7041,CA-2017-103443,AT-10735,OFF-BI-10001617,30,95,Standard Class,24.82,3,0.2,8.38
7042,CA-2017-103443,AT-10735,FUR-FU-10000308,30,95,Standard Class,124.36,2,0.0,27.36
7043,US-2017-165358,SV-20365,TEC-CO-10001943,64,931,Standard Class,599.97,5,0.4,70.0
7044,US-2017-165358,SV-20365,FUR-CH-10002647,64,931,Standard Class,198.74,4,0.3,-14.2
7045,US-2017-165358,SV-20365,OFF-SU-10004768,64,931,Standard Class,9.18,2,0.2,1.15
7046,CA-2016-160136,PJ-18835,OFF-PA-10002160,163,55,Standard Class,9.25,2,0.2,3.35
7047,CA-2014-150581,NM-18445,FUR-TA-10003748,138,919,Standard Class,99.59,1,0.2,2.49
7048,CA-2014-150581,NM-18445,TEC-AC-10001908,138,919,Standard Class,399.96,4,0.0,139.99
7049,CA-2016-119515,TR-21325,OFF-PA-10000552,396,1042,First Class,15.55,3,0.2,5.44
7050,CA-2014-141355,BF-11005,OFF-AR-10003179,43,795,Standard Class,14.58,2,0.2,2.37
7051,CA-2016-165330,WB-21850,OFF-BI-10004593,159,26,Same Day,209.6,5,0.2,68.12
7052,CA-2016-165330,WB-21850,OFF-AR-10000914,159,26,Same Day,23.32,2,0.0,6.06
7053,CA-2016-165330,WB-21850,OFF-PA-10000241,159,26,Same Day,30.98,1,0.0,13.94
7054,CA-2016-165330,WB-21850,TEC-AC-10000057,159,26,Same Day,119.96,4,0.0,25.19
7055,CA-2016-165330,WB-21850,FUR-CH-10003774,159,26,Same Day,363.92,5,0.2,-31.84
7056,CA-2016-165330,WB-21850,OFF-BI-10002824,159,26,Same Day,35.81,3,0.2,11.19
7057,CA-2016-165330,WB-21850,OFF-BI-10004001,159,26,Same Day,122.69,9,0.2,39.87
7058,CA-2016-165330,WB-21850,FUR-TA-10004619,159,26,Same Day,892.14,7,0.2,111.52
7059,CA-2016-165330,WB-21850,OFF-ST-10000636,159,26,Same Day,50.22,3,0.0,2.01
7060,CA-2016-165330,WB-21850,OFF-AP-10001469,159,26,Same Day,83.42,2,0.0,24.19
7061,CA-2016-165330,WB-21850,OFF-BI-10002897,159,26,Same Day,5.87,2,0.2,2.13
7062,CA-2015-132633,KH-16630,OFF-BI-10002432,269,303,Second Class,12.14,3,0.2,4.1
7063,CA-2016-157742,KL-16645,OFF-EN-10002592,331,724,Second Class,27.79,3,0.2,10.42
7064,CA-2017-127712,MG-17890,OFF-SU-10002522,161,516,Standard Class,6.21,2,0.2,0.7
7065,CA-2017-169474,JF-15355,OFF-AP-10003971,145,1145,Standard Class,32.67,3,0.0,8.49
7066,CA-2014-106726,RS-19765,OFF-ST-10001496,142,777,First Class,1261.33,7,0.0,327.95
7067,CA-2016-147473,NL-18310,OFF-PA-10004782,14,199,Standard Class,38.88,6,0.0,18.66
7068,CA-2016-114209,AS-10285,OFF-BI-10000343,177,207,Standard Class,1.96,2,0.8,-3.24
7069,CA-2016-114209,AS-10285,OFF-PA-10003591,177,207,Standard Class,82.66,9,0.2,31.0
7070,CA-2014-141901,GM-14500,OFF-PA-10001667,254,129,Standard Class,5.98,1,0.0,2.69
7071,CA-2016-164490,SU-20665,OFF-PA-10004971,156,65,Second Class,9.25,2,0.2,3.35
7072,CA-2016-112256,CK-12205,OFF-AR-10001216,479,311,Standard Class,4.45,2,0.2,0.33
7073,CA-2016-112256,CK-12205,OFF-PA-10004355,479,311,Standard Class,5.18,1,0.2,1.81
7074,CA-2016-112256,CK-12205,OFF-AR-10001953,479,311,Standard Class,175.92,5,0.2,15.39
7075,CA-2016-112256,CK-12205,OFF-BI-10004364,479,311,Standard Class,4.75,4,0.8,-8.32
7076,CA-2016-112256,CK-12205,OFF-SU-10001165,479,311,Standard Class,13.34,2,0.2,1.0
7077,CA-2016-167416,JM-15580,OFF-EN-10001141,60,537,Standard Class,54.9,5,0.0,26.9
7078,CA-2016-106950,JE-15715,OFF-BI-10000014,44,477,Standard Class,22.91,7,0.7,-17.57
7079,CA-2016-106950,JE-15715,OFF-AP-10000159,44,477,Standard Class,309.46,9,0.2,34.81
7080,CA-2016-106950,JE-15715,OFF-AR-10003560,44,477,Standard Class,19.46,4,0.2,3.4
7081,CA-2016-106950,JE-15715,FUR-TA-10001768,44,477,Standard Class,472.52,3,0.4,-149.63
7082,CA-2016-106950,JE-15715,TEC-AC-10002049,44,477,Standard Class,1012.68,3,0.2,303.8
7083,CA-2016-106950,JE-15715,OFF-BI-10003166,44,477,Standard Class,17.22,5,0.7,-12.63
7084,CA-2017-118724,AR-10825,OFF-AR-10003469,138,247,Second Class,3.52,2,0.0,1.69
7085,CA-2017-118724,AR-10825,TEC-PH-10002549,138,247,Second Class,1626.19,9,0.2,121.96
7086,CA-2017-112004,AH-10075,OFF-BI-10003476,182,146,First Class,8.6,5,0.7,-6.3
7087,CA-2017-112004,AH-10075,OFF-SU-10000157,182,146,First Class,190.9,2,0.2,-42.95
7088,US-2017-143175,GA-14515,OFF-ST-10003123,26,647,Second Class,99.87,3,0.0,23.97
7089,CA-2015-105844,JF-15415,OFF-AR-10001955,385,970,Second Class,79.36,4,0.0,23.81
7090,CA-2017-118864,KH-16690,TEC-PH-10001809,4,141,Second Class,119.96,1,0.2,7.5
7091,CA-2015-119480,CC-12685,OFF-PA-10000474,1,1146,Standard Class,106.32,3,0.0,49.97
7092,CA-2015-119480,CC-12685,OFF-AP-10001205,1,1146,Standard Class,163.44,3,0.0,45.76
7093,CA-2015-119480,CC-12685,OFF-AR-10004691,1,1146,Standard Class,42.76,2,0.0,11.12
7094,CA-2015-119480,CC-12685,OFF-PA-10004996,1,1146,Standard Class,51.55,5,0.0,24.23
7095,US-2015-153374,JF-15565,TEC-AC-10001908,68,98,Second Class,479.95,6,0.2,89.99
7096,CA-2016-101980,RP-19390,OFF-BI-10000666,30,1147,First Class,146.69,6,0.2,55.01
7097,CA-2016-101980,RP-19390,OFF-BI-10004318,30,1147,First Class,276.78,2,0.2,89.95
7098,CA-2016-101980,RP-19390,OFF-BI-10003429,30,1147,First Class,25.32,5,0.2,9.18
7099,CA-2017-144596,CD-11980,OFF-PA-10003302,165,45,Standard Class,318.96,9,0.0,149.91
7100,CA-2015-124933,DF-13135,OFF-PA-10003302,30,208,Second Class,212.64,6,0.0,99.94
7101,CA-2014-159625,SM-20005,OFF-EN-10002621,58,534,Standard Class,23.47,3,0.2,8.8
7102,CA-2016-144337,SG-20890,OFF-PA-10000249,140,1148,Second Class,19.65,2,0.2,6.63
7103,CA-2014-117478,LH-16750,OFF-BI-10000050,12,159,First Class,6.57,3,0.7,-5.04
7104,CA-2017-147410,EJ-14155,OFF-ST-10003805,201,508,Standard Class,421.1,2,0.0,105.28
7105,CA-2017-128944,KH-16330,FUR-CH-10000785,56,250,Second Class,760.12,6,0.3,-43.44
7106,CA-2017-128944,KH-16330,FUR-FU-10004909,56,250,Second Class,38.78,3,0.2,7.27
7107,CA-2017-128944,KH-16330,TEC-AC-10001553,56,250,Second Class,122.33,9,0.2,1.53
7108,CA-2016-109666,KM-16720,TEC-PH-10004774,46,476,Standard Class,25.98,2,0.0,0.78
7109,CA-2016-109666,KM-16720,OFF-AR-10004582,46,476,Standard Class,3.28,2,0.0,1.48
7110,CA-2016-109666,KM-16720,OFF-ST-10000991,46,476,Standard Class,459.88,4,0.0,13.8
7111,CA-2016-109666,KM-16720,OFF-SU-10002522,46,476,Standard Class,7.76,2,0.0,2.25
7112,CA-2016-109666,KM-16720,OFF-AR-10004022,46,476,Standard Class,71.96,2,0.0,17.99
7113,CA-2016-109666,KM-16720,OFF-SU-10001218,46,476,Standard Class,54.9,5,0.0,15.37
7114,CA-2016-109666,KM-16720,OFF-BI-10000174,46,476,Standard Class,9.28,2,0.2,3.25
7115,US-2016-102239,LW-16990,FUR-TA-10003392,321,466,First Class,1685.88,6,0.0,320.32
7116,US-2016-102239,LW-16990,OFF-BI-10001890,321,466,First Class,5.73,2,0.2,2.0
7117,CA-2014-143168,IG-15085,OFF-PA-10000167,6,639,Second Class,61.96,2,0.0,27.88
7118,CA-2014-143168,IG-15085,OFF-BI-10003784,6,639,Second Class,1.34,1,0.2,0.47
7119,CA-2017-104906,JP-15460,OFF-PA-10001184,30,779,Standard Class,17.94,3,0.0,8.79
7120,CA-2017-118122,GG-14650,OFF-BI-10002103,6,702,Standard Class,13.9,2,0.2,4.52
7121,US-2014-147774,MM-18280,OFF-BI-10003091,298,408,Standard Class,67.19,1,0.7,-51.52
7122,CA-2017-166926,SO-20335,OFF-PA-10001593,60,97,Standard Class,41.86,7,0.0,18.84
7123,CA-2017-166926,SO-20335,FUR-BO-10002598,60,97,Standard Class,141.96,2,0.0,41.17
7124,CA-2015-128013,MF-18250,FUR-FU-10000320,46,102,Standard Class,10.02,3,0.0,4.41
7125,CA-2015-128013,MF-18250,OFF-PA-10001815,46,102,Standard Class,144.12,3,0.0,69.18
7126,CA-2016-123176,JG-15160,OFF-PA-10003971,149,721,Second Class,17.94,3,0.0,8.79
7127,CA-2016-123176,JG-15160,OFF-AR-10004685,149,721,Second Class,13.89,3,0.0,4.58
7128,US-2016-117541,JM-16195,OFF-PA-10001609,286,697,Standard Class,16.45,5,0.0,7.57
7129,US-2016-117541,JM-16195,FUR-FU-10000550,286,697,Standard Class,19.92,4,0.0,6.57
7130,CA-2016-166282,PK-19075,TEC-AC-10004209,396,948,Standard Class,35.17,4,0.2,8.35
7131,CA-2016-166282,PK-19075,OFF-PA-10003022,396,948,Standard Class,123.09,7,0.2,40.0
7132,CA-2017-141439,TT-21460,FUR-TA-10001039,239,201,Standard Class,257.94,3,0.0,67.06
7133,CA-2017-141439,TT-21460,TEC-PH-10002624,239,201,Standard Class,1879.96,4,0.0,545.19
7134,CA-2017-141439,TT-21460,FUR-FU-10001473,239,201,Standard Class,27.46,2,0.0,9.89
7135,CA-2017-141439,TT-21460,TEC-PH-10001819,239,201,Standard Class,89.98,2,0.0,43.19
7136,CA-2017-141439,TT-21460,FUR-CH-10004287,239,201,Standard Class,828.6,3,0.0,240.29
7137,CA-2015-163965,SS-20875,OFF-BI-10004728,124,313,Standard Class,7.23,5,0.7,-5.78
7138,CA-2015-163965,SS-20875,OFF-ST-10000918,124,313,Standard Class,17.44,2,0.2,1.31
7139,CA-2015-163965,SS-20875,OFF-BI-10004593,124,313,Standard Class,62.88,4,0.7,-50.3
7140,CA-2015-163965,SS-20875,FUR-BO-10001337,124,313,Standard Class,290.35,3,0.2,-36.29
7141,CA-2017-128783,TG-21640,TEC-AC-10002473,586,211,Same Day,113.52,4,0.0,46.54
7142,CA-2017-128783,TG-21640,FUR-FU-10003623,586,211,Same Day,135.3,5,0.0,37.88
7143,CA-2014-122217,HP-14815,FUR-FU-10002045,221,157,Standard Class,111.15,5,0.0,48.91
7144,US-2017-141558,MH-17290,TEC-PH-10002555,12,826,Standard Class,776.85,5,0.4,-181.26
7145,US-2017-141558,MH-17290,OFF-BI-10002794,12,826,Standard Class,12.29,1,0.7,-8.61
7146,US-2017-141558,MH-17290,FUR-TA-10004086,12,826,Standard Class,154.76,3,0.4,-46.43
7147,US-2017-141558,MH-17290,OFF-ST-10004946,12,826,Standard Class,43.28,1,0.2,3.25
7148,CA-2016-139941,CB-12415,OFF-PA-10000241,256,2,Standard Class,92.94,3,0.0,41.82
7149,CA-2016-139941,CB-12415,OFF-AP-10004036,256,2,Standard Class,52.56,3,0.0,18.4
7150,CA-2015-166583,VD-21670,TEC-PH-10001578,33,154,Standard Class,971.88,3,0.2,109.34
7151,CA-2017-100412,SR-20425,FUR-CH-10002647,520,67,Standard Class,141.96,2,0.0,35.49
7152,CA-2017-142909,AG-10330,FUR-TA-10003008,155,67,Second Class,182.55,2,0.5,-135.09
7153,CA-2014-137911,BP-11095,OFF-PA-10004071,223,1149,Standard Class,88.77,2,0.2,31.07
7154,CA-2015-106208,JW-16075,OFF-AP-10004980,27,896,Standard Class,53.09,7,0.8,-108.83
7155,US-2015-136749,LH-16900,FUR-FU-10000747,113,708,Second Class,275.88,6,0.0,46.9
7156,US-2015-136749,LH-16900,OFF-BI-10004492,113,708,Second Class,157.9,5,0.0,74.21
7157,CA-2017-126718,KT-16480,OFF-LA-10004055,417,569,Standard Class,4.91,1,0.0,2.41
7158,CA-2016-131380,CC-12220,OFF-ST-10002485,4,464,Second Class,87.92,4,0.0,0.88
7159,CA-2016-131380,CC-12220,OFF-PA-10001243,4,464,Second Class,5.98,1,0.0,2.93
7160,CA-2015-145835,BF-11170,TEC-PH-10004447,37,1150,Second Class,222.38,2,0.2,16.68
7161,CA-2015-145835,BF-11170,OFF-FA-10002280,37,1150,Second Class,16.0,4,0.2,5.6
7162,CA-2014-138709,MS-17770,OFF-PA-10004734,196,1130,Standard Class,21.84,3,0.0,10.92
7163,CA-2014-138709,MS-17770,OFF-BI-10000145,196,1130,Standard Class,15.6,5,0.0,7.64
7164,CA-2014-122070,AH-10030,OFF-EN-10004773,25,1151,Second Class,247.84,8,0.0,121.44
7165,CA-2014-122070,AH-10030,OFF-BI-10004970,25,1151,Second Class,9.91,3,0.2,3.35
7166,CA-2016-158610,CK-12595,OFF-ST-10000604,260,252,First Class,69.52,2,0.0,17.38
7167,CA-2014-117464,NP-18325,OFF-AR-10003190,35,193,Second Class,11.52,4,0.0,3.23
7168,CA-2014-117464,NP-18325,FUR-CH-10000155,35,193,Second Class,717.72,3,0.2,71.77
7169,CA-2014-117464,NP-18325,OFF-ST-10003058,35,193,Second Class,236.5,10,0.0,68.58
7170,CA-2014-117464,NP-18325,FUR-TA-10004767,35,193,Second Class,170.35,3,0.2,19.16
7171,US-2017-168613,GM-14440,FUR-CH-10002372,30,1049,Standard Class,145.76,2,0.1,3.24
7172,CA-2017-125381,SG-20605,TEC-AC-10000158,10,1017,Second Class,107.97,3,0.0,22.67
7173,US-2017-141677,HK-14890,TEC-AC-10000158,33,607,Standard Class,143.96,5,0.2,1.8
7174,US-2017-141677,HK-14890,TEC-CO-10002313,33,607,Standard Class,2399.96,5,0.2,569.99
7175,US-2017-141677,HK-14890,OFF-PA-10002581,33,607,Standard Class,74.35,3,0.2,23.24
7176,US-2017-141677,HK-14890,OFF-AP-10001205,33,607,Standard Class,87.17,8,0.8,-226.64
7177,US-2017-141677,HK-14890,OFF-ST-10000344,33,607,Standard Class,32.23,3,0.2,2.42
7178,CA-2017-133067,MY-18295,OFF-BI-10002897,12,465,Standard Class,2.2,2,0.7,-1.54
7179,CA-2017-133067,MY-18295,OFF-BI-10003694,12,465,Standard Class,9.4,3,0.7,-7.52
7180,US-2016-144351,RC-19960,TEC-PH-10001644,309,697,Standard Class,89.97,3,0.0,25.19
7181,CA-2014-106054,JO-15145,OFF-AR-10002399,507,1038,First Class,12.78,3,0.0,5.24
7182,CA-2016-138667,MW-18220,TEC-AC-10003063,404,798,Second Class,40.0,2,0.2,0.5
7183,CA-2017-150609,NZ-18565,OFF-BI-10002071,4,505,Standard Class,23.24,5,0.2,7.55
7184,CA-2017-128853,JM-15250,FUR-CH-10004218,309,82,First Class,908.82,9,0.0,227.2
7185,CA-2017-133102,ED-13885,OFF-SU-10000432,15,630,Standard Class,5.55,2,0.2,-1.04
7186,CA-2017-133102,ED-13885,OFF-AR-10003183,15,630,Standard Class,8.02,3,0.2,1.0
7187,CA-2017-133102,ED-13885,FUR-CH-10002017,15,630,Standard Class,74.59,4,0.3,-2.13
7188,CA-2017-133102,ED-13885,FUR-FU-10003247,15,630,Standard Class,16.78,2,0.6,-22.24
7189,CA-2017-133102,ED-13885,OFF-AP-10001563,15,630,Standard Class,38.86,4,0.8,-99.1
7190,CA-2016-164399,DW-13480,TEC-PH-10004908,143,397,First Class,203.98,3,0.2,25.5
7191,CA-2016-164399,DW-13480,FUR-TA-10003392,143,397,First Class,674.35,3,0.2,-8.43
7192,CA-2016-116918,JK-15205,OFF-BI-10004140,187,394,Second Class,5.39,4,0.7,-4.49
7193,CA-2016-116918,JK-15205,OFF-AR-10003631,187,394,Second Class,30.98,8,0.2,5.03
7194,CA-2016-110492,JS-15880,OFF-ST-10003716,149,1152,First Class,1350.12,6,0.0,175.52
7195,CA-2016-110492,JS-15880,OFF-BI-10003274,149,1152,First Class,15.92,4,0.0,7.48
7196,CA-2016-147683,PO-19180,FUR-FU-10004848,6,374,Standard Class,19.54,2,0.0,7.23
7197,CA-2014-116785,MH-17290,OFF-AR-10003504,2,760,Standard Class,21.4,5,0.0,6.21
7198,CA-2014-116785,MH-17290,OFF-LA-10000305,2,760,Standard Class,12.6,2,0.0,5.8
7199,US-2015-156797,PO-19180,OFF-AR-10001427,46,1068,Standard Class,11.96,2,0.0,3.11
7200,US-2015-156797,PO-19180,TEC-PH-10004614,46,1068,Standard Class,138.0,2,0.0,34.5
7201,CA-2016-104276,HF-14995,TEC-PH-10001944,3,582,Standard Class,116.76,1,0.2,14.6
7202,CA-2016-104276,HF-14995,FUR-TA-10001039,3,582,Standard Class,331.02,7,0.45,-114.35
7203,CA-2016-120369,VB-21745,FUR-FU-10003806,145,100,Same Day,756.8,5,0.0,75.68
7204,CA-2014-118276,MG-17890,FUR-FU-10002111,587,283,Standard Class,8.74,3,0.6,-4.8
7205,CA-2015-136658,BO-11425,OFF-AR-10000817,24,230,Standard Class,6.08,2,0.0,2.07
7206,CA-2017-137414,CM-12115,FUR-FU-10001424,10,281,Standard Class,17.46,2,0.0,5.94
7207,CA-2017-137414,CM-12115,TEC-MA-10002930,10,281,Standard Class,369.16,11,0.2,32.3
7208,CA-2016-143476,LC-16930,OFF-AR-10003759,52,109,First Class,2.91,2,0.2,0.91
7209,CA-2016-143476,LC-16930,OFF-PA-10001837,52,109,First Class,20.74,4,0.2,7.26
7210,CA-2016-143476,LC-16930,OFF-PA-10001667,52,109,First Class,9.57,2,0.2,2.99
7211,US-2016-119046,EH-13765,OFF-PA-10000246,61,800,Standard Class,30.18,3,0.0,13.88
7212,US-2016-119046,EH-13765,OFF-BI-10001078,61,800,Standard Class,51.65,12,0.2,18.72
7213,US-2016-119046,EH-13765,OFF-BI-10000138,61,800,Standard Class,11.23,3,0.2,3.93
7214,CA-2017-154949,MC-17275,OFF-LA-10002034,588,454,Standard Class,14.73,3,0.0,7.22
7215,CA-2015-103072,HW-14935,OFF-AR-10000127,186,875,Second Class,16.4,5,0.0,4.76
7216,CA-2015-103072,HW-14935,OFF-PA-10003172,186,875,Second Class,25.92,4,0.0,12.44
7217,CA-2015-150770,LC-16870,OFF-AR-10001246,10,911,First Class,8.82,3,0.0,2.56
7218,CA-2015-150770,LC-16870,OFF-BI-10002026,10,911,First Class,62.5,2,0.2,21.87
7219,CA-2015-150770,LC-16870,TEC-AC-10000844,10,911,First Class,339.96,4,0.0,122.39
7220,CA-2015-150770,LC-16870,OFF-BI-10001575,10,911,First Class,49.57,2,0.2,17.35
7221,CA-2017-154760,BP-11290,OFF-BI-10004632,12,1153,Standard Class,274.49,3,0.7,-228.74
7222,US-2017-104437,TG-21310,TEC-PH-10000193,46,679,Standard Class,137.94,3,0.0,35.86
7223,CA-2017-113075,MC-18100,TEC-AC-10003441,37,265,Standard Class,40.68,3,0.2,-7.12
7224,CA-2016-109953,RB-19360,TEC-PH-10004093,35,217,Standard Class,110.38,3,0.2,12.42
7225,CA-2016-109953,RB-19360,OFF-AP-10002998,35,217,Standard Class,151.62,7,0.0,50.03
7226,CA-2016-109953,RB-19360,FUR-FU-10000073,35,217,Standard Class,30.8,4,0.0,10.16
7227,CA-2017-127397,ES-14080,OFF-PA-10001125,64,643,Standard Class,123.92,5,0.2,38.72
7228,CA-2017-127397,ES-14080,TEC-AC-10003033,64,643,Standard Class,1319.8,5,0.2,214.47
7229,CA-2014-157546,RD-19720,OFF-BI-10002498,35,837,First Class,89.71,6,0.2,30.28
7230,CA-2014-157546,RD-19720,OFF-PA-10004569,35,837,First Class,22.83,3,0.0,10.73
7231,CA-2017-153843,SC-20380,OFF-BI-10002353,70,678,First Class,30.88,2,0.0,15.44
7232,CA-2017-153843,SC-20380,OFF-AP-10001564,70,678,First Class,465.16,2,0.0,120.94
7233,CA-2017-153843,SC-20380,OFF-PA-10003673,70,678,First Class,27.12,4,0.0,12.48
7234,CA-2016-137337,GB-14575,FUR-FU-10003347,165,388,Standard Class,113.6,8,0.0,44.3
7235,CA-2016-137337,GB-14575,OFF-PA-10001934,165,388,Standard Class,12.96,2,0.0,6.35
7236,CA-2016-137337,GB-14575,OFF-BI-10000632,165,388,Standard Class,69.46,2,0.2,22.57
7237,CA-2014-138737,FP-14320,OFF-AR-10003190,14,1036,First Class,8.64,3,0.0,2.42
7238,CA-2016-164924,EA-14035,TEC-MA-10000904,106,213,Same Day,341.99,3,0.7,-319.19
7239,CA-2016-101651,SC-20305,FUR-FU-10000771,59,436,Standard Class,43.96,7,0.0,18.46
7240,CA-2016-101651,SC-20305,OFF-EN-10001990,59,436,Standard Class,39.76,7,0.0,18.69
7241,CA-2017-136651,JF-15355,FUR-FU-10002445,55,757,Second Class,66.36,7,0.0,26.54
7242,CA-2017-136651,JF-15355,OFF-BI-10003638,55,757,Second Class,92.88,6,0.2,30.19
7243,CA-2017-136651,JF-15355,FUR-FU-10004864,55,757,Second Class,24.14,2,0.0,7.97
7244,CA-2017-118892,TP-21415,FUR-CH-10002024,64,630,Second Class,4416.17,9,0.3,-630.88
7245,US-2017-151127,RL-19615,OFF-AR-10002445,14,1054,First Class,49.56,7,0.0,18.83
7246,CA-2017-145807,SB-20170,OFF-ST-10001370,4,840,Standard Class,354.9,5,0.0,17.74
7247,US-2014-127978,JS-15595,OFF-LA-10000305,48,224,Standard Class,15.12,3,0.2,4.91
7248,US-2014-127978,JS-15595,FUR-BO-10001972,48,224,Standard Class,302.45,5,0.5,-199.62
7249,US-2014-127978,JS-15595,OFF-ST-10002486,48,224,Standard Class,44.67,8,0.2,-10.05
7250,CA-2015-158491,BP-11155,TEC-AC-10001874,142,594,Second Class,119.98,2,0.0,35.99
7251,CA-2015-158491,BP-11155,TEC-AC-10003870,142,594,Second Class,989.97,3,0.0,395.99
7252,CA-2016-116764,EM-13825,OFF-LA-10002473,476,279,Standard Class,9.22,4,0.2,3.34
7253,CA-2016-152457,SC-20695,OFF-PA-10003790,528,127,Standard Class,68.52,3,0.0,31.52
7254,CA-2016-152730,EM-14140,OFF-AP-10002684,471,199,Standard Class,364.74,3,0.0,109.42
7255,CA-2016-152730,EM-14140,FUR-FU-10001037,471,199,Standard Class,47.4,5,0.0,21.33
7256,CA-2016-152730,EM-14140,OFF-ST-10000876,471,199,Standard Class,49.76,4,0.0,13.93
7257,CA-2016-152730,EM-14140,OFF-AR-10003732,471,199,Standard Class,5.56,2,0.0,1.45
7258,CA-2016-152730,EM-14140,OFF-PA-10000994,471,199,Standard Class,629.1,6,0.0,301.97
7259,CA-2016-152730,EM-14140,OFF-AR-10000940,471,199,Standard Class,14.7,5,0.0,3.97
7260,CA-2016-152730,EM-14140,OFF-PA-10004888,471,199,Standard Class,45.36,7,0.0,21.77
7261,CA-2016-152730,EM-14140,TEC-PH-10000441,471,199,Standard Class,125.99,1,0.0,35.28
7262,CA-2017-137001,GZ-14545,OFF-AR-10001231,381,194,Second Class,14.7,7,0.0,4.12
7263,CA-2017-156363,ML-17395,TEC-PH-10003988,64,761,Standard Class,32.7,5,0.4,-6.54
7264,CA-2017-156363,ML-17395,OFF-EN-10003068,64,761,Standard Class,31.68,4,0.2,11.09
7265,CA-2017-122056,PG-18895,OFF-AR-10004260,29,488,Standard Class,181.86,7,0.0,50.92
7266,US-2014-143721,DK-12835,FUR-CH-10001973,15,534,Second Class,155.37,2,0.3,-35.51
7267,CA-2017-122987,SJ-20215,OFF-BI-10002824,85,1154,Same Day,13.43,3,0.7,-11.19
7268,CA-2017-122987,SJ-20215,OFF-ST-10004950,85,1154,Same Day,67.14,4,0.2,-0.84
7269,CA-2016-133368,AG-10675,OFF-PA-10004039,5,1155,Standard Class,89.57,2,0.2,32.47
7270,CA-2016-133368,AG-10675,FUR-FU-10003374,5,1155,Standard Class,315.78,8,0.2,31.58
7271,CA-2016-123337,KD-16495,FUR-BO-10001918,59,1143,Standard Class,273.67,2,0.15,-12.88
7272,CA-2016-123337,KD-16495,OFF-AP-10002287,59,1143,Standard Class,17.48,4,0.0,4.54
7273,US-2016-150357,EB-13975,OFF-SU-10004498,308,1156,Standard Class,20.61,2,0.2,-4.38
7274,US-2016-150357,EB-13975,OFF-BI-10002557,308,1156,Standard Class,4.1,3,0.7,-2.73
7275,CA-2015-144519,AW-10930,TEC-PH-10004908,525,51,Standard Class,339.96,5,0.2,42.5
7276,CA-2015-144519,AW-10930,FUR-FU-10000794,525,51,Standard Class,63.98,7,0.0,21.75
7277,CA-2014-120670,JK-16120,TEC-AC-10004171,3,982,Standard Class,799.92,10,0.2,239.98
7278,CA-2016-157217,TC-21535,TEC-PH-10002070,95,1081,First Class,35.98,2,0.2,4.5
7279,CA-2016-157217,TC-21535,TEC-AC-10003095,95,1081,First Class,389.97,3,0.0,132.59
7280,CA-2016-108224,TH-21235,TEC-AC-10003832,512,676,Same Day,185.53,7,0.2,48.7
7281,CA-2015-162782,PW-19240,OFF-BI-10003527,210,781,Standard Class,2541.98,2,0.0,1270.99
7282,CA-2017-159282,GH-14410,TEC-MA-10001148,512,525,Standard Class,599.98,5,0.7,-479.99
7283,CA-2017-155936,JK-15730,OFF-BI-10002432,156,739,Standard Class,3.04,3,0.8,-5.01
7284,CA-2017-169439,LC-17140,OFF-AR-10001374,178,429,Standard Class,25.92,5,0.2,3.89
7285,CA-2017-169439,LC-17140,FUR-FU-10000723,178,429,Standard Class,66.11,2,0.2,-9.09
7286,CA-2017-151183,BK-11260,TEC-AC-10003614,95,337,Standard Class,46.36,4,0.0,15.3
7287,CA-2016-149965,BS-11365,TEC-AC-10004877,337,24,Standard Class,6.9,1,0.0,0.55
7288,CA-2016-149965,BS-11365,FUR-FU-10004270,337,24,Standard Class,57.69,3,0.0,23.65
7289,CA-2014-158281,AG-10525,TEC-MA-10002210,15,815,Standard Class,559.71,3,0.4,-121.27
7290,CA-2016-153661,SC-20725,OFF-ST-10000675,35,807,First Class,305.01,9,0.0,76.25
7291,CA-2016-153661,SC-20725,OFF-BI-10004781,35,807,First Class,50.78,2,0.2,17.77
7292,CA-2016-153661,SC-20725,OFF-LA-10004689,35,807,First Class,26.01,9,0.0,12.22
7293,CA-2017-109183,LR-16915,TEC-MA-10001856,396,770,Standard Class,649.0,2,0.5,-272.58
7294,CA-2016-113656,CB-12415,FUR-FU-10000719,2,1157,Standard Class,59.99,7,0.0,21.6
7295,CA-2015-148964,RD-19900,FUR-FU-10003849,293,990,Standard Class,20.24,1,0.0,7.89
7296,CA-2014-111899,NC-18340,OFF-AR-10001725,67,418,First Class,37.84,2,0.2,2.84
7297,CA-2014-111899,NC-18340,OFF-FA-10000840,67,418,First Class,5.47,6,0.2,1.85
7298,CA-2015-101126,NB-18655,OFF-ST-10000943,106,1158,Second Class,77.24,5,0.2,7.72
7299,CA-2014-163468,JK-15730,FUR-TA-10002533,562,729,First Class,292.1,4,0.5,-175.26
7300,CA-2014-163468,JK-15730,FUR-FU-10001546,562,729,First Class,8.54,2,0.6,-7.48
7301,CA-2014-163468,JK-15730,FUR-BO-10003546,562,729,First Class,424.12,6,0.3,-30.29
7302,CA-2014-163468,JK-15730,OFF-BI-10004728,562,729,First Class,2.89,3,0.8,-4.92
7303,CA-2014-163468,JK-15730,OFF-ST-10000025,562,729,First Class,381.72,5,0.2,-66.8
7304,US-2017-117450,DO-13645,FUR-CH-10003817,252,508,Standard Class,97.18,2,0.2,6.07
7305,US-2017-117450,DO-13645,OFF-PA-10000289,252,508,Standard Class,10.37,2,0.2,3.63
7306,CA-2014-137274,MG-18145,FUR-TA-10001889,303,1159,Standard Class,890.84,3,0.3,-152.72
7307,CA-2016-144092,LH-17155,TEC-AC-10002305,59,733,Second Class,72.0,4,0.0,12.96
7308,CA-2016-144092,LH-17155,FUR-CH-10004875,59,733,Second Class,113.89,2,0.2,9.97
7309,CA-2016-144092,LH-17155,OFF-EN-10001434,59,733,Second Class,158.13,3,0.0,77.48
7310,CA-2017-112172,MM-18280,OFF-FA-10004395,24,194,Second Class,14.13,3,0.0,0.71
7311,CA-2015-121699,BD-11320,OFF-BI-10004632,84,545,Standard Class,64.75,5,0.0,29.14
7312,CA-2015-162761,SC-20575,OFF-BI-10000145,329,331,Standard Class,1.87,2,0.7,-1.31
7313,CA-2015-162761,SC-20575,OFF-BI-10002498,329,331,Standard Class,11.21,2,0.7,-8.6
7314,CA-2015-162761,SC-20575,OFF-AR-10001761,329,331,Standard Class,37.38,8,0.2,7.48
7315,CA-2016-121377,TN-21040,TEC-PH-10001817,139,317,Standard Class,286.4,1,0.2,25.06
7316,CA-2017-115322,ZC-21910,OFF-AR-10004456,24,944,Second Class,43.92,3,0.0,12.74
7317,CA-2016-132066,NB-18655,FUR-TA-10001539,165,1160,Standard Class,142.18,1,0.4,-37.92
7318,CA-2017-158120,KH-16330,OFF-PA-10003205,589,702,Standard Class,19.61,3,0.2,6.62
7319,CA-2017-158120,KH-16330,OFF-BI-10002813,589,702,Standard Class,4.16,7,0.7,-3.46
7320,CA-2017-100097,MN-17935,TEC-PH-10002310,30,201,Second Class,979.95,5,0.0,264.59
7321,CA-2017-100097,MN-17935,FUR-FU-10003623,30,201,Second Class,135.3,5,0.0,37.88
7322,CA-2017-167626,MY-18295,OFF-PA-10003424,37,214,Standard Class,8.9,3,0.2,3.34
7323,CA-2017-167626,MY-18295,TEC-AC-10004353,37,214,Standard Class,100.8,2,0.2,21.42
7324,US-2017-126053,CS-11950,FUR-FU-10001934,24,257,First Class,41.96,2,0.0,10.91
7325,US-2017-126053,CS-11950,OFF-LA-10003766,24,257,First Class,9.45,3,0.0,4.54
7326,US-2017-128447,MC-17845,OFF-AP-10004540,514,469,Standard Class,400.8,5,0.0,112.22
7327,US-2017-128447,MC-17845,OFF-BI-10001543,514,469,Standard Class,28.79,1,0.2,10.08
7328,US-2014-131275,SC-20050,FUR-FU-10004597,590,773,Standard Class,111.0,2,0.0,14.43
7329,US-2014-131275,SC-20050,TEC-MA-10001148,590,773,Standard Class,1279.97,4,0.2,415.99
7330,US-2014-131275,SC-20050,OFF-ST-10000078,590,773,Standard Class,1856.19,7,0.0,334.11
7331,CA-2016-149349,SP-20650,FUR-FU-10001037,37,397,First Class,22.75,6,0.6,-8.53
7332,CA-2017-115119,SC-20440,TEC-PH-10001433,208,41,Standard Class,61.54,1,0.4,-13.33
7333,CA-2017-115119,SC-20440,OFF-BI-10003007,208,41,Standard Class,81.44,7,0.7,-65.15
7334,CA-2015-125563,PR-18880,FUR-FU-10001290,86,348,Standard Class,67.36,2,0.2,10.1
7335,CA-2015-125563,PR-18880,FUR-FU-10000087,86,348,Standard Class,54.53,3,0.2,14.31
7336,CA-2015-113152,JK-15625,TEC-AC-10002049,24,708,Standard Class,843.9,2,0.0,371.32
7337,CA-2015-113152,JK-15625,FUR-BO-10002613,24,708,Standard Class,449.57,2,0.2,56.2
7338,CA-2017-165155,BM-11575,OFF-ST-10004950,63,297,First Class,15.51,1,0.0,3.88
7339,CA-2014-163412,SM-20950,FUR-CH-10004875,46,415,Second Class,192.19,3,0.1,36.3
7340,CA-2015-159590,KC-16255,OFF-AR-10003190,30,1075,First Class,5.76,2,0.0,1.61
7341,CA-2014-116190,SG-20470,FUR-CH-10000553,149,712,Standard Class,67.88,2,0.0,18.33
7342,CA-2014-116190,SG-20470,OFF-LA-10002762,149,712,Standard Class,162.89,13,0.0,76.56
7343,CA-2014-116190,SG-20470,FUR-FU-10000719,149,712,Standard Class,25.71,3,0.0,9.26
7344,CA-2014-168473,TB-21520,OFF-ST-10000563,30,59,Standard Class,191.88,6,0.0,19.19
7345,CA-2017-168389,DV-13045,FUR-TA-10004289,134,158,Standard Class,721.88,6,0.45,-420.0
7346,CA-2017-168389,DV-13045,TEC-PH-10003555,134,158,Standard Class,73.57,4,0.2,-16.55
7347,CA-2017-168389,DV-13045,OFF-AR-10001958,134,158,Standard Class,13.58,1,0.2,1.36
7348,CA-2017-168389,DV-13045,FUR-CH-10000225,134,158,Standard Class,64.78,1,0.2,-12.15
7349,CA-2014-130421,SC-20020,OFF-AP-10002534,15,224,Standard Class,176.77,3,0.8,-459.61
7350,CA-2017-142125,JB-15400,OFF-BI-10000301,202,209,Standard Class,38.82,6,0.0,19.41
7351,CA-2017-142125,JB-15400,OFF-BI-10003460,202,209,Standard Class,21.9,5,0.0,10.51
7352,CA-2017-141138,GH-14425,TEC-AC-10001772,591,469,Standard Class,111.79,7,0.0,43.6
7353,CA-2017-152135,MG-17650,TEC-PH-10003505,347,634,Second Class,445.44,8,0.4,-81.66
7354,CA-2016-151974,RD-19660,OFF-LA-10004484,64,898,Standard Class,16.52,5,0.2,5.37
7355,CA-2017-154102,SN-20560,OFF-PA-10001593,10,696,Standard Class,29.9,5,0.0,13.46
7356,CA-2015-139780,AH-10690,OFF-BI-10004139,186,621,Second Class,116.4,8,0.0,52.38
7357,CA-2016-114748,MZ-17335,OFF-AR-10001315,52,791,Standard Class,1.41,1,0.2,0.16
7358,CA-2016-114748,MZ-17335,FUR-FU-10001488,52,791,Standard Class,169.57,2,0.2,0.0
7359,US-2014-115189,AR-10345,TEC-PH-10002170,106,126,Second Class,251.96,6,0.4,-50.39
7360,US-2014-115189,AR-10345,FUR-TA-10004575,106,126,Second Class,523.76,3,0.4,-192.05
7361,CA-2016-163594,JF-15295,OFF-PA-10000809,2,409,First Class,19.44,3,0.0,9.33
7362,CA-2016-163594,JF-15295,FUR-CH-10000225,2,409,First Class,194.35,3,0.2,-36.44
7363,CA-2016-163594,JF-15295,OFF-BI-10003707,2,409,First Class,36.62,3,0.2,13.73
7364,CA-2016-127243,DS-13180,TEC-PH-10004539,12,86,Standard Class,340.18,3,0.4,-73.71
7365,CA-2016-127243,DS-13180,OFF-FA-10004076,12,86,Standard Class,12.67,8,0.2,2.69
7366,CA-2016-127243,DS-13180,OFF-BI-10003166,12,86,Standard Class,6.89,2,0.7,-5.05
7367,CA-2016-127243,DS-13180,OFF-ST-10002301,12,86,Standard Class,32.54,2,0.2,-7.73
7368,CA-2016-127243,DS-13180,FUR-CH-10002647,12,86,Standard Class,347.8,7,0.3,-24.84
7369,CA-2017-161851,BP-11095,OFF-BI-10004654,124,5,First Class,15.57,3,0.7,-11.94
7370,CA-2015-110345,TG-21310,OFF-LA-10001175,315,1001,Second Class,4.61,2,0.2,1.67
7371,CA-2014-107769,BT-11395,TEC-PH-10001336,592,920,Standard Class,257.98,2,0.0,74.81
7372,US-2017-123862,JF-15190,OFF-ST-10000760,107,364,Second Class,153.78,11,0.0,44.6
7373,US-2017-123862,JF-15190,OFF-ST-10002301,107,364,Second Class,61.02,3,0.0,0.61
7374,US-2017-123862,JF-15190,OFF-SU-10004884,107,364,Second Class,110.11,7,0.0,31.93
7375,US-2017-123862,JF-15190,OFF-FA-10003112,107,364,Second Class,7.89,1,0.0,3.55
7376,CA-2017-100580,MK-17905,OFF-BI-10000069,89,803,Standard Class,36.02,3,0.2,11.71
7377,US-2017-145597,GG-14650,OFF-AR-10001958,51,809,First Class,54.34,4,0.2,5.43
7378,CA-2014-132787,MC-18130,OFF-ST-10001321,61,112,Standard Class,92.52,6,0.0,24.98
7379,CA-2015-136224,ML-18265,OFF-AR-10003504,307,71,Same Day,10.27,3,0.2,1.16
7380,CA-2016-105732,AG-10270,OFF-ST-10000419,199,1161,Standard Class,40.74,3,0.0,0.41
7381,CA-2016-105732,AG-10270,OFF-LA-10004559,199,1161,Standard Class,14.4,5,0.0,7.06
7382,CA-2016-105732,AG-10270,TEC-PH-10001644,199,1161,Standard Class,149.95,5,0.0,41.99
7383,CA-2016-105732,AG-10270,OFF-SU-10004782,199,1161,Standard Class,16.9,2,0.0,5.07
7384,CA-2016-105732,AG-10270,OFF-PA-10002250,199,1161,Standard Class,17.61,3,0.0,8.45
7385,CA-2016-105732,AG-10270,OFF-AP-10001394,199,1161,Standard Class,378.0,2,0.0,136.08
7386,CA-2016-105732,AG-10270,OFF-PA-10001838,199,1161,Standard Class,17.64,3,0.0,8.64
7387,CA-2016-105732,AG-10270,OFF-ST-10004340,199,1161,Standard Class,373.08,6,0.0,100.73
7388,CA-2016-105732,AG-10270,FUR-FU-10003664,199,1161,Standard Class,1336.44,14,0.0,387.57
7389,CA-2016-105732,AG-10270,TEC-PH-10004897,199,1161,Standard Class,29.97,3,0.0,0.3
7390,CA-2017-108035,TT-21070,FUR-CH-10000454,429,1162,Standard Class,390.37,2,0.2,48.8
7391,CA-2017-108035,TT-21070,FUR-FU-10004017,429,1162,Standard Class,101.52,5,0.2,19.04
7392,CA-2017-160031,LT-16765,OFF-PA-10000241,324,770,Second Class,74.35,3,0.2,23.24
7393,CA-2017-147844,DD-13570,OFF-PA-10003016,14,744,Standard Class,15.7,5,0.0,7.06
7394,CA-2017-147844,DD-13570,OFF-AR-10001615,14,744,Standard Class,59.52,3,0.0,15.48
7395,CA-2017-147844,DD-13570,OFF-PA-10002713,14,744,Standard Class,34.4,5,0.0,15.82
7396,CA-2016-110975,DB-12970,FUR-TA-10002958,24,592,Standard Class,313.18,2,0.4,-120.05
7397,CA-2016-110975,DB-12970,FUR-CH-10003746,24,592,Standard Class,866.65,3,0.1,173.33
7398,CA-2014-141649,DM-12955,OFF-AP-10003217,324,588,Same Day,795.41,6,0.2,59.66
7399,CA-2014-124807,ME-17725,OFF-PA-10001526,27,137,Second Class,35.86,9,0.2,13.0
7400,CA-2014-124807,ME-17725,TEC-AC-10002857,27,137,Second Class,23.84,4,0.2,3.28
7401,CA-2016-110009,TR-21325,FUR-FU-10003039,6,163,Standard Class,43.13,1,0.0,14.66
7402,CA-2016-110009,TR-21325,OFF-PA-10002615,6,163,Standard Class,30.87,7,0.0,14.2
7403,CA-2017-168172,SH-20395,OFF-SU-10002573,165,635,Standard Class,70.12,4,0.0,21.04
7404,CA-2015-100146,CB-12535,FUR-BO-10004015,588,264,Standard Class,509.96,5,0.15,42.0
7405,CA-2015-100146,CB-12535,FUR-FU-10001979,588,264,Standard Class,122.91,3,0.0,34.41
7406,CA-2015-100146,CB-12535,FUR-CH-10003833,588,264,Standard Class,97.57,2,0.2,-6.1
7407,CA-2015-100146,CB-12535,FUR-CH-10004495,588,264,Standard Class,722.35,3,0.2,81.26
7408,CA-2017-152079,ML-17410,OFF-LA-10001613,156,177,First Class,11.52,5,0.2,4.18
7409,CA-2016-129728,JG-15310,FUR-FU-10003247,4,199,Standard Class,167.84,8,0.0,11.75
7410,CA-2014-121769,JS-15880,FUR-TA-10004442,214,919,Standard Class,172.11,1,0.4,-94.66
7411,CA-2014-103058,AG-10270,TEC-AC-10001314,165,150,First Class,99.98,2,0.0,8.0
7412,CA-2017-121125,MG-17890,TEC-PH-10001619,301,1110,Standard Class,156.79,1,0.2,17.64
7413,CA-2017-121125,MG-17890,TEC-AC-10002323,301,1110,Standard Class,35.36,2,0.2,-3.09
7414,CA-2017-121125,MG-17890,FUR-FU-10000820,301,1110,Standard Class,13.59,1,0.2,-0.34
7415,US-2016-114013,SC-20770,FUR-CH-10004287,64,70,Second Class,386.68,2,0.3,-5.52
7416,US-2016-114013,SC-20770,TEC-AC-10000474,64,70,Second Class,379.96,5,0.2,47.5
7417,US-2016-114013,SC-20770,TEC-PH-10001494,64,70,Second Class,539.91,3,0.4,-116.98
7418,US-2016-114013,SC-20770,OFF-PA-10004996,64,70,Second Class,41.24,5,0.2,13.92
7419,US-2016-114013,SC-20770,OFF-BI-10004318,64,70,Second Class,51.9,1,0.7,-41.52
7420,US-2016-114013,SC-20770,OFF-ST-10002574,64,70,Second Class,552.56,5,0.2,-138.14
7421,US-2016-114013,SC-20770,OFF-BI-10002353,64,70,Second Class,23.16,5,0.7,-15.44
7422,US-2016-114013,SC-20770,OFF-ST-10003641,64,70,Second Class,126.08,2,0.2,-28.37
7423,US-2016-114013,SC-20770,TEC-MA-10001148,64,70,Second Class,449.1,3,0.7,-643.71
7424,CA-2017-135069,BS-11755,OFF-AP-10000026,106,319,Standard Class,195.1,4,0.2,21.95
7425,CA-2017-135069,BS-11755,FUR-FU-10003878,106,319,Standard Class,36.67,3,0.2,6.42
7426,CA-2016-101693,LC-17140,FUR-CH-10001146,33,675,Second Class,85.25,2,0.3,-6.09
7427,CA-2016-101693,LC-17140,FUR-FU-10003919,33,675,Second Class,32.71,2,0.6,-26.17
7428,US-2014-164763,MH-17440,OFF-BI-10000605,130,462,Standard Class,11.43,3,0.0,5.37
7429,US-2014-164763,MH-17440,OFF-BI-10000309,130,462,Standard Class,30.44,2,0.0,14.92
7430,US-2014-164763,MH-17440,OFF-PA-10003349,130,462,Standard Class,12.96,2,0.0,6.35
7431,US-2014-164763,MH-17440,OFF-PA-10003063,130,462,Standard Class,16.0,4,0.0,7.68
7432,US-2014-164763,MH-17440,OFF-AP-10003971,130,462,Standard Class,32.67,3,0.0,8.49
7433,CA-2014-161249,RD-19720,OFF-FA-10004838,52,129,Standard Class,4.46,3,0.2,-0.95
7434,CA-2014-161249,RD-19720,OFF-BI-10001097,52,129,Standard Class,9.35,5,0.7,-6.54
7435,CA-2015-148180,BP-11095,OFF-BI-10000605,570,354,Standard Class,9.14,3,0.2,3.09
7436,CA-2015-148180,BP-11095,OFF-BI-10003314,570,354,Standard Class,23.14,6,0.2,8.39
7437,CA-2015-148180,BP-11095,OFF-AR-10002067,570,354,Standard Class,99.2,5,0.0,25.79
7438,CA-2014-165568,BF-11020,OFF-BI-10001031,60,1163,Standard Class,21.36,5,0.2,7.21
7439,CA-2015-145457,CP-12085,FUR-FU-10003832,473,540,Second Class,46.9,5,0.0,13.13
7440,US-2017-163657,JL-15235,OFF-BI-10000138,14,265,Standard Class,18.72,5,0.2,6.55
7441,US-2017-163657,JL-15235,FUR-TA-10004607,14,265,Standard Class,236.53,2,0.2,-2.96
7442,CA-2015-120446,JG-15805,OFF-LA-10003148,189,548,First Class,18.9,3,0.0,8.69
7443,CA-2014-109932,VP-21760,OFF-PA-10001804,231,338,First Class,10.69,2,0.2,3.74
7444,CA-2014-109932,VP-21760,OFF-ST-10000036,231,338,First Class,237.1,3,0.2,20.75
7445,CA-2017-127474,RD-19810,OFF-PA-10001166,27,448,Second Class,5.18,1,0.2,1.81
7446,CA-2017-127474,RD-19810,OFF-PA-10001033,27,448,Second Class,65.58,2,0.2,23.77
7447,CA-2017-127474,RD-19810,FUR-FU-10004597,27,448,Second Class,22.2,1,0.6,-26.08
7448,CA-2017-127474,RD-19810,OFF-PA-10000418,27,448,Second Class,419.4,5,0.2,146.79
7449,CA-2017-115448,MH-18025,FUR-FU-10004090,366,344,First Class,88.92,5,0.2,14.45
7450,CA-2017-105669,SJ-20125,OFF-AR-10000390,67,698,Second Class,9.91,3,0.2,3.22
7451,CA-2017-105669,SJ-20125,FUR-CH-10003774,67,698,Second Class,318.43,5,0.3,-77.33
7452,CA-2017-105669,SJ-20125,OFF-BI-10002412,67,698,Second Class,5.8,5,0.8,-10.15
7453,CA-2017-105669,SJ-20125,TEC-PH-10002415,67,698,Second Class,1415.76,6,0.2,88.48
7454,CA-2017-134796,FM-14380,TEC-PH-10003505,432,644,Standard Class,148.48,2,0.2,16.7
7455,CA-2016-137743,KH-16360,OFF-LA-10003663,37,680,Standard Class,9.25,4,0.2,3.12
7456,CA-2016-137743,KH-16360,OFF-ST-10001780,37,680,Standard Class,1036.62,2,0.2,51.83
7457,CA-2015-137974,LL-16840,TEC-PH-10002033,181,393,First Class,569.64,2,0.0,148.11
7458,CA-2015-137974,LL-16840,OFF-BI-10001036,181,393,First Class,9.14,1,0.0,4.57
7459,CA-2015-137974,LL-16840,FUR-FU-10001468,181,393,First Class,1196.86,7,0.0,119.69
7460,CA-2015-137974,LL-16840,FUR-BO-10001519,181,393,First Class,523.26,9,0.0,125.58
7461,US-2015-136987,AR-10540,TEC-CO-10001943,26,348,Second Class,639.97,4,0.2,215.99
7462,US-2015-136987,AR-10540,OFF-PA-10003127,26,348,Second Class,52.76,2,0.0,24.27
7463,CA-2015-138485,NP-18670,TEC-AC-10002076,60,915,Second Class,538.92,9,0.0,80.84
7464,CA-2016-103709,LP-17095,OFF-AR-10003338,439,163,Standard Class,14.88,2,0.0,3.72
7465,CA-2016-103709,LP-17095,OFF-PA-10004610,439,163,Standard Class,34.24,8,0.0,15.41
7466,CA-2016-103709,LP-17095,OFF-ST-10001272,439,163,Standard Class,261.74,2,0.0,65.44
7467,CA-2016-138282,AH-10690,OFF-AP-10001366,142,289,Standard Class,87.84,8,0.0,23.72
7468,CA-2017-148985,TB-21190,FUR-FU-10001424,63,344,Second Class,34.92,4,0.0,11.87
7469,CA-2014-138100,AA-10315,OFF-PA-10000349,165,1115,Standard Class,14.94,3,0.0,7.02
7470,CA-2014-138100,AA-10315,FUR-FU-10002456,165,1115,Standard Class,14.56,2,0.0,6.26
7471,CA-2015-100734,AC-10615,OFF-BI-10002609,106,427,Standard Class,3.58,4,0.7,-2.86
7472,CA-2015-100734,AC-10615,OFF-ST-10001522,106,427,Standard Class,147.18,2,0.2,-29.44
7473,CA-2016-139997,EM-14140,TEC-CO-10000971,519,950,First Class,1499.95,5,0.0,449.98
7474,CA-2016-109652,QJ-19255,OFF-AR-10000034,156,343,Standard Class,13.57,4,0.2,3.22
7475,CA-2014-167199,ME-17320,FUR-CH-10004063,1,1038,Standard Class,2573.82,9,0.0,746.41
7476,CA-2014-167199,ME-17320,OFF-BI-10004632,1,1038,Standard Class,609.98,2,0.0,274.49
7477,CA-2014-167199,ME-17320,OFF-AR-10001662,1,1038,Standard Class,5.48,2,0.0,1.48
7478,CA-2014-167199,ME-17320,TEC-PH-10004977,1,1038,Standard Class,391.98,2,0.0,113.67
7479,CA-2014-167199,ME-17320,TEC-PH-10004539,1,1038,Standard Class,755.96,4,0.0,204.11
7480,CA-2014-167199,ME-17320,OFF-FA-10001883,1,1038,Standard Class,31.12,4,0.0,0.31
7481,CA-2014-167199,ME-17320,OFF-PA-10000955,1,1038,Standard Class,6.54,1,0.0,3.01
7482,CA-2016-124583,LB-16795,OFF-EN-10002500,126,143,Second Class,12.78,1,0.0,5.75
7483,CA-2014-113964,JP-16135,OFF-BI-10004654,165,866,Standard Class,18.46,4,0.2,6.92
7484,CA-2014-129938,EB-13705,FUR-CH-10003774,12,535,Second Class,445.8,7,0.3,-108.27
7485,CA-2017-135111,CS-12400,OFF-AR-10004707,491,117,Standard Class,2.48,1,0.0,0.87
7486,CA-2017-135111,CS-12400,OFF-BI-10004040,491,117,Standard Class,25.9,5,0.0,12.69
7487,US-2015-134558,PM-19135,OFF-PA-10001184,356,547,Second Class,29.9,5,0.0,14.65
7488,US-2015-134558,PM-19135,TEC-AC-10004145,356,547,Second Class,2249.91,9,0.0,517.48
7489,US-2015-134558,PM-19135,FUR-TA-10003473,356,547,Second Class,1053.16,4,0.3,-105.32
7490,CA-2017-157196,AA-10645,OFF-PA-10003172,189,61,Standard Class,12.96,2,0.0,6.22
7491,CA-2015-108672,FA-14230,FUR-FU-10003799,4,230,Standard Class,106.68,6,0.0,33.07
7492,US-2017-118598,CM-12190,TEC-PH-10002583,551,674,Same Day,119.94,6,0.0,6.0
7493,US-2017-160836,CC-12475,OFF-PA-10004239,33,221,Standard Class,10.27,3,0.2,3.21
7494,US-2017-160836,CC-12475,FUR-TA-10002855,33,221,Standard Class,512.19,5,0.3,-65.85
7495,US-2017-160836,CC-12475,OFF-AP-10001626,33,221,Standard Class,1.56,2,0.8,-4.2
7496,CA-2017-121048,TC-21295,OFF-BI-10004022,280,1164,Standard Class,4.45,2,0.2,1.45
7497,CA-2017-121048,TC-21295,FUR-FU-10003601,280,1164,Standard Class,276.69,3,0.0,49.8
7498,CA-2017-121048,TC-21295,OFF-FA-10000490,280,1164,Standard Class,4.96,4,0.0,2.33
7499,CA-2017-121048,TC-21295,OFF-AR-10004042,280,1164,Standard Class,71.92,4,0.0,20.86
7500,CA-2017-121048,TC-21295,FUR-FU-10002960,280,1164,Standard Class,18.84,3,0.0,7.91
7501,CA-2017-121048,TC-21295,TEC-AC-10000991,280,1164,Standard Class,140.97,3,0.0,19.74
7502,CA-2017-121048,TC-21295,TEC-PH-10004977,280,1164,Standard Class,470.38,3,0.2,52.92
7503,US-2017-120147,TB-21400,OFF-AR-10000817,2,984,Same Day,6.08,2,0.0,2.07
7504,US-2017-120147,TB-21400,TEC-PH-10002447,2,984,Same Day,164.79,1,0.2,18.54
7505,CA-2016-158043,JK-15325,OFF-EN-10003134,593,1012,Second Class,23.36,2,0.0,11.68
7506,US-2017-106579,BW-11200,OFF-BI-10000309,302,111,Standard Class,12.18,4,0.8,-18.87
7507,CA-2014-115889,SH-20395,TEC-PH-10001615,35,982,Standard Class,46.38,2,0.2,5.22
7508,CA-2014-115889,SH-20395,OFF-ST-10003208,35,982,Standard Class,362.92,2,0.0,105.25
7509,US-2017-161935,JL-15835,OFF-PA-10000605,48,1164,Standard Class,9.25,2,0.2,3.35
7510,US-2017-161935,JL-15835,TEC-PH-10000560,48,1164,Standard Class,1889.95,9,0.4,-377.99
7511,US-2017-161935,JL-15835,OFF-ST-10003455,48,1164,Standard Class,62.04,5,0.2,4.65
7512,US-2017-161935,JL-15835,FUR-FU-10002937,48,1164,Standard Class,396.92,5,0.2,148.84
7513,US-2017-161935,JL-15835,OFF-ST-10001837,48,1164,Standard Class,239.46,7,0.2,17.96
7514,US-2017-161935,JL-15835,OFF-AR-10004757,48,1164,Standard Class,13.12,5,0.2,2.13
7515,US-2017-167920,JL-15835,OFF-BI-10004236,127,35,Second Class,29.36,2,0.0,13.51
7516,US-2017-167920,JL-15835,OFF-AP-10000159,127,35,Second Class,214.9,5,0.0,62.32
7517,US-2017-167920,JL-15835,OFF-BI-10003274,127,35,Second Class,15.92,4,0.0,7.48
7518,US-2017-167920,JL-15835,TEC-AC-10001013,127,35,Second Class,146.45,5,0.0,48.33
7519,US-2017-167920,JL-15835,OFF-ST-10004963,127,35,Second Class,15.14,1,0.0,0.61
7520,US-2017-167920,JL-15835,OFF-LA-10004409,127,35,Second Class,5.76,2,0.0,2.65
7521,US-2017-167920,JL-15835,TEC-CO-10001046,127,35,Second Class,1399.98,2,0.0,629.99
7522,CA-2016-162383,MD-17350,OFF-BI-10002824,404,65,Standard Class,8.95,2,0.7,-7.46
7523,CA-2016-162383,MD-17350,OFF-BI-10001757,404,65,Standard Class,8.86,6,0.7,-6.49
7524,CA-2016-162383,MD-17350,FUR-CH-10004477,404,65,Standard Class,85.25,2,0.3,-1.22
7525,CA-2014-125731,CL-12565,OFF-EN-10003072,428,1077,Standard Class,21.73,7,0.2,7.6
7526,CA-2014-125731,CL-12565,FUR-CH-10003973,428,1077,Standard Class,1487.04,5,0.2,148.7
7527,US-2017-106145,RA-19885,OFF-EN-10001028,10,987,Same Day,71.88,6,0.0,33.06
7528,US-2017-106145,RA-19885,FUR-FU-10003829,10,987,Same Day,9.24,3,0.0,2.96
7529,US-2017-106145,RA-19885,OFF-PA-10002245,10,987,Same Day,35.88,6,0.0,16.15
7530,US-2017-106145,RA-19885,OFF-BI-10002215,10,987,Same Day,17.04,3,0.2,5.54
7531,US-2017-106145,RA-19885,OFF-BI-10003925,10,987,Same Day,931.18,3,0.2,314.27
7532,CA-2016-107146,LC-16885,FUR-FU-10002298,594,27,First Class,266.35,3,0.2,-13.32
7533,CA-2016-107146,LC-16885,FUR-CH-10004853,594,27,First Class,483.14,4,0.2,54.35
7534,US-2017-134642,SW-20245,FUR-CH-10002880,255,907,Standard Class,196.78,2,0.2,-22.14
7535,US-2017-134642,SW-20245,FUR-BO-10004709,255,907,Standard Class,231.92,5,0.2,5.8
7536,US-2017-160143,HG-14965,OFF-SU-10004231,26,186,Standard Class,29.7,3,0.0,8.02
7537,CA-2017-103415,MV-17485,FUR-FU-10000820,17,735,Standard Class,13.59,2,0.6,-14.27
7538,CA-2016-106460,GT-14710,OFF-PA-10001736,10,318,Second Class,70.88,2,0.0,33.31
7539,US-2017-112347,BS-11380,OFF-ST-10003306,77,575,Standard Class,114.29,1,0.2,12.86
7540,US-2017-112347,BS-11380,OFF-BI-10003707,77,575,Standard Class,36.62,8,0.7,-24.42
7541,US-2017-112347,BS-11380,FUR-BO-10003546,77,575,Standard Class,242.35,8,0.7,-363.53
7542,US-2017-112347,BS-11380,TEC-PH-10000213,77,575,Standard Class,49.62,2,0.2,4.96
7543,US-2017-112347,BS-11380,FUR-FU-10001488,77,575,Standard Class,508.7,6,0.2,0.0
7544,US-2017-112347,BS-11380,TEC-PH-10004833,77,575,Standard Class,57.36,6,0.2,-14.34
7545,US-2017-112347,BS-11380,FUR-CH-10002335,77,575,Standard Class,906.68,5,0.2,68.0
7546,CA-2014-103492,CM-12715,TEC-PH-10001128,144,983,Standard Class,719.95,6,0.2,72.0
7547,CA-2014-103492,CM-12715,TEC-PH-10004667,144,983,Standard Class,755.94,7,0.2,66.15
7548,CA-2014-103492,CM-12715,OFF-BI-10004817,144,983,Standard Class,11.98,5,0.8,-19.17
7549,CA-2014-103492,CM-12715,OFF-BI-10004140,144,983,Standard Class,0.9,1,0.8,-1.57
7550,CA-2016-136595,EM-13825,FUR-FU-10004671,67,65,First Class,21.2,3,0.6,-11.66
7551,CA-2014-140396,KH-16330,OFF-EN-10002592,24,1165,Standard Class,34.74,3,0.0,17.37
7552,CA-2014-140396,KH-16330,TEC-PH-10004447,24,1165,Standard Class,833.94,6,0.0,216.82
7553,CA-2014-140396,KH-16330,OFF-BI-10003669,24,1165,Standard Class,12.96,3,0.2,4.54
7554,CA-2014-140396,KH-16330,OFF-PA-10000223,24,1165,Standard Class,25.92,4,0.0,12.44
7555,CA-2014-114181,AF-10885,FUR-BO-10004467,64,1026,Second Class,349.96,7,0.5,-216.98
7556,CA-2014-114181,AF-10885,OFF-AR-10000716,64,1026,Second Class,22.32,5,0.2,5.3
7557,CA-2017-159506,JR-16210,OFF-PA-10003641,135,345,Standard Class,158.28,6,0.0,72.81
7558,CA-2017-159506,JR-16210,OFF-BI-10004519,135,345,Standard Class,497.94,3,0.0,224.07
7559,US-2014-137155,DL-12925,OFF-AP-10002518,256,302,Standard Class,533.94,3,0.0,154.84
7560,US-2014-137155,DL-12925,OFF-PA-10000806,256,302,Standard Class,167.94,3,0.0,82.29
7561,US-2014-137155,DL-12925,FUR-FU-10003142,256,302,Standard Class,31.68,6,0.0,9.82
7562,CA-2016-105746,BD-11605,FUR-CH-10000454,208,946,First Class,170.79,1,0.3,0.0
7563,US-2016-104815,RB-19570,FUR-BO-10003894,27,324,Standard Class,198.74,4,0.3,0.0
7564,CA-2017-157672,RB-19795,TEC-AC-10001714,77,362,First Class,63.82,2,0.2,13.56
7565,US-2016-166660,TB-21250,FUR-CH-10001190,6,807,Second Class,435.17,4,0.2,-59.84
7566,US-2016-166660,TB-21250,FUR-BO-10000468,6,807,Second Class,48.58,1,0.0,7.77
7567,CA-2017-140802,KN-16390,TEC-AC-10001998,33,82,First Class,47.98,3,0.2,8.4
7568,CA-2017-140802,KN-16390,OFF-PA-10001534,33,82,First Class,20.74,4,0.2,7.26
7569,CA-2014-133830,RL-19615,OFF-AR-10003045,63,30,Standard Class,26.46,9,0.0,11.91
7570,CA-2014-133830,RL-19615,OFF-PA-10001363,63,30,Standard Class,49.12,4,0.0,23.09
7571,CA-2014-133830,RL-19615,OFF-FA-10002280,63,30,Standard Class,15.0,3,0.0,7.2
7572,CA-2014-100916,FH-14275,OFF-ST-10003479,390,619,Standard Class,194.7,5,0.0,9.74
7573,CA-2014-100916,FH-14275,FUR-TA-10004607,390,619,Standard Class,591.32,4,0.0,112.35
7574,CA-2014-100916,FH-14275,OFF-AR-10001022,390,619,Standard Class,2.84,1,0.0,0.88
7575,CA-2015-129532,YS-21880,OFF-ST-10004186,2,576,Standard Class,221.96,2,0.0,4.44
7576,CA-2015-129532,YS-21880,TEC-AC-10000865,2,576,Standard Class,236.0,4,0.0,40.12
7577,CA-2014-134726,SW-20755,TEC-AC-10000023,61,982,Second Class,41.94,2,0.0,15.1
7578,CA-2014-134726,SW-20755,TEC-PH-10001750,61,982,Second Class,52.79,1,0.2,4.62
7579,CA-2016-138597,PN-18775,FUR-CH-10004997,199,123,First Class,563.94,3,0.0,112.79
7580,CA-2015-123113,AT-10735,OFF-AP-10000275,93,522,Second Class,2625.12,8,0.0,735.03
7581,CA-2015-123113,AT-10735,OFF-AR-10004999,93,522,Second Class,17.94,3,0.0,4.49
7582,CA-2015-169656,EJ-13720,OFF-ST-10003816,106,864,First Class,422.86,3,0.2,15.86
7583,CA-2015-142734,DM-13345,FUR-CH-10003968,24,393,Standard Class,127.76,2,0.1,2.84
7584,CA-2014-163223,KH-16690,TEC-PH-10000730,29,91,Standard Class,3499.93,7,0.0,909.98
7585,CA-2014-163223,KH-16690,OFF-LA-10004409,29,91,Standard Class,14.4,5,0.0,6.62
7586,CA-2014-163223,KH-16690,OFF-PA-10000675,29,91,Standard Class,122.97,3,0.0,60.26
7587,CA-2014-163223,KH-16690,OFF-AR-10001573,29,91,Standard Class,9.32,4,0.0,2.7
7588,CA-2014-163223,KH-16690,OFF-BI-10001597,29,91,Standard Class,122.94,3,0.0,59.01
7589,CA-2017-122945,MB-18085,FUR-FU-10001196,53,674,Standard Class,17.31,3,0.0,5.19
7590,CA-2015-139738,DK-12895,OFF-AR-10004602,229,13,Standard Class,128.74,7,0.2,12.87
7591,CA-2016-158778,DB-13210,FUR-FU-10000260,64,65,Standard Class,58.25,9,0.2,11.65
7592,CA-2016-158778,DB-13210,FUR-CH-10001146,64,65,Standard Class,71.25,2,0.3,-19.34
7593,CA-2016-158778,DB-13210,OFF-AR-10000896,64,65,Standard Class,7.87,3,0.2,0.59
7594,CA-2016-158778,DB-13210,FUR-CH-10000309,64,65,Standard Class,887.27,3,0.3,-63.38
7595,CA-2017-119655,CV-12295,OFF-BI-10001989,152,694,Standard Class,146.86,7,0.0,70.49
7596,CA-2017-119655,CV-12295,OFF-BI-10001036,152,694,Standard Class,36.56,4,0.0,18.28
7597,CA-2015-164567,GK-14620,TEC-PH-10002103,26,926,Standard Class,225.58,3,0.2,22.56
7598,CA-2014-131947,JA-15970,OFF-AR-10001473,331,329,Standard Class,5.25,2,0.2,0.46
7599,CA-2014-131947,JA-15970,OFF-AR-10000411,331,329,Standard Class,38.26,3,0.2,4.78
7600,CA-2014-131947,JA-15970,OFF-PA-10000246,331,329,Standard Class,40.24,5,0.2,13.08
7601,CA-2014-131947,JA-15970,TEC-MA-10004086,331,329,Standard Class,29.92,5,0.7,-21.94
7602,CA-2014-131947,JA-15970,OFF-PA-10003039,331,329,Standard Class,148.7,6,0.2,46.47
7603,CA-2014-131947,JA-15970,TEC-AC-10004633,331,329,Standard Class,55.92,10,0.2,16.78
7604,CA-2016-152520,TH-21115,OFF-PA-10000289,260,631,Standard Class,12.96,2,0.0,6.22
7605,CA-2016-101791,BS-11665,FUR-FU-10003247,37,1023,Standard Class,25.18,3,0.6,-33.36
7606,CA-2016-101791,BS-11665,FUR-FU-10002191,37,1023,Standard Class,5.58,2,0.6,-1.68
7607,CA-2016-101791,BS-11665,OFF-ST-10001496,37,1023,Standard Class,1297.37,9,0.2,97.3
7608,CA-2017-121195,NS-18505,OFF-ST-10000585,78,166,First Class,264.32,2,0.2,19.82
7609,CA-2017-163209,MK-18160,OFF-PA-10001166,35,899,Standard Class,25.92,4,0.0,12.44
7610,CA-2017-163209,MK-18160,OFF-AR-10003651,35,899,Standard Class,22.96,7,0.0,6.66
7611,CA-2014-133354,SA-20830,OFF-PA-10001800,521,1166,First Class,19.44,3,0.0,9.33
7612,US-2015-130491,BH-11710,OFF-PA-10000791,592,286,First Class,9.54,2,0.0,4.29
7613,US-2015-130491,BH-11710,OFF-FA-10000134,592,286,First Class,5.81,1,0.0,1.8
7614,US-2015-130491,BH-11710,OFF-AR-10001149,592,286,First Class,5.76,2,0.0,1.73
7615,CA-2015-113740,SC-20380,FUR-FU-10000010,46,253,Second Class,14.91,3,0.0,4.62
7616,CA-2014-148425,RF-19345,OFF-BI-10000201,416,954,Standard Class,6.64,9,0.7,-4.43
7617,CA-2016-144309,CM-12235,OFF-PA-10001776,291,108,Standard Class,18.54,2,0.0,8.71
7618,CA-2016-144309,CM-12235,OFF-BI-10003656,291,108,Standard Class,679.96,5,0.2,220.99
7619,CA-2017-151225,JM-15655,FUR-TA-10001539,4,856,First Class,189.58,1,0.2,9.48
7620,CA-2017-151225,JM-15655,TEC-PH-10004100,4,856,First Class,71.96,5,0.2,7.2
7621,US-2014-144078,RB-19435,TEC-PH-10001580,26,642,Standard Class,539.92,5,0.2,47.24
7622,US-2014-144078,RB-19435,FUR-CH-10002335,26,642,Standard Class,725.34,4,0.2,54.4
7623,US-2014-144078,RB-19435,OFF-AR-10004707,26,642,Standard Class,7.44,3,0.0,2.6
7624,CA-2014-124464,SS-20515,OFF-AP-10000576,286,687,Standard Class,39.48,1,0.0,11.05
7625,CA-2015-136805,NM-18445,OFF-AP-10001394,152,294,Second Class,850.5,5,0.1,245.7
7626,CA-2015-136805,NM-18445,FUR-FU-10003724,152,294,Second Class,75.33,9,0.0,19.59
7627,US-2015-159499,EM-14095,OFF-AP-10002867,52,83,Second Class,325.63,6,0.2,28.49
7628,US-2015-159499,EM-14095,TEC-AC-10002718,52,83,Second Class,23.34,2,0.2,-1.46
7629,US-2015-159499,EM-14095,OFF-LA-10003121,52,83,Second Class,16.52,5,0.2,5.37
7630,CA-2014-162089,MP-17470,OFF-EN-10002230,231,810,First Class,335.72,5,0.2,113.31
7631,CA-2014-162089,MP-17470,TEC-PH-10001819,231,810,First Class,251.94,7,0.2,88.18
7632,CA-2014-162089,MP-17470,FUR-CH-10002304,231,810,First Class,127.3,7,0.3,-9.09
7633,US-2017-158526,KH-16360,FUR-CH-10002602,176,615,Second Class,1207.84,8,0.0,314.04
7634,US-2017-158526,KH-16360,OFF-BI-10002414,176,615,Second Class,12.53,1,0.0,5.89
7635,US-2017-158526,KH-16360,OFF-AR-10003696,176,615,Second Class,34.58,1,0.0,10.03
7636,US-2017-158526,KH-16360,FUR-CH-10004495,176,615,Second Class,300.98,1,0.0,87.28
7637,US-2017-158526,KH-16360,FUR-CH-10001270,176,615,Second Class,258.75,3,0.0,77.62
7638,CA-2017-104885,DB-13555,OFF-AR-10001615,286,581,Standard Class,59.52,3,0.0,15.48
7639,CA-2017-104885,DB-13555,OFF-EN-10003286,286,581,Standard Class,57.96,7,0.0,27.24
7640,CA-2017-104885,DB-13555,FUR-BO-10003660,286,581,Standard Class,441.96,2,0.0,101.65
7641,CA-2017-104885,DB-13555,OFF-PA-10002764,286,581,Standard Class,68.04,6,0.0,33.34
7642,US-2016-157490,LB-16795,TEC-MA-10001695,261,1100,First Class,703.71,6,0.7,-938.28
7643,US-2016-157490,LB-16795,OFF-BI-10002824,261,1100,First Class,17.9,4,0.7,-14.92
7644,US-2016-157490,LB-16795,OFF-BI-10002571,261,1100,First Class,11.98,4,0.7,-9.18
7645,US-2016-157490,LB-16795,TEC-AC-10001553,261,1100,First Class,67.96,5,0.2,0.85
7646,CA-2015-161452,CA-11965,FUR-CH-10003973,2,58,Standard Class,892.22,3,0.2,89.22
7647,US-2014-115196,DL-12925,TEC-MA-10002073,255,341,Standard Class,1299.99,2,0.5,-572.0
7648,CA-2016-138968,FC-14335,OFF-BI-10003529,95,544,First Class,4.54,2,0.2,1.65
7649,CA-2016-138968,FC-14335,FUR-CH-10000309,95,544,First Class,1352.03,4,0.2,84.5
7650,CA-2015-101889,DB-13120,FUR-TA-10004154,369,18,Standard Class,1548.99,9,0.4,-464.7
7651,CA-2015-101889,DB-13120,OFF-EN-10003286,369,18,Standard Class,19.87,3,0.2,6.71
7652,CA-2017-110821,CK-12205,TEC-AC-10001552,177,784,First Class,119.45,3,0.2,-13.44
7653,CA-2017-110821,CK-12205,OFF-ST-10002790,177,784,First Class,118.16,2,0.2,-25.11
7654,CA-2015-121552,FW-14395,OFF-AR-10003217,365,205,Standard Class,19.56,4,0.0,5.48
7655,CA-2015-107685,JM-15865,FUR-FU-10002813,122,673,Second Class,80.96,4,0.0,29.15
7656,CA-2015-107685,JM-15865,OFF-PA-10003848,122,673,Second Class,25.92,4,0.0,12.44
7657,US-2014-120740,PS-18970,OFF-AP-10000240,14,1167,Same Day,106.96,2,0.0,31.02
7658,US-2014-120740,PS-18970,FUR-FU-10004091,14,1167,Same Day,187.76,4,0.0,76.98
7659,CA-2017-155740,TC-21475,OFF-BI-10001071,347,246,First Class,76.78,4,0.7,-53.74
7660,CA-2017-146493,CV-12805,OFF-BI-10003676,11,703,Standard Class,53.9,5,0.0,25.87
7661,CA-2014-105417,VS-21820,FUR-FU-10004864,144,1168,Standard Class,76.73,3,0.6,-53.71
7662,CA-2014-105417,VS-21820,OFF-BI-10003708,144,1168,Standard Class,10.43,7,0.8,-18.25
7663,US-2017-141509,SC-20575,OFF-AR-10002067,2,366,First Class,99.2,5,0.0,25.79
7664,CA-2017-139493,SG-20605,OFF-AR-10003158,197,1169,Standard Class,15.92,5,0.2,2.79
7665,CA-2014-151967,NB-18580,FUR-FU-10000193,193,69,Standard Class,129.92,4,0.0,10.39
7666,US-2016-140158,DR-12940,OFF-BI-10000977,260,965,Standard Class,30.4,1,0.0,13.98
7667,US-2016-140158,DR-12940,TEC-CO-10001449,260,965,Standard Class,5399.91,9,0.0,2591.96
7668,US-2016-140158,DR-12940,OFF-ST-10000136,260,965,Standard Class,119.1,3,0.0,34.54
7669,CA-2015-130974,MA-17560,OFF-PA-10000743,290,155,Second Class,40.08,6,0.0,19.24
7670,CA-2015-130974,MA-17560,OFF-PA-10001019,290,155,Second Class,59.94,3,0.0,28.17
7671,CA-2015-130974,MA-17560,TEC-AC-10003095,290,155,Second Class,259.98,2,0.0,88.39
7672,CA-2015-130974,MA-17560,FUR-BO-10002916,290,155,Second Class,170.98,1,0.0,32.49
7673,CA-2015-130974,MA-17560,FUR-FU-10002506,290,155,Second Class,38.97,3,0.0,4.68
7674,CA-2015-130974,MA-17560,OFF-PA-10003823,290,155,Second Class,154.9,5,0.0,69.7
7675,CA-2015-130974,MA-17560,FUR-TA-10004619,290,155,Second Class,446.07,4,0.3,0.0
7676,CA-2017-133487,TS-21655,OFF-AP-10001271,350,637,Second Class,152.94,3,0.0,41.29
7677,CA-2014-142951,JG-15115,TEC-AC-10002331,44,1170,Same Day,23.47,3,0.2,4.99
7678,CA-2014-133592,KM-16375,OFF-PA-10003228,260,521,Standard Class,195.64,4,0.0,91.95
7679,CA-2014-133592,KM-16375,OFF-PA-10002586,260,521,Standard Class,14.94,3,0.0,7.02
7680,CA-2014-133592,KM-16375,TEC-AC-10002049,260,521,Standard Class,1687.8,4,0.0,742.63
7681,CA-2014-133592,KM-16375,FUR-BO-10000362,260,521,Standard Class,341.96,2,0.0,78.65
7682,CA-2014-133592,KM-16375,FUR-CH-10004218,260,521,Standard Class,605.88,6,0.0,151.47
7683,CA-2015-120782,SD-20485,OFF-AP-10003779,375,153,First Class,186.73,1,0.1,41.5
7684,CA-2015-120782,SD-20485,OFF-BI-10003527,375,153,First Class,3812.97,3,0.0,1906.48
7685,CA-2015-116876,TT-21070,OFF-BI-10002897,145,967,Standard Class,26.42,9,0.2,9.58
7686,CA-2015-116876,TT-21070,TEC-PH-10002584,145,967,Standard Class,625.99,1,0.0,187.8
7687,CA-2016-169838,BB-11545,FUR-TA-10001095,31,882,Standard Class,1568.61,9,0.0,329.41
7688,CA-2016-169838,BB-11545,OFF-BI-10004002,31,882,Standard Class,17.3,1,0.0,8.3
7689,CA-2016-169838,BB-11545,TEC-AC-10004518,31,882,Standard Class,160.0,8,0.0,62.4
7690,US-2017-128951,RS-19420,OFF-AP-10002191,304,664,First Class,179.94,3,0.0,50.38
7691,US-2017-128951,RS-19420,FUR-TA-10004575,304,664,First Class,872.94,3,0.0,157.13
7692,US-2017-128951,RS-19420,OFF-PA-10003177,304,664,First Class,12.96,2,0.0,6.22
7693,CA-2014-102330,AI-10855,OFF-LA-10003923,91,283,Standard Class,88.8,6,0.0,44.4
7694,CA-2014-102330,AI-10855,TEC-PH-10001051,91,283,Standard Class,319.97,4,0.2,36.0
7695,CA-2016-118899,MC-17275,FUR-CH-10004754,6,555,Same Day,167.89,7,0.2,14.69
7696,CA-2017-107958,AH-10120,OFF-PA-10000357,67,1171,First Class,163.96,5,0.2,59.44
7697,CA-2017-107958,AH-10120,OFF-BI-10001787,67,1171,First Class,5.23,4,0.8,-8.11
7698,CA-2017-151799,BF-11170,TEC-CO-10002313,129,818,Standard Class,1199.98,2,0.0,467.99
7699,CA-2017-151799,BF-11170,OFF-ST-10002790,129,818,Standard Class,73.85,1,0.0,2.22
7700,CA-2017-151799,BF-11170,OFF-SU-10001664,129,818,Standard Class,25.71,3,0.0,6.68
7701,CA-2017-151799,BF-11170,OFF-FA-10001332,129,818,Standard Class,17.28,6,0.0,8.12
7702,CA-2017-151799,BF-11170,FUR-TA-10003473,129,818,Standard Class,526.58,2,0.3,-52.66
7703,CA-2016-114601,AA-10480,OFF-PA-10000605,152,371,Standard Class,11.56,2,0.0,5.66
7704,CA-2016-114601,AA-10480,TEC-PH-10002170,152,371,Standard Class,209.97,3,0.0,58.79
7705,CA-2016-114601,AA-10480,FUR-TA-10004147,152,371,Standard Class,447.84,4,0.0,98.52
7706,CA-2016-114601,AA-10480,TEC-AC-10003911,152,371,Standard Class,479.97,3,0.0,163.19
7707,CA-2016-114601,AA-10480,OFF-AR-10002578,152,371,Standard Class,8.64,3,0.0,2.51
7708,CA-2017-100237,SV-20815,OFF-AR-10001761,13,454,Standard Class,11.68,2,0.0,4.2
7709,CA-2014-139542,EH-14185,TEC-AC-10001553,75,1090,Standard Class,40.78,3,0.2,0.51
7710,CA-2014-139542,EH-14185,OFF-BI-10000309,75,1090,Standard Class,13.7,3,0.7,-9.59
7711,US-2015-142811,JL-15850,TEC-PH-10003095,155,789,Standard Class,87.8,5,0.2,32.92
7712,CA-2017-139353,JM-15250,FUR-FU-10001876,307,961,Second Class,77.95,3,0.2,15.59
7713,CA-2017-139353,JM-15250,OFF-ST-10001522,307,961,Second Class,147.18,2,0.2,-29.44
7714,CA-2017-139353,JM-15250,OFF-PA-10000300,307,961,Second Class,47.95,3,0.2,16.18
7715,CA-2014-150203,JB-15925,OFF-AP-10001469,4,30,First Class,250.26,6,0.0,72.58
7716,US-2017-101518,PB-19105,TEC-AC-10001553,12,133,Standard Class,40.78,3,0.2,0.51
7717,CA-2015-149636,SP-20620,OFF-PA-10004041,98,1172,Standard Class,29.6,5,0.2,9.25
7718,CA-2015-149636,SP-20620,OFF-BI-10002764,98,1172,Standard Class,1.94,2,0.7,-1.36
7719,US-2017-146213,MC-17605,TEC-AC-10001114,4,429,Standard Class,159.96,4,0.0,51.19
7720,CA-2015-108588,BG-11695,OFF-AR-10001615,30,957,Standard Class,59.52,3,0.0,15.48
7721,CA-2015-108588,BG-11695,OFF-EN-10000461,30,957,Standard Class,17.48,2,0.0,8.22
7722,CA-2015-108588,BG-11695,OFF-BI-10004506,30,957,Standard Class,13.17,2,0.2,4.61
7723,US-2017-138086,JO-15550,OFF-AP-10000027,10,514,Standard Class,40.74,3,0.0,12.22
7724,CA-2015-139374,AR-10345,FUR-CH-10003981,111,230,Standard Class,179.89,1,0.3,-2.57
7725,CA-2016-113978,TS-21505,OFF-AP-10003849,178,478,Standard Class,286.26,1,0.2,17.89
7726,CA-2016-113978,TS-21505,OFF-ST-10004963,178,478,Standard Class,24.22,2,0.2,-4.84
7727,CA-2016-113978,TS-21505,OFF-ST-10002574,178,478,Standard Class,331.54,3,0.2,-82.88
7728,US-2015-150231,JK-15640,OFF-AR-10001761,30,200,Second Class,17.52,3,0.0,6.31
7729,CA-2016-106915,GA-14515,OFF-AR-10000716,295,492,Standard Class,17.86,4,0.2,4.24
7730,US-2016-109260,TN-21040,TEC-AC-10002637,395,183,Standard Class,431.98,3,0.2,-75.6
7731,CA-2017-104850,TW-21025,FUR-CH-10003774,6,488,Standard Class,291.14,4,0.2,-25.47
7732,CA-2017-140508,PA-19060,OFF-EN-10000927,78,66,First Class,114.85,4,0.2,35.89
7733,CA-2017-143294,JD-15790,OFF-PA-10000743,33,456,Standard Class,10.69,2,0.2,3.74
7734,CA-2016-165673,MN-17935,OFF-PA-10000697,158,667,Second Class,15.23,4,0.2,5.52
7735,CA-2017-134418,GM-14500,OFF-AR-10004441,6,176,Standard Class,12.42,3,0.0,5.22
7736,US-2016-106313,DG-13300,OFF-PA-10001870,60,251,Standard Class,19.44,3,0.0,9.33
7737,CA-2014-105872,JG-15160,OFF-BI-10003684,24,993,Standard Class,70.37,4,0.2,26.39
7738,CA-2017-108287,AG-10330,OFF-AR-10001315,44,405,First Class,12.67,9,0.2,1.43
7739,CA-2017-141103,JF-15355,TEC-PH-10003589,309,246,Standard Class,89.95,5,0.0,43.18
7740,CA-2014-154781,SC-20680,OFF-PA-10001609,95,872,Standard Class,6.58,2,0.0,3.03
7741,CA-2014-154781,SC-20680,TEC-AC-10000474,95,872,Standard Class,94.99,1,0.0,28.5
7742,CA-2015-147816,CM-11935,TEC-PH-10003095,116,497,Second Class,35.12,2,0.2,13.17
7743,CA-2017-105326,KT-16480,OFF-PA-10001639,2,649,Standard Class,25.92,4,0.0,12.44
7744,CA-2016-133613,CP-12340,OFF-BI-10002003,506,27,Standard Class,7.96,2,0.0,3.74
7745,CA-2016-133613,CP-12340,TEC-PH-10004539,506,27,Standard Class,566.97,3,0.0,153.08
7746,CA-2016-133613,CP-12340,OFF-AR-10003829,506,27,Standard Class,9.84,3,0.0,2.85
7747,CA-2015-109113,EK-13795,TEC-AC-10004761,27,547,Standard Class,25.49,2,0.2,4.78
7748,CA-2015-156153,CW-11905,OFF-FA-10003472,256,71,Second Class,7.56,6,0.0,0.3
7749,CA-2015-133242,KH-16510,FUR-FU-10003464,102,653,Standard Class,60.84,3,0.0,19.47
7750,CA-2015-133242,KH-16510,OFF-ST-10003716,102,653,Standard Class,450.04,2,0.0,58.51
7751,CA-2015-133242,KH-16510,OFF-BI-10004002,102,653,Standard Class,34.6,2,0.0,16.61
7752,CA-2015-133242,KH-16510,TEC-PH-10002496,102,653,Standard Class,467.97,3,0.0,140.39
7753,CA-2015-133242,KH-16510,OFF-BI-10004826,102,653,Standard Class,33.02,2,0.0,15.85
7754,CA-2015-158323,AB-10600,FUR-FU-10001546,223,673,First Class,17.09,2,0.2,1.07
7755,CA-2015-161795,AH-10075,OFF-AR-10001919,48,380,Second Class,3.01,2,0.2,0.34
7756,CA-2017-100902,CK-12595,OFF-PA-10002558,44,702,Standard Class,268.24,7,0.2,93.88
7757,CA-2017-100902,CK-12595,TEC-AC-10003174,44,702,Standard Class,431.16,5,0.2,107.79
7758,CA-2017-112844,SP-20620,TEC-PH-10003988,251,39,Second Class,43.6,4,0.0,12.21
7759,CA-2017-112844,SP-20620,FUR-FU-10004845,251,39,Second Class,154.95,3,0.0,30.99
7760,CA-2016-158925,JP-15460,OFF-PA-10003072,17,1058,Standard Class,15.55,3,0.2,5.44
7761,CA-2014-155390,BG-11035,OFF-PA-10003641,32,777,Standard Class,42.21,2,0.2,13.72
7762,CA-2017-123071,CC-12550,OFF-PA-10003729,303,735,First Class,10.37,2,0.2,3.63
7763,CA-2017-156391,SL-20155,OFF-AR-10003251,161,987,First Class,2.22,1,0.2,0.56
7764,CA-2015-103093,FO-14305,OFF-EN-10003286,113,303,Standard Class,74.52,9,0.0,35.02
7765,US-2017-118941,BB-11545,OFF-AR-10004078,210,802,Same Day,17.52,3,0.0,5.26
7766,US-2017-118941,BB-11545,FUR-CH-10002331,210,802,Same Day,1779.9,5,0.0,373.78
7767,US-2017-118941,BB-11545,OFF-AR-10001953,210,802,Same Day,219.9,5,0.0,59.37
7768,CA-2015-169299,DO-13435,OFF-AR-10002053,41,253,First Class,7.15,3,0.2,0.72
7769,CA-2017-154088,LB-16735,OFF-PA-10003651,395,106,Standard Class,26.72,5,0.2,9.35
7770,CA-2016-155978,TS-21205,TEC-PH-10002885,216,1148,Same Day,1039.73,2,0.2,90.98
7771,CA-2016-155978,TS-21205,OFF-AP-10002892,216,1148,Same Day,45.96,2,0.0,13.79
7772,CA-2016-108196,CS-12505,OFF-BI-10000545,404,882,Standard Class,456.59,2,0.7,-304.39
7773,CA-2016-108196,CS-12505,TEC-MA-10000418,404,882,Standard Class,4499.98,5,0.7,-6599.98
7774,CA-2016-108196,CS-12505,TEC-AC-10000926,404,882,Standard Class,59.98,3,0.2,12.0
7775,CA-2016-152800,SP-20920,OFF-EN-10001509,10,1173,First Class,6.12,3,0.0,2.88
7776,CA-2014-166961,CD-12790,OFF-AP-10001366,521,423,Standard Class,10.98,1,0.0,2.96
7777,CA-2014-166961,CD-12790,OFF-FA-10003485,521,423,Standard Class,7.86,3,0.0,3.62
7778,CA-2014-166961,CD-12790,OFF-ST-10004507,521,423,Standard Class,51.45,3,0.0,13.89
7779,CA-2014-166961,CD-12790,OFF-BI-10002353,521,423,Standard Class,37.06,3,0.2,13.9
7780,CA-2016-139381,RF-19840,OFF-AP-10001271,338,725,Standard Class,203.92,4,0.0,55.06
7781,CA-2016-139381,RF-19840,TEC-PH-10004924,338,725,Standard Class,29.56,4,0.0,7.98
7782,CA-2015-132136,FO-14305,OFF-BI-10002706,37,937,Standard Class,8.57,3,0.8,-14.57
7783,CA-2016-162236,ER-13855,OFF-ST-10003442,44,255,Second Class,45.25,2,0.2,3.96
7784,CA-2016-162236,ER-13855,FUR-TA-10002533,44,255,Second Class,876.3,10,0.4,-292.1
7785,CA-2016-162236,ER-13855,OFF-SU-10003505,44,255,Second Class,185.38,2,0.2,-34.76
7786,US-2014-111353,PB-19150,OFF-LA-10002762,30,504,Standard Class,25.06,2,0.0,11.78
7787,US-2016-117037,LW-17215,OFF-BI-10000279,156,625,First Class,2.89,1,0.8,-4.77
7788,US-2016-117037,LW-17215,OFF-FA-10000936,156,625,First Class,7.9,3,0.2,2.47
7789,US-2016-117037,LW-17215,FUR-FU-10004973,156,625,First Class,22.61,3,0.6,-10.17
7790,US-2016-117037,LW-17215,OFF-PA-10000791,156,625,First Class,30.53,8,0.2,9.54
7791,CA-2017-160801,FG-14260,OFF-BI-10001132,75,21,Same Day,4.84,3,0.7,-3.39
7792,CA-2016-108364,BP-11050,OFF-BI-10002012,37,1055,Standard Class,1.8,5,0.8,-2.88
7793,CA-2017-169362,SP-20860,TEC-AC-10001383,163,387,First Class,39.98,2,0.2,-1.5
7794,CA-2015-127481,JD-15895,OFF-PA-10002036,122,296,Second Class,32.4,5,0.0,15.88
7795,CA-2015-127481,JD-15895,OFF-PA-10002377,122,296,Second Class,97.88,2,0.0,48.94
7796,CA-2015-112711,FM-14380,TEC-PH-10000526,140,985,Standard Class,307.17,4,0.2,30.72
7797,US-2015-145121,MP-17965,OFF-BI-10001078,265,654,Standard Class,26.9,5,0.0,13.18
7798,CA-2017-166184,HR-14830,OFF-EN-10004483,46,669,First Class,47.01,3,0.0,22.09
7799,CA-2017-166184,HR-14830,TEC-PH-10002624,46,669,First Class,469.99,1,0.0,136.3
7800,CA-2017-166184,HR-14830,FUR-CH-10003396,46,669,First Class,207.85,3,0.1,2.31
7801,CA-2017-157413,BW-11065,OFF-ST-10002756,75,703,Standard Class,324.74,3,0.2,-77.13
7802,CA-2014-143637,MS-17710,FUR-FU-10002813,254,978,Second Class,40.48,2,0.0,14.57
7803,CA-2015-102260,SJ-20125,OFF-LA-10003714,79,358,Standard Class,12.0,4,0.2,4.2
7804,CA-2015-102260,SJ-20125,OFF-ST-10003716,79,358,Standard Class,720.06,4,0.2,-63.01
7805,CA-2015-102260,SJ-20125,OFF-ST-10002289,79,358,Standard Class,25.42,1,0.2,-4.77
7806,CA-2015-102260,SJ-20125,OFF-AR-10001315,79,358,Standard Class,2.82,2,0.2,0.32
7807,CA-2015-102260,SJ-20125,OFF-BI-10000042,79,358,Standard Class,3.2,2,0.7,-2.56
7808,US-2016-137295,VS-21820,OFF-BI-10004236,315,1135,Standard Class,30.83,7,0.7,-24.66
7809,US-2016-137295,VS-21820,OFF-AR-10001955,315,1135,Standard Class,47.62,3,0.2,5.95
7810,US-2016-137295,VS-21820,TEC-PH-10004080,315,1135,Standard Class,108.78,2,0.2,10.88
7811,CA-2016-134334,DK-13090,OFF-PA-10000791,235,1174,First Class,4.77,1,0.0,2.15
7812,CA-2016-134334,DK-13090,OFF-AR-10001770,235,1174,First Class,7.98,3,0.0,2.07
7813,CA-2016-134334,DK-13090,FUR-TA-10002356,235,1174,First Class,550.43,3,0.3,-47.18
7814,CA-2016-134334,DK-13090,FUR-FU-10003274,235,1174,First Class,10.56,6,0.0,4.65
7815,US-2017-109316,MG-17680,FUR-BO-10004834,14,111,First Class,1497.67,2,0.15,140.96
7816,US-2017-109316,MG-17680,TEC-PH-10000307,14,111,First Class,17.52,2,0.2,-3.5
7817,CA-2016-138478,DP-13390,OFF-AR-10002240,284,148,Second Class,113.22,3,0.0,29.44
7818,CA-2016-138478,DP-13390,OFF-PA-10001801,284,148,Second Class,35.88,6,0.0,17.58
7819,CA-2016-138478,DP-13390,OFF-BI-10001120,284,148,Second Class,4535.98,3,0.2,1644.29
7820,CA-2017-150469,CJ-12010,OFF-FA-10000611,10,796,Standard Class,11.84,8,0.0,5.68
7821,CA-2017-152436,CW-11905,OFF-ST-10000036,482,167,Second Class,592.74,6,0.0,160.04
7822,CA-2016-169334,GW-14605,OFF-ST-10004950,281,148,Second Class,111.67,9,0.2,6.98
7823,US-2014-115413,PP-18955,OFF-AR-10003770,286,87,Standard Class,8.64,3,0.0,2.51
7824,US-2014-115413,PP-18955,TEC-AC-10002800,286,87,Standard Class,149.97,3,0.0,52.49
7825,CA-2014-125150,PW-19030,FUR-CH-10002439,2,1175,Standard Class,232.88,5,0.2,17.47
7826,CA-2015-127327,PW-19030,FUR-CH-10004218,499,303,Standard Class,90.88,1,0.1,15.15
7827,CA-2017-117114,CY-12745,TEC-PH-10004042,27,1109,Standard Class,508.77,4,0.2,38.16
7828,CA-2017-117114,CY-12745,OFF-EN-10001137,27,1109,Standard Class,9.91,3,0.2,3.22
7829,CA-2015-137302,BW-11110,FUR-CH-10002017,189,34,Standard Class,63.94,3,0.2,6.39
7830,CA-2015-137302,BW-11110,OFF-AR-10000588,189,34,Standard Class,59.52,3,0.0,15.48
7831,CA-2015-137302,BW-11110,TEC-PH-10003174,189,34,Standard Class,311.98,3,0.2,39.0
7832,CA-2015-137302,BW-11110,OFF-BI-10001524,189,34,Standard Class,50.35,3,0.2,17.62
7833,CA-2016-112382,MB-18085,TEC-PH-10001552,67,196,Standard Class,19.14,2,0.2,1.91
7834,CA-2015-128958,CR-12820,OFF-AR-10004757,583,1176,Standard Class,13.12,5,0.2,2.13
7835,CA-2015-106257,EB-14110,FUR-TA-10002530,63,658,Second Class,241.57,2,0.2,-15.1
7836,CA-2015-106257,EB-14110,TEC-PH-10001494,63,658,Second Class,479.92,2,0.2,41.99
7837,CA-2015-149083,SH-19975,FUR-CH-10004289,6,13,Standard Class,307.14,4,0.2,-11.52
7838,CA-2015-149083,SH-19975,OFF-LA-10002945,6,13,Standard Class,12.6,2,0.0,5.8
7839,CA-2015-149083,SH-19975,TEC-AC-10002567,6,13,Standard Class,159.98,2,0.0,57.59
7840,US-2014-137869,CV-12295,OFF-EN-10001509,194,1177,Standard Class,6.12,3,0.0,2.88
7841,US-2014-137869,CV-12295,FUR-TA-10003954,194,1177,Standard Class,1184.72,4,0.0,106.62
7842,CA-2016-116603,AT-10735,OFF-AP-10002892,24,20,Standard Class,45.96,2,0.0,13.79
7843,CA-2014-158470,AG-10390,OFF-BI-10003638,102,988,Second Class,58.05,3,0.0,26.7
7844,CA-2014-158470,AG-10390,OFF-PA-10001569,102,988,Second Class,71.28,11,0.0,34.21
7845,US-2017-123834,GM-14500,FUR-TA-10001676,426,247,Standard Class,124.4,4,0.3,-21.33
7846,CA-2015-125976,JK-15205,OFF-PA-10001125,102,875,Standard Class,154.9,5,0.0,69.7
7847,CA-2015-125976,JK-15205,TEC-PH-10002496,102,875,Standard Class,1871.88,12,0.0,561.56
7848,CA-2016-128706,DW-13540,FUR-FU-10004053,33,536,Standard Class,16.19,2,0.6,-6.88
7849,CA-2016-104311,AS-10090,OFF-ST-10000321,275,441,Standard Class,18.94,3,0.2,-3.79
7850,CA-2016-104311,AS-10090,OFF-ST-10002957,275,441,Standard Class,12.67,3,0.2,-3.17
7851,CA-2016-104311,AS-10090,OFF-LA-10000973,275,441,Standard Class,5.04,2,0.2,1.76
7852,CA-2014-169649,TS-21205,OFF-PA-10000143,156,338,Standard Class,8.45,2,0.2,2.96
7853,CA-2014-169649,TS-21205,OFF-AP-10003287,156,338,Standard Class,20.39,2,0.8,-53.01
7854,CA-2015-144890,SM-20320,OFF-PA-10001526,14,708,Standard Class,9.96,2,0.0,4.88
7855,CA-2017-135587,BH-11710,OFF-AP-10004540,502,227,Standard Class,320.64,4,0.0,89.78
7856,CA-2017-135587,BH-11710,TEC-AC-10001266,502,227,Standard Class,52.0,4,0.0,23.4
7857,CA-2014-103429,LW-16825,OFF-BI-10004233,24,993,First Class,25.58,2,0.2,8.95
7858,CA-2014-103429,LW-16825,TEC-PH-10003505,24,993,First Class,464.0,5,0.0,134.56
7859,CA-2014-103429,LW-16825,OFF-AP-10001005,24,993,First Class,235.95,3,0.0,77.86
7860,CA-2014-103429,LW-16825,OFF-PA-10001712,24,993,First Class,39.96,4,0.0,17.98
7861,CA-2017-152261,JA-15970,OFF-BI-10002353,244,581,Standard Class,18.53,4,0.7,-12.35
7862,CA-2015-142993,KA-16525,TEC-AC-10003038,6,89,Standard Class,17.9,2,0.0,3.4
7863,CA-2015-142993,KA-16525,OFF-ST-10000934,6,89,Standard Class,81.96,2,0.0,0.0
7864,CA-2015-143364,TG-21310,OFF-ST-10002743,155,1178,Second Class,272.74,3,0.2,-64.77
7865,CA-2015-143364,TG-21310,OFF-PA-10001846,155,1178,Second Class,18.5,4,0.2,6.7
7866,CA-2015-143364,TG-21310,FUR-CH-10004287,155,1178,Second Class,441.92,2,0.2,49.72
7867,CA-2015-143364,TG-21310,FUR-BO-10001608,155,1178,Second Class,127.76,6,0.7,-191.65
7868,CA-2014-100972,DB-13360,OFF-PA-10000357,364,85,Second Class,166.44,3,0.0,79.89
7869,CA-2016-136994,LS-17245,OFF-PA-10000575,63,1023,Standard Class,13.38,2,0.0,6.15
7870,US-2017-166233,MO-17950,TEC-AC-10002167,223,446,Standard Class,24.0,2,0.2,-2.7
7871,CA-2017-122112,CA-11965,OFF-EN-10004459,347,146,Standard Class,24.45,4,0.2,8.86
7872,CA-2016-101672,DB-12910,OFF-LA-10002271,548,340,Standard Class,6.16,2,0.0,2.96
7873,CA-2016-101672,DB-12910,FUR-CH-10004063,548,340,Standard Class,915.14,4,0.2,102.95
7874,CA-2016-101672,DB-12910,OFF-PA-10004610,548,340,Standard Class,8.56,2,0.0,3.85
7875,CA-2016-101672,DB-12910,OFF-PA-10001878,548,340,Standard Class,97.82,2,0.0,45.98
7876,CA-2017-168403,DK-12835,OFF-PA-10002036,41,429,Standard Class,31.1,6,0.2,11.28
7877,CA-2017-168403,DK-12835,OFF-AP-10003278,41,429,Standard Class,11.18,1,0.2,0.84
7878,CA-2015-148705,EB-14170,OFF-LA-10001641,44,900,Standard Class,5.04,2,0.2,1.76
7879,CA-2016-160241,DR-12940,FUR-FU-10003806,174,897,Second Class,242.18,4,0.6,-302.72
7880,CA-2016-155747,JS-15685,FUR-TA-10003392,12,404,Standard Class,337.18,2,0.4,-118.01
7881,CA-2017-118017,LC-16870,OFF-AR-10003856,462,735,Second Class,13.34,6,0.2,1.0
7882,CA-2017-118017,LC-16870,TEC-AC-10002006,462,735,Second Class,76.75,6,0.2,10.55
7883,CA-2017-118017,LC-16870,TEC-AC-10002006,462,735,Second Class,102.34,8,0.2,14.07
7884,CA-2017-118017,LC-16870,OFF-PA-10002246,462,735,Second Class,10.32,2,0.2,3.74
7885,CA-2017-118017,LC-16870,OFF-SU-10004782,462,735,Second Class,47.32,7,0.2,5.92
7886,CA-2017-118017,LC-16870,FUR-FU-10004351,462,735,Second Class,23.38,3,0.2,7.01
7887,CA-2017-118017,LC-16870,FUR-FU-10004270,462,735,Second Class,16.72,5,0.2,3.34
7888,CA-2017-118017,LC-16870,FUR-FU-10004053,462,735,Second Class,16.19,1,0.2,4.66
7889,CA-2016-113117,JP-15520,OFF-PA-10000019,595,766,Standard Class,32.4,5,0.0,15.55
7890,CA-2016-148684,TS-21655,OFF-AR-10003811,146,592,Standard Class,19.89,9,0.0,5.37
7891,CA-2016-148684,TS-21655,TEC-AC-10001838,146,592,Standard Class,399.98,2,0.0,171.99
7892,CA-2016-148684,TS-21655,FUR-FU-10003553,146,592,Standard Class,343.85,5,0.0,137.54
7893,CA-2016-148684,TS-21655,OFF-PA-10003302,146,592,Standard Class,106.32,3,0.0,49.97
7894,CA-2017-125367,NM-18445,OFF-BI-10002412,165,284,Standard Class,13.92,3,0.2,4.35
7895,CA-2017-124744,EH-14125,OFF-BI-10002852,596,549,Standard Class,82.4,5,0.0,40.38
7896,CA-2017-124744,EH-14125,OFF-BI-10000145,596,549,Standard Class,6.24,2,0.0,3.06
7897,CA-2017-124744,EH-14125,OFF-PA-10001970,596,549,Standard Class,447.84,8,0.0,219.44
7898,CA-2017-128363,DC-12850,OFF-AP-10001563,32,803,Standard Class,272.05,7,0.2,30.61
7899,CA-2017-128363,DC-12850,OFF-BI-10001359,32,803,Standard Class,1614.58,6,0.7,-1237.85
7900,CA-2017-128363,DC-12850,OFF-FA-10003495,32,803,Standard Class,24.32,5,0.2,9.12
7901,CA-2017-128363,DC-12850,TEC-AC-10003709,32,803,Standard Class,1.58,2,0.2,0.48
7902,CA-2017-128363,DC-12850,FUR-FU-10003268,32,803,Standard Class,31.98,1,0.2,0.0
7903,CA-2017-128363,DC-12850,OFF-EN-10003845,32,803,Standard Class,14.76,5,0.2,4.8
7904,CA-2017-128363,DC-12850,FUR-CH-10002073,32,803,Standard Class,423.65,2,0.2,47.66
7905,CA-2015-126669,DO-13645,OFF-PA-10001357,67,210,Standard Class,76.64,2,0.2,26.82
7906,US-2015-118766,LS-16975,OFF-EN-10001415,163,53,Standard Class,4.46,1,0.2,1.67
7907,US-2015-118766,LS-16975,OFF-BI-10002813,163,53,Standard Class,3.96,10,0.8,-6.93
7908,CA-2016-112585,RW-19630,OFF-AP-10003849,35,680,First Class,715.64,2,0.0,178.91
7909,CA-2016-149762,RD-19720,FUR-TA-10004147,597,276,Standard Class,268.7,3,0.2,6.72
7910,CA-2016-149762,RD-19720,OFF-AR-10001662,597,276,Standard Class,21.92,8,0.0,5.92
7911,CA-2016-149762,RD-19720,OFF-ST-10001558,597,276,Standard Class,48.72,3,0.0,7.31
7912,CA-2016-149762,RD-19720,FUR-BO-10001337,597,276,Standard Class,205.67,2,0.15,-12.1
7913,CA-2016-167605,RB-19570,FUR-FU-10001602,587,237,Second Class,30.34,2,0.6,-31.86
7914,US-2017-105697,JE-15715,OFF-ST-10003996,178,327,First Class,25.7,2,0.2,1.93
7915,CA-2017-165323,SR-20740,TEC-MA-10003673,24,47,Standard Class,3404.5,5,0.0,1668.2
7916,CA-2017-165323,SR-20740,TEC-AC-10004992,24,47,Standard Class,101.34,3,0.0,8.11
7917,CA-2015-110891,PO-19195,FUR-CH-10002880,12,313,Standard Class,344.37,4,0.3,-93.47
7918,CA-2017-100783,JK-16120,OFF-AR-10000380,211,508,Second Class,30.38,1,0.2,3.8
7919,CA-2015-152513,JP-16135,OFF-BI-10002706,143,434,Second Class,22.85,2,0.2,7.43
7920,CA-2017-139822,Dp-13240,OFF-ST-10000943,506,176,Standard Class,38.62,2,0.0,10.81
7921,CA-2017-139822,Dp-13240,TEC-AC-10001090,506,176,Standard Class,59.98,2,0.0,10.8
7922,CA-2017-107713,JB-16000,OFF-BI-10002026,210,678,Standard Class,174.3,3,0.0,81.92
7923,CA-2017-134096,PP-18955,TEC-PH-10000526,476,242,Standard Class,383.96,5,0.2,38.4
7924,CA-2017-134096,PP-18955,OFF-BI-10004002,476,242,Standard Class,15.57,3,0.7,-11.42
7925,CA-2016-125843,RF-19840,OFF-BI-10002309,29,573,First Class,22.32,4,0.0,10.71
7926,CA-2016-125843,RF-19840,OFF-LA-10003923,29,573,First Class,103.6,7,0.0,51.8
7927,CA-2017-120404,KH-16330,TEC-AC-10003433,46,226,Second Class,2.97,3,0.0,1.34
7928,CA-2017-120404,KH-16330,TEC-PH-10001363,46,226,Second Class,569.99,1,0.0,171.0
7929,CA-2017-120404,KH-16330,FUR-FU-10000820,46,226,Second Class,50.97,3,0.0,9.17
7930,CA-2017-167549,EM-14200,FUR-TA-10004767,163,801,First Class,298.12,6,0.3,-4.26
7931,CA-2016-120082,DK-12835,OFF-AR-10001955,24,870,Second Class,59.52,3,0.0,17.86
7932,US-2016-168095,MC-17425,FUR-CH-10004886,41,693,Standard Class,230.28,3,0.2,23.03
7933,US-2016-168095,MC-17425,OFF-PA-10003641,41,693,Standard Class,105.52,5,0.2,34.29
7934,CA-2017-166093,RW-19540,OFF-EN-10003134,91,630,Standard Class,23.36,2,0.0,11.68
7935,CA-2017-166093,RW-19540,TEC-PH-10002564,91,630,Standard Class,71.98,3,0.2,9.0
7936,CA-2017-166093,RW-19540,OFF-PA-10003893,91,630,Standard Class,8.56,2,0.0,3.85
7937,CA-2017-166093,RW-19540,OFF-BI-10000174,91,630,Standard Class,13.92,3,0.2,4.87
7938,CA-2017-166093,RW-19540,OFF-AP-10001058,91,630,Standard Class,2518.29,9,0.0,654.76
7939,CA-2017-166093,RW-19540,OFF-ST-10001496,91,630,Standard Class,540.57,3,0.0,140.55
7940,CA-2017-166093,RW-19540,OFF-BI-10004230,91,630,Standard Class,221.06,8,0.2,77.37
7941,CA-2016-146325,DS-13180,FUR-CH-10001146,89,883,First Class,81.42,2,0.2,-9.16
7942,CA-2016-146325,DS-13180,OFF-ST-10001590,89,883,First Class,134.8,10,0.0,35.05
7943,CA-2017-134194,GA-14725,OFF-BI-10003684,177,54,Standard Class,39.58,9,0.8,-59.37
7944,CA-2017-134194,GA-14725,OFF-SU-10000946,177,54,Standard Class,44.69,7,0.2,5.03
7945,CA-2017-134194,GA-14725,OFF-AR-10001615,177,54,Standard Class,31.74,2,0.2,2.38
7946,CA-2017-134194,GA-14725,OFF-BI-10001597,177,54,Standard Class,40.98,5,0.8,-65.57
7947,CA-2017-134194,GA-14725,OFF-BI-10001116,177,54,Standard Class,3.17,3,0.8,-5.07
7948,CA-2014-131009,SC-20380,OFF-FA-10004395,295,73,Standard Class,18.84,5,0.2,-3.53
7949,CA-2014-131009,SC-20380,FUR-CH-10001270,295,73,Standard Class,362.25,6,0.3,0.0
7950,CA-2014-131009,SC-20380,FUR-FU-10001095,295,73,Standard Class,63.55,6,0.6,-34.95
7951,CA-2014-131009,SC-20380,OFF-ST-10001469,295,73,Standard Class,129.55,3,0.2,-22.67
7952,CA-2015-145814,KD-16345,OFF-BI-10003196,46,903,Standard Class,5.98,2,0.2,2.24
7953,CA-2015-145814,KD-16345,TEC-PH-10002200,46,903,Standard Class,861.76,4,0.0,249.91
7954,CA-2014-138359,KH-16330,OFF-ST-10000636,443,471,Standard Class,66.96,4,0.0,2.68
7955,CA-2014-138359,KH-16330,OFF-BI-10000145,443,471,Standard Class,6.24,2,0.0,3.06
7956,CA-2017-131807,GG-14650,FUR-CH-10001190,550,362,Standard Class,435.17,4,0.2,-59.84
7957,CA-2017-131807,GG-14650,OFF-FA-10002780,550,362,Standard Class,14.9,5,0.0,6.85
7958,CA-2017-131807,GG-14650,OFF-AP-10004052,550,362,Standard Class,15.8,4,0.0,4.11
7959,CA-2017-131807,GG-14650,FUR-FU-10004666,550,362,Standard Class,72.9,5,0.0,26.97
7960,CA-2017-131807,GG-14650,FUR-TA-10004086,550,362,Standard Class,206.35,3,0.2,5.16
7961,CA-2017-131807,GG-14650,TEC-PH-10000702,550,362,Standard Class,7.99,1,0.2,2.7
7962,CA-2017-104864,JS-15685,OFF-ST-10002301,475,552,Second Class,81.36,5,0.2,-19.32
7963,CA-2017-104864,JS-15685,OFF-BI-10001636,475,552,Second Class,20.23,8,0.7,-16.19
7964,CA-2017-104864,JS-15685,OFF-AP-10002684,475,552,Second Class,389.06,4,0.2,48.63
7965,CA-2017-104864,JS-15685,OFF-PA-10004609,475,552,Second Class,20.74,4,0.2,7.26
7966,CA-2017-104864,JS-15685,OFF-PA-10003309,475,552,Second Class,41.47,8,0.2,14.52
7967,CA-2015-138219,BP-11095,OFF-PA-10000380,14,392,Standard Class,33.36,4,0.0,16.68
7968,CA-2016-157707,CC-12610,FUR-BO-10001567,77,1156,First Class,90.88,3,0.7,-190.85
7969,CA-2016-157707,CC-12610,TEC-PH-10002583,77,1156,First Class,15.99,1,0.2,-3.0
7970,CA-2016-157707,CC-12610,FUR-CH-10004853,77,1156,First Class,120.78,1,0.2,13.59
7971,US-2015-126753,SP-20860,TEC-PH-10003580,64,749,Standard Class,519.79,4,0.4,-112.62
7972,US-2015-126753,SP-20860,TEC-AC-10004227,64,749,Standard Class,31.18,3,0.2,-5.46
7973,US-2015-126753,SP-20860,OFF-PA-10002787,64,749,Standard Class,10.37,2,0.2,3.63
7974,US-2015-126753,SP-20860,OFF-BI-10003981,64,749,Standard Class,2.72,2,0.7,-1.91
7975,US-2015-126753,SP-20860,FUR-FU-10001488,64,749,Standard Class,254.35,3,0.2,0.0
7976,US-2015-126753,SP-20860,OFF-BI-10003727,64,749,Standard Class,3.76,3,0.7,-2.76
7977,US-2015-126753,SP-20860,OFF-PA-10000130,64,749,Standard Class,10.27,3,0.2,3.21
7978,CA-2014-166051,JK-15625,TEC-PH-10002680,130,1179,Standard Class,659.97,3,0.0,197.99
7979,CA-2014-166051,JK-15625,TEC-PH-10002538,130,1179,Standard Class,113.73,3,0.0,32.98
7980,CA-2015-113040,CC-12100,OFF-BI-10001249,63,376,Standard Class,5.1,1,0.2,1.66
7981,CA-2014-103800,DP-13000,OFF-PA-10000174,15,1180,Standard Class,16.45,2,0.2,5.55
7982,CA-2014-113383,SF-20065,OFF-AP-10004532,598,1077,First Class,81.92,4,0.0,22.12
7983,CA-2014-113383,SF-20065,FUR-FU-10001986,598,1077,First Class,254.9,5,0.0,76.47
7984,CA-2017-152499,EH-13765,OFF-FA-10002975,37,204,Second Class,15.12,5,0.2,4.91
7985,CA-2017-152499,EH-13765,OFF-AR-10003481,37,204,Second Class,7.87,3,0.2,0.89
7986,CA-2016-151498,DN-13690,OFF-BI-10004967,61,439,First Class,8.32,5,0.2,2.81
7987,CA-2016-137939,PJ-19015,TEC-PH-10003589,256,1181,Second Class,89.95,5,0.0,43.18
7988,US-2016-117793,MA-17560,OFF-LA-10002945,599,829,Standard Class,25.2,4,0.0,11.59
7989,US-2016-117793,MA-17560,OFF-LA-10003537,599,829,Standard Class,37.59,3,0.0,17.67
7990,US-2016-117793,MA-17560,OFF-ST-10002406,599,829,Standard Class,14.97,1,0.0,4.19
7991,US-2016-117793,MA-17560,TEC-AC-10003433,599,829,Standard Class,1.98,2,0.0,0.89
7992,CA-2016-133872,VM-21835,OFF-BI-10002082,220,404,First Class,39.94,4,0.7,-26.62
7993,CA-2016-133872,VM-21835,TEC-AC-10000521,220,404,First Class,18.46,2,0.2,2.31
7994,US-2015-165743,MM-18055,OFF-BI-10001982,43,313,Second Class,4.9,3,0.7,-3.43
7995,US-2015-165743,MM-18055,FUR-BO-10002268,43,313,Second Class,145.76,6,0.7,-247.8
7996,US-2015-165743,MM-18055,OFF-BI-10001758,43,313,Second Class,9.61,6,0.7,-7.37
7997,US-2017-105998,CR-12580,TEC-AC-10004469,89,133,First Class,199.75,5,0.0,87.89
7998,US-2017-105998,CR-12580,FUR-TA-10001095,89,133,First Class,1673.18,12,0.2,20.91
7999,US-2014-148194,BS-11365,FUR-FU-10001852,60,418,First Class,12.18,7,0.0,3.9
8000,US-2014-148194,BS-11365,OFF-AP-10000696,60,418,First Class,57.68,4,0.0,19.03
8001,US-2015-151407,RD-19585,TEC-PH-10003885,446,628,Standard Class,263.96,4,0.0,76.55
8002,CA-2015-110870,KD-16270,TEC-AC-10002926,4,296,First Class,299.94,6,0.0,128.97
8003,CA-2015-110870,KD-16270,OFF-SU-10001225,4,296,First Class,25.76,7,0.0,0.52
8004,CA-2014-143210,AA-10645,TEC-PH-10004434,112,589,First Class,271.9,2,0.0,78.85
8005,CA-2014-143210,AA-10645,FUR-FU-10003878,112,589,First Class,45.84,3,0.0,15.59
8006,CA-2014-143210,AA-10645,FUR-FU-10002268,112,589,First Class,9.82,2,0.0,3.24
8007,CA-2016-139808,MC-18100,OFF-FA-10001883,160,878,Standard Class,93.36,12,0.0,0.93
8008,CA-2015-110863,AA-10645,OFF-ST-10002756,337,973,Standard Class,541.24,4,0.0,5.41
8009,CA-2015-110863,AA-10645,OFF-PA-10000474,337,973,Standard Class,106.32,3,0.0,49.97
8010,CA-2015-110863,AA-10645,FUR-CH-10002073,337,973,Standard Class,1323.9,5,0.0,383.93
8011,CA-2014-127859,QJ-19255,OFF-PA-10003641,64,462,Second Class,126.62,6,0.2,41.15
8012,US-2015-136427,JM-16195,TEC-PH-10002070,43,783,First Class,125.94,7,0.2,15.74
8013,CA-2017-120168,TB-21625,OFF-BI-10004519,30,1127,Same Day,663.92,5,0.2,207.48
8014,CA-2017-120168,TB-21625,TEC-AC-10002167,30,1127,Same Day,120.0,8,0.0,13.2
8015,CA-2017-120168,TB-21625,OFF-FA-10000936,30,1127,Same Day,3.29,1,0.0,1.48
8016,CA-2017-120168,TB-21625,FUR-FU-10000732,30,1127,Same Day,18.84,3,0.0,6.03
8017,US-2014-131870,NF-18595,FUR-FU-10002501,404,341,First Class,60.67,6,0.2,12.89
8018,US-2014-131870,NF-18595,OFF-AR-10000634,404,341,First Class,30.82,9,0.2,2.7
8019,CA-2017-114804,BF-11020,TEC-PH-10001700,591,162,Second Class,52.79,1,0.2,4.62
8020,CA-2017-167227,NP-18670,OFF-AP-10001962,359,809,First Class,83.9,10,0.0,20.98
8021,CA-2017-167227,NP-18670,OFF-PA-10001838,359,809,First Class,11.76,2,0.0,5.76
8022,CA-2014-129189,HM-14860,OFF-AP-10000124,163,610,Standard Class,4.99,3,0.8,-12.98
8023,CA-2014-129189,HM-14860,OFF-EN-10003567,163,610,Standard Class,87.92,5,0.2,29.67
8024,CA-2014-129189,HM-14860,FUR-CH-10004997,163,610,Standard Class,657.93,5,0.3,-93.99
8025,CA-2014-129189,HM-14860,OFF-BI-10000494,163,610,Standard Class,1.04,1,0.8,-1.83
8026,CA-2015-132465,DM-13525,FUR-FU-10000277,46,862,Second Class,210.68,2,0.0,50.56
8027,CA-2015-132465,DM-13525,OFF-ST-10003641,46,862,Second Class,78.8,1,0.0,1.58
8028,CA-2015-132465,DM-13525,TEC-AC-10001998,46,862,Second Class,19.99,1,0.0,6.8
8029,CA-2015-132465,DM-13525,OFF-ST-10001932,46,862,Second Class,772.68,4,0.0,108.18
8030,CA-2016-166373,JF-15565,TEC-AC-10002323,66,148,Standard Class,106.08,6,0.2,-9.28
8031,CA-2016-158806,NM-18520,FUR-FU-10004270,140,677,Standard Class,23.08,3,0.6,-10.96
8032,CA-2016-158806,NM-18520,OFF-PA-10004621,140,677,Standard Class,25.92,5,0.2,9.07
8033,CA-2015-119690,MV-17485,OFF-PA-10001019,17,609,First Class,47.95,3,0.2,16.18
8034,CA-2015-119690,MV-17485,OFF-BI-10000201,17,609,First Class,0.98,2,0.8,-1.48
8035,CA-2015-119690,MV-17485,FUR-FU-10004587,17,609,First Class,75.38,9,0.6,-20.73
8036,CA-2015-119690,MV-17485,OFF-LA-10001613,17,609,First Class,4.61,2,0.2,1.67
8037,CA-2015-153738,AG-10270,OFF-BI-10001308,129,1182,First Class,37.68,6,0.0,16.96
8038,CA-2017-169012,BF-11275,OFF-AP-10003278,113,816,Standard Class,41.91,3,0.0,10.9
8039,CA-2017-109393,JC-15775,FUR-BO-10003966,4,161,Second Class,436.0,3,0.15,5.13
8040,CA-2017-121489,CM-11815,FUR-CH-10004698,61,171,Second Class,388.7,6,0.2,38.87
8041,CA-2017-121489,CM-11815,OFF-ST-10000025,61,171,Second Class,572.58,6,0.0,34.35
8042,CA-2017-121489,CM-11815,TEC-AC-10000682,61,171,Second Class,33.18,2,0.0,11.61
8043,US-2017-133081,PV-18985,TEC-AC-10001772,566,826,Standard Class,63.88,4,0.0,24.91
8044,US-2017-133081,PV-18985,FUR-FU-10001379,566,826,Standard Class,26.72,1,0.0,11.76
8045,CA-2017-165008,DO-13645,OFF-BI-10002794,364,176,Second Class,295.06,9,0.2,106.96
8046,CA-2016-145611,HA-14905,OFF-AP-10001005,46,874,Standard Class,393.25,5,0.0,129.77
8047,CA-2016-113600,SH-20395,OFF-BI-10000201,244,273,Second Class,2.21,3,0.7,-1.48
8048,CA-2017-130834,JM-16195,OFF-PA-10003673,125,133,Second Class,16.27,3,0.2,5.29
8049,CA-2016-168543,DK-13225,OFF-AP-10000938,46,895,Standard Class,706.86,7,0.0,197.92
8050,CA-2014-144974,CM-12715,OFF-BI-10003274,12,468,Standard Class,5.97,5,0.7,-4.58
8051,CA-2014-144974,CM-12715,FUR-FU-10001095,12,468,Standard Class,21.18,1,0.2,4.77
8052,CA-2014-144974,CM-12715,OFF-AP-10001492,12,468,Standard Class,41.38,6,0.2,3.1
8053,CA-2014-109904,BF-10975,OFF-AR-10004999,30,687,Second Class,17.94,3,0.0,4.49
8054,CA-2017-152205,SF-20965,OFF-BI-10004094,64,395,Standard Class,2.66,1,0.7,-1.86
8055,CA-2015-121188,CB-12025,OFF-ST-10001490,14,835,Standard Class,892.35,5,0.0,267.7
8056,CA-2015-121188,CB-12025,FUR-BO-10004695,14,835,Standard Class,307.67,2,0.15,28.96
8057,CA-2015-121188,CB-12025,OFF-ST-10000736,14,835,Standard Class,728.82,9,0.0,29.15
8058,CA-2015-121188,CB-12025,OFF-BI-10001617,14,835,Standard Class,41.36,5,0.2,13.96
8059,CA-2015-121188,CB-12025,TEC-PH-10003589,14,835,Standard Class,43.18,3,0.2,15.11
8060,CA-2015-121188,CB-12025,FUR-FU-10003981,14,835,Standard Class,4.16,2,0.0,1.75
8061,CA-2015-156013,TC-20980,OFF-PA-10001970,256,1182,Standard Class,61.4,5,0.0,28.86
8062,CA-2015-156013,TC-20980,OFF-BI-10002437,256,1182,Standard Class,24.45,2,0.2,8.86
8063,CA-2016-132997,LW-17215,TEC-PH-10000586,145,78,First Class,263.96,4,0.0,71.27
8064,CA-2016-132997,LW-17215,TEC-PH-10003811,145,78,First Class,359.97,3,0.0,100.79
8065,CA-2016-132997,LW-17215,OFF-PA-10004983,145,78,First Class,12.96,2,0.0,6.22
8066,CA-2016-132997,LW-17215,OFF-ST-10003479,145,78,First Class,116.82,3,0.0,5.84
8067,CA-2016-132997,LW-17215,OFF-BI-10004318,145,78,First Class,276.78,2,0.2,89.95
8068,US-2015-160563,NS-18640,TEC-AC-10002567,10,1183,Standard Class,239.97,3,0.0,86.39
8069,US-2015-160563,NS-18640,FUR-FU-10001731,10,1183,Standard Class,16.02,6,0.0,6.09
8070,CA-2017-151750,JM-15250,OFF-ST-10002743,144,315,Standard Class,454.56,5,0.2,-107.96
8071,CA-2017-151750,JM-15250,FUR-FU-10002116,144,315,Standard Class,141.42,5,0.6,-187.38
8072,CA-2017-151750,JM-15250,FUR-CH-10003199,144,315,Standard Class,310.74,4,0.3,-26.64
8073,CA-2017-151750,JM-15250,OFF-AR-10003158,144,315,Standard Class,12.74,4,0.2,2.23
8074,CA-2017-151750,JM-15250,OFF-BI-10000301,144,315,Standard Class,6.47,5,0.8,-9.7
8075,CA-2017-151750,JM-15250,OFF-BI-10000343,144,315,Standard Class,13.75,14,0.8,-22.68
8076,CA-2017-151750,JM-15250,OFF-AP-10004708,144,315,Standard Class,15.22,2,0.8,-38.82
8077,CA-2015-106187,RF-19345,FUR-FU-10000794,600,538,Standard Class,27.42,3,0.0,9.32
8078,CA-2015-106187,RF-19345,OFF-BI-10004519,600,538,Standard Class,165.98,1,0.0,74.69
8079,CA-2015-106187,RF-19345,TEC-AC-10001590,600,538,Standard Class,75.0,3,0.0,18.0
8080,US-2016-164945,CA-12055,OFF-BI-10001524,30,442,Standard Class,134.27,8,0.2,47.0
8081,CA-2015-150714,KH-16690,OFF-LA-10001474,331,663,Standard Class,146.54,6,0.2,47.63
8082,CA-2015-150714,KH-16690,OFF-PA-10001497,331,663,Standard Class,131.9,3,0.2,47.82
8083,CA-2015-150714,KH-16690,OFF-AP-10003287,331,663,Standard Class,203.88,5,0.2,20.39
8084,CA-2015-150714,KH-16690,OFF-BI-10002982,331,663,Standard Class,14.3,7,0.7,-10.49
8085,CA-2015-150714,KH-16690,OFF-ST-10001809,331,663,Standard Class,718.64,10,0.2,-161.69
8086,CA-2016-105753,LC-16960,FUR-FU-10000246,102,202,Standard Class,61.1,5,0.0,18.33
8087,CA-2017-120894,JL-15130,OFF-AP-10000252,125,1046,Standard Class,28.08,3,0.2,5.26
8088,CA-2016-106621,DM-12955,OFF-AR-10002375,512,322,Second Class,10.5,4,0.2,1.18
8089,CA-2015-107020,MV-18190,OFF-BI-10003719,343,849,Standard Class,39.92,2,0.2,12.97
8090,US-2015-117492,NS-18640,OFF-AP-10001492,309,977,First Class,77.58,9,0.0,20.17
8091,CA-2014-101392,AS-10630,OFF-ST-10000532,6,1036,Standard Class,269.36,7,0.0,70.03
8092,CA-2015-127502,MT-17815,OFF-LA-10001613,95,896,Standard Class,5.76,2,0.0,2.82
8093,CA-2017-143658,SR-20425,OFF-AR-10002818,46,1184,Second Class,109.9,5,0.0,32.97
8094,CA-2017-133046,DK-13375,FUR-FU-10001940,61,945,Second Class,23.88,3,0.0,10.51
8095,CA-2017-133046,DK-13375,OFF-PA-10003883,61,945,Second Class,26.2,4,0.0,12.05
8096,CA-2017-133046,DK-13375,OFF-PA-10002787,61,945,Second Class,12.96,2,0.0,6.22
8097,CA-2017-133046,DK-13375,TEC-AC-10000991,61,945,Second Class,234.95,5,0.0,32.89
8098,CA-2017-122798,SV-20935,OFF-ST-10003058,384,117,Standard Class,118.25,5,0.0,34.29
8099,CA-2017-122798,SV-20935,OFF-PA-10004239,384,117,Standard Class,4.28,1,0.0,1.93
8100,CA-2016-169663,RH-19510,TEC-AC-10003038,63,613,First Class,26.85,3,0.0,5.1
8101,CA-2016-169663,RH-19510,TEC-MA-10000984,63,613,First Class,3357.6,3,0.2,377.73
8102,CA-2015-149846,SB-20185,OFF-LA-10004484,63,1185,Standard Class,8.26,2,0.0,3.8
8103,CA-2015-149846,SB-20185,TEC-MA-10004002,63,1185,Standard Class,2973.32,7,0.2,334.5
8104,CA-2015-149846,SB-20185,OFF-ST-10002406,63,1185,Standard Class,104.79,7,0.0,29.34
8105,CA-2015-149846,SB-20185,TEC-PH-10003645,63,1185,Standard Class,775.73,6,0.2,58.18
8106,CA-2017-159149,CR-12820,FUR-BO-10001601,17,923,First Class,89.07,1,0.32,-17.03
8107,CA-2017-159149,CR-12820,OFF-AR-10000937,17,923,First Class,175.44,6,0.2,52.63
8108,CA-2017-159149,CR-12820,TEC-PH-10000038,17,923,First Class,438.34,4,0.2,-87.67
8109,US-2017-167570,EG-13900,FUR-CH-10003396,12,167,Standard Class,215.54,4,0.3,-58.5
8110,CA-2017-160122,RD-19930,OFF-EN-10002592,37,552,Standard Class,55.58,6,0.2,20.84
8111,CA-2017-160122,RD-19930,FUR-CH-10000422,37,552,Standard Class,127.39,2,0.3,-25.48
8112,CA-2016-130393,JM-15865,FUR-CH-10002647,363,50,Second Class,248.43,5,0.3,-17.74
8113,CA-2016-130393,JM-15865,OFF-AP-10004859,363,50,Second Class,11.65,4,0.8,-30.87
8114,CA-2016-130393,JM-15865,FUR-CH-10004477,363,50,Second Class,85.25,2,0.3,-1.22
8115,CA-2017-144820,LW-16825,OFF-AR-10004817,90,622,Second Class,20.64,5,0.2,2.32
8116,CA-2017-101014,RW-19540,FUR-FU-10003374,14,636,Standard Class,148.02,3,0.0,41.45
8117,CA-2017-105543,BG-11695,OFF-ST-10003123,592,222,Same Day,33.29,1,0.0,7.99
8118,US-2017-113201,TT-21220,OFF-PA-10000675,63,161,Standard Class,204.95,5,0.0,100.43
8119,US-2017-106551,EB-13930,FUR-CH-10004997,156,848,Standard Class,526.34,4,0.3,-75.19
8120,CA-2016-116722,LP-17080,FUR-FU-10001934,95,584,Standard Class,41.96,2,0.0,10.91
8121,CA-2016-116722,LP-17080,FUR-CH-10004997,95,584,Standard Class,451.15,3,0.2,0.0
8122,CA-2016-116722,LP-17080,OFF-BI-10001890,95,584,Standard Class,31.5,11,0.2,11.03
8123,CA-2014-138128,FP-14320,OFF-EN-10002500,64,338,Standard Class,30.67,3,0.2,9.59
8124,CA-2014-138128,FP-14320,TEC-CO-10001766,64,338,Standard Class,1079.98,4,0.4,126.0
8125,US-2017-150070,JA-15970,FUR-CH-10004860,591,211,Standard Class,161.57,2,0.2,-28.27
8126,CA-2015-137064,TS-21655,OFF-BI-10002049,33,526,Standard Class,2.93,3,0.8,-4.99
8127,CA-2015-137064,TS-21655,TEC-AC-10003499,33,526,Standard Class,18.53,2,0.2,4.4
8128,CA-2015-137064,TS-21655,OFF-ST-10003470,33,526,Standard Class,670.75,3,0.2,-125.77
8129,CA-2017-157350,DP-13000,FUR-FU-10000222,27,776,Standard Class,64.96,5,0.6,-43.85
8130,CA-2014-127866,JD-15895,TEC-AC-10000023,216,837,First Class,41.94,2,0.0,15.1
8131,CA-2014-127866,JD-15895,OFF-PA-10003971,216,837,First Class,11.96,2,0.0,5.86
8132,CA-2014-127866,JD-15895,OFF-AR-10003481,216,837,First Class,13.12,4,0.0,3.8
8133,CA-2014-127866,JD-15895,OFF-ST-10001490,216,837,First Class,535.41,3,0.0,160.62
8134,CA-2015-131352,GH-14485,FUR-FU-10003708,177,1050,Standard Class,72.78,3,0.6,-70.96
8135,CA-2015-121776,RD-19585,OFF-PA-10001970,142,1131,Standard Class,36.84,3,0.0,17.31
8136,CA-2015-121776,RD-19585,OFF-LA-10002762,142,1131,Standard Class,87.71,7,0.0,41.22
8137,CA-2016-118073,CS-12490,FUR-TA-10002533,153,400,Standard Class,562.29,7,0.45,-255.59
8138,CA-2014-103219,BF-11215,FUR-FU-10004091,46,188,Standard Class,56.52,9,0.0,21.48
8139,CA-2016-102561,NK-18490,OFF-AR-10001545,12,428,Standard Class,11.26,8,0.2,1.27
8140,CA-2016-102561,NK-18490,OFF-ST-10001476,12,428,Standard Class,284.08,10,0.2,24.86
8141,CA-2016-102561,NK-18490,OFF-PA-10004971,12,428,Standard Class,18.5,4,0.2,6.7
8142,CA-2016-100993,AZ-10750,OFF-LA-10003223,89,474,Standard Class,14.73,3,0.0,7.22
8143,CA-2016-100993,AZ-10750,OFF-ST-10004340,89,474,Standard Class,186.54,3,0.0,50.37
8144,CA-2016-100993,AZ-10750,FUR-TA-10001095,89,474,Standard Class,557.73,4,0.2,6.97
8145,CA-2016-100993,AZ-10750,TEC-PH-10001448,89,474,Standard Class,159.97,4,0.2,-31.99
8146,US-2014-112949,Co-12640,OFF-AP-10001005,497,887,Standard Class,471.9,6,0.0,155.73
8147,US-2014-112949,Co-12640,OFF-AR-10003469,497,887,Standard Class,3.52,2,0.0,1.69
8148,US-2017-146822,AG-10675,OFF-PA-10000249,271,256,Standard Class,49.12,4,0.0,23.09
8149,US-2016-131058,EM-14140,OFF-LA-10001613,201,798,Standard Class,20.16,7,0.0,9.88
8150,CA-2014-167997,CA-11965,OFF-BI-10001758,601,756,First Class,10.68,2,0.0,5.02
8151,CA-2014-167997,CA-11965,FUR-BO-10004409,601,756,First Class,141.96,2,0.0,39.75
8152,CA-2017-140151,RB-19360,OFF-ST-10001558,61,722,First Class,32.48,2,0.0,4.87
8153,CA-2017-140151,RB-19360,OFF-PA-10002986,61,722,First Class,20.04,3,0.0,9.62
8154,CA-2017-140151,RB-19360,TEC-CO-10004722,61,722,First Class,13999.96,4,0.0,6719.98
8155,US-2017-143770,RD-19720,TEC-AC-10002842,265,178,Standard Class,238.0,2,0.0,38.08
8156,US-2017-143770,RD-19720,OFF-PA-10001125,265,178,Standard Class,61.96,2,0.0,27.88
8157,CA-2016-131296,MS-17830,FUR-TA-10002622,309,965,Standard Class,239.37,2,0.3,-23.94
8158,CA-2016-103464,PG-18820,TEC-AC-10002842,189,742,Standard Class,595.0,5,0.0,95.2
8159,CA-2017-136238,KB-16240,OFF-PA-10004285,457,378,Standard Class,16.03,3,0.2,5.61
8160,CA-2016-120803,RB-19465,TEC-AC-10004469,546,1186,Standard Class,199.75,5,0.0,87.89
8161,CA-2016-134138,JD-15790,FUR-CH-10001545,99,596,Standard Class,227.96,2,0.0,36.47
8162,CA-2015-120915,JJ-15445,OFF-AP-10002578,46,695,Second Class,293.52,6,0.0,76.32
8163,CA-2015-120915,JJ-15445,TEC-PH-10003012,46,695,Second Class,307.98,2,0.0,89.31
8164,CA-2015-168207,LT-17110,FUR-FU-10004909,189,122,Standard Class,96.96,6,0.0,33.94
8165,CA-2015-168207,LT-17110,OFF-BI-10001524,189,122,Standard Class,117.49,7,0.2,41.12
8166,CA-2015-168207,LT-17110,OFF-BI-10003355,189,122,Standard Class,11.95,3,0.2,4.18
8167,CA-2015-168207,LT-17110,FUR-BO-10004357,189,122,Standard Class,512.5,3,0.15,-30.15
8168,CA-2016-144148,AH-10690,FUR-TA-10002774,35,996,Standard Class,863.13,7,0.2,-32.37
8169,CA-2017-107174,AB-10060,FUR-TA-10004575,60,45,Standard Class,2036.86,7,0.0,366.63
8170,CA-2017-107174,AB-10060,FUR-CH-10003312,60,45,Standard Class,449.57,2,0.2,-73.05
8171,CA-2017-107174,AB-10060,TEC-AC-10001465,60,45,Standard Class,108.96,3,0.0,32.69
8172,CA-2016-146150,FM-14380,OFF-AR-10002240,130,1174,Standard Class,264.18,7,0.0,68.69
8173,CA-2014-114125,GH-14410,OFF-LA-10004559,14,869,Standard Class,2.88,1,0.0,1.41
8174,CA-2014-114125,GH-14410,OFF-BI-10003291,14,869,Standard Class,41.9,6,0.2,14.14
8175,CA-2014-114125,GH-14410,OFF-ST-10001505,14,869,Standard Class,23.92,4,0.0,4.07
8176,CA-2016-114944,HE-14800,OFF-PA-10003892,37,807,Standard Class,156.51,4,0.2,52.82
8177,CA-2016-135965,SZ-20035,OFF-ST-10002370,46,898,First Class,128.34,6,0.0,37.22
8178,CA-2017-149699,CM-12115,TEC-AC-10000474,142,67,First Class,474.95,5,0.0,142.49
8179,CA-2016-166429,TG-21310,TEC-CO-10002095,120,477,Standard Class,999.98,2,0.0,449.99
8180,CA-2015-112767,DK-12985,FUR-TA-10003469,331,992,Standard Class,277.5,4,0.5,-188.7
8181,CA-2015-119879,SS-20410,FUR-TA-10002958,75,83,Standard Class,1252.7,8,0.4,-480.2
8182,CA-2015-119879,SS-20410,TEC-PH-10002923,75,83,Standard Class,110.97,5,0.4,-24.04
8183,CA-2017-155642,BM-11575,FUR-FU-10004973,156,797,Standard Class,22.61,3,0.6,-10.17
8184,CA-2017-155642,BM-11575,FUR-FU-10001918,156,797,Standard Class,1.89,1,0.6,-0.99
8185,US-2017-101721,MY-17380,OFF-PA-10003641,37,284,Standard Class,63.31,3,0.2,20.58
8186,CA-2015-136728,AG-10900,OFF-EN-10002621,37,1024,Second Class,7.82,1,0.2,2.93
8187,CA-2015-136728,AG-10900,FUR-CH-10003817,37,1024,Second Class,170.07,4,0.3,-12.15
8188,CA-2016-127194,BW-11110,OFF-PA-10000659,24,108,Standard Class,62.82,9,0.0,29.53
8189,CA-2015-140375,SG-20470,OFF-PA-10001870,249,654,Second Class,19.44,3,0.0,9.33
8190,CA-2015-140375,SG-20470,OFF-BI-10000320,249,654,Second Class,7.38,1,0.0,3.62
8191,US-2017-155866,CC-12370,OFF-PA-10004735,165,702,Standard Class,38.88,6,0.0,18.66
8192,US-2017-155866,CC-12370,FUR-FU-10004091,165,702,Standard Class,187.76,4,0.0,76.98
8193,CA-2015-141327,LR-16915,OFF-BI-10000546,36,673,First Class,6.05,7,0.7,-4.23
8194,CA-2015-141327,LR-16915,OFF-AP-10001293,36,673,First Class,98.35,3,0.2,9.84
8195,CA-2015-141327,LR-16915,FUR-FU-10000576,36,673,First Class,335.74,2,0.2,25.18
8196,CA-2015-136700,DB-13120,OFF-PA-10004519,538,402,Second Class,8.96,2,0.0,4.39
8197,CA-2017-102736,LP-17095,TEC-AC-10004568,366,529,Standard Class,89.57,4,0.2,-1.12
8198,CA-2017-102736,LP-17095,OFF-AR-10001897,366,529,Standard Class,71.96,5,0.2,7.2
8199,CA-2017-102736,LP-17095,OFF-PA-10001800,366,529,Standard Class,15.55,3,0.2,5.44
8200,CA-2017-125269,AF-10870,OFF-BI-10001628,27,559,Standard Class,10.43,5,0.8,-18.25
8201,CA-2017-125269,AF-10870,OFF-ST-10004123,27,559,Standard Class,72.78,1,0.2,-18.2
8202,CA-2015-114811,KD-16495,OFF-ST-10000885,24,628,Same Day,67.15,5,0.0,16.79
8203,CA-2015-114811,KD-16495,TEC-PH-10004165,24,628,Same Day,549.98,2,0.0,142.99
8204,CA-2015-114811,KD-16495,FUR-FU-10002240,24,628,Same Day,11.82,3,0.0,4.73
8205,CA-2015-114811,KD-16495,TEC-MA-10000045,24,628,Same Day,4643.8,4,0.0,2229.02
8206,CA-2015-114811,KD-16495,FUR-CH-10003746,24,628,Same Day,577.76,2,0.1,115.55
8207,CA-2015-122266,SA-20830,FUR-TA-10000577,488,34,Standard Class,191.52,1,0.45,-76.61
8208,CA-2015-122266,SA-20830,OFF-AR-10004757,488,34,Standard Class,2.62,1,0.2,0.43
8209,CA-2015-141565,BG-11035,OFF-BI-10000545,396,1182,Standard Class,1369.76,6,0.7,-913.18
8210,CA-2015-141565,BG-11035,OFF-ST-10001522,396,1182,Standard Class,294.37,4,0.2,-58.87
8211,CA-2017-128769,DM-12955,OFF-AP-10001271,396,211,Standard Class,81.57,2,0.2,7.14
8212,CA-2016-116337,MC-17845,FUR-FU-10002030,78,78,Standard Class,44.46,5,0.6,-17.78
8213,CA-2016-116337,MC-17845,OFF-ST-10001272,78,78,Standard Class,314.09,3,0.2,19.63
8214,CA-2015-120845,ML-17395,OFF-BI-10001116,109,13,Standard Class,6.34,4,0.7,-4.65
8215,CA-2015-120845,ML-17395,OFF-PA-10004665,109,13,Standard Class,10.48,1,0.2,3.8
8216,CA-2015-120845,ML-17395,OFF-BI-10004506,109,13,Standard Class,2.47,1,0.7,-1.81
8217,CA-2015-120845,ML-17395,OFF-BI-10001982,109,13,Standard Class,3.26,2,0.7,-2.28
8218,CA-2014-120775,RD-19930,OFF-FA-10002676,163,463,Standard Class,4.34,3,0.2,0.87
8219,CA-2014-120775,RD-19930,FUR-FU-10000758,163,463,Standard Class,31.78,3,0.6,-19.07
8220,CA-2014-120775,RD-19930,OFF-LA-10002271,163,463,Standard Class,4.93,2,0.2,1.72
8221,CA-2014-120775,RD-19930,OFF-BI-10002609,163,463,Standard Class,1.79,3,0.8,-3.04
8222,CA-2014-120775,RD-19930,OFF-FA-10000254,163,463,Standard Class,15.07,4,0.2,-3.77
8223,CA-2014-152905,AB-10015,OFF-ST-10000321,175,1088,Standard Class,12.62,2,0.2,-2.52
8224,CA-2016-104633,EA-14035,OFF-PA-10000241,55,2,Standard Class,185.88,6,0.0,83.65
8225,CA-2016-104633,EA-14035,OFF-PA-10004782,55,2,Standard Class,12.96,2,0.0,6.22
8226,CA-2017-104136,SF-20065,OFF-PA-10004243,290,753,Second Class,189.7,10,0.0,91.06
8227,CA-2017-104136,SF-20065,OFF-PA-10001033,290,753,Second Class,40.99,1,0.0,20.09
8228,CA-2016-123050,BC-11125,FUR-FU-10000723,25,959,Second Class,82.64,2,0.0,7.44
8229,CA-2016-123050,BC-11125,OFF-ST-10003455,25,959,Second Class,31.02,2,0.0,8.07
8230,CA-2016-123050,BC-11125,TEC-AC-10001109,25,959,Second Class,89.97,3,0.0,37.79
8231,CA-2016-162355,PF-19165,OFF-AR-10004344,495,1187,Second Class,35.97,3,0.0,9.71
8232,CA-2016-162355,PF-19165,FUR-BO-10004695,495,1187,Second Class,1266.86,7,0.0,291.38
8233,CA-2014-158225,SE-20110,OFF-ST-10000675,59,359,Standard Class,169.45,5,0.0,42.36
8234,CA-2014-158225,SE-20110,OFF-ST-10002301,59,359,Standard Class,40.68,2,0.0,0.41
8235,CA-2017-102204,CJ-12010,OFF-SU-10001212,134,928,Standard Class,3.33,2,0.2,0.42
8236,CA-2017-102204,CJ-12010,FUR-TA-10001889,134,928,Standard Class,933.26,4,0.45,-458.15
8237,CA-2017-102204,CJ-12010,FUR-CH-10002024,134,928,Standard Class,2803.92,5,0.2,0.0
8238,CA-2017-103065,PT-19090,OFF-ST-10000617,134,180,Same Day,4.77,2,0.2,-0.77
8239,CA-2017-103065,PT-19090,OFF-PA-10000380,134,180,Same Day,6.67,1,0.2,2.5
8240,CA-2017-103065,PT-19090,OFF-AR-10003251,134,180,Same Day,4.45,2,0.2,1.11
8241,CA-2017-103065,PT-19090,FUR-FU-10000175,134,180,Same Day,43.94,4,0.2,6.04
8242,CA-2014-109855,LH-16900,OFF-BI-10004716,30,417,Standard Class,23.74,2,0.2,8.31
8243,CA-2014-109855,LH-16900,TEC-AC-10002842,30,417,Standard Class,357.0,3,0.0,57.12
8244,CA-2014-109897,BW-11200,TEC-PH-10003691,35,1133,Standard Class,806.34,8,0.2,50.4
8245,CA-2014-109897,BW-11200,FUR-FU-10002878,35,1133,Standard Class,85.44,3,0.0,31.61
8246,US-2014-143581,BS-11365,OFF-ST-10000991,113,711,Standard Class,344.91,3,0.0,10.35
8247,CA-2015-129217,DP-13390,OFF-AP-10002439,174,1188,Same Day,70.97,5,0.8,-191.62
8248,CA-2015-129217,DP-13390,OFF-AR-10004602,174,1188,Same Day,36.78,2,0.2,3.68
8249,CA-2016-133816,CS-12400,TEC-PH-10001795,64,1121,Second Class,743.99,2,0.4,-124.0
8250,CA-2015-140221,MS-17365,OFF-BI-10002854,156,617,Second Class,11.21,2,0.8,-16.82
8251,CA-2015-140221,MS-17365,FUR-FU-10000023,156,617,Second Class,4.71,2,0.6,-1.88
8252,CA-2015-140221,MS-17365,OFF-AP-10000828,156,617,Second Class,180.98,5,0.8,-470.55
8253,CA-2015-140221,MS-17365,OFF-ST-10000777,156,617,Second Class,60.42,2,0.2,6.04
8254,CA-2017-152310,DK-12895,TEC-CO-10000971,6,802,Standard Class,299.99,1,0.0,90.0
8255,CA-2017-152310,DK-12895,OFF-PA-10003134,6,802,Standard Class,192.16,4,0.0,92.24
8256,CA-2017-152310,DK-12895,TEC-PH-10002538,6,802,Standard Class,242.62,8,0.2,27.3
8257,CA-2017-152310,DK-12895,OFF-ST-10001228,6,802,Standard Class,46.74,3,0.0,11.68
8258,CA-2017-152310,DK-12895,TEC-AC-10000397,6,802,Standard Class,174.95,5,0.0,12.25
8259,CA-2017-152310,DK-12895,OFF-BI-10004308,6,802,Standard Class,100.7,6,0.2,37.76
8260,CA-2016-118101,SN-20560,OFF-PA-10000357,528,191,Same Day,368.91,9,0.0,180.77
8261,CA-2016-118101,SN-20560,OFF-BI-10000773,528,191,Same Day,8.02,1,0.0,3.77
8262,CA-2016-118101,SN-20560,OFF-ST-10001837,528,191,Same Day,171.04,4,0.0,44.47
8263,CA-2016-100307,TC-21475,OFF-PA-10002552,146,273,Standard Class,19.44,3,0.0,9.33
8264,CA-2015-138457,AM-10705,OFF-BI-10000014,223,1024,Standard Class,13.09,4,0.7,-10.04
8265,CA-2014-131800,AJ-10960,OFF-AP-10004136,46,126,Standard Class,122.94,3,0.0,30.74
8266,CA-2014-131800,AJ-10960,OFF-BI-10003429,46,126,Standard Class,35.45,7,0.2,12.85
8267,CA-2014-118304,KH-16360,TEC-PH-10000376,22,334,Standard Class,19.98,2,0.0,5.19
8268,CA-2017-121790,LP-17095,FUR-TA-10003469,174,290,Standard Class,69.38,1,0.5,-47.18
8269,CA-2017-121790,LP-17095,OFF-SU-10004231,174,290,Standard Class,31.68,4,0.2,2.77
8270,CA-2017-121790,LP-17095,TEC-PH-10002584,174,290,Standard Class,2003.17,4,0.2,250.4
8271,CA-2017-121790,LP-17095,OFF-AR-10003602,174,290,Standard Class,9.34,2,0.2,3.15
8272,CA-2016-169670,JE-15715,FUR-CH-10002331,30,592,Standard Class,2563.06,8,0.1,313.26
8273,CA-2016-139549,MY-18295,FUR-CH-10001802,581,202,Standard Class,387.14,4,0.2,4.84
8274,CA-2015-104059,FC-14245,OFF-AR-10000634,158,386,Second Class,3.42,1,0.2,0.3
8275,CA-2017-164112,ND-18460,OFF-ST-10002615,185,161,Standard Class,1085.42,7,0.0,282.21
8276,CA-2015-143882,DB-13360,OFF-PA-10004040,347,154,Standard Class,43.06,9,0.2,15.61
8277,US-2016-139262,LC-16960,OFF-BI-10003727,86,824,Standard Class,3.76,3,0.7,-2.76
8278,US-2016-139262,LC-16960,OFF-BI-10002026,86,824,Standard Class,34.86,2,0.7,-26.73
8279,US-2016-139262,LC-16960,OFF-ST-10001496,86,824,Standard Class,432.46,3,0.2,32.43
8280,CA-2017-146192,BD-11725,OFF-ST-10003716,113,301,Standard Class,675.06,3,0.0,87.76
8281,CA-2017-134810,MC-17605,OFF-EN-10002504,223,1189,First Class,65.23,3,0.2,22.02
8282,CA-2017-134810,MC-17605,FUR-CH-10001270,223,1189,First Class,207.0,3,0.2,25.88
8283,CA-2015-154284,SZ-20035,TEC-MA-10004241,587,380,Second Class,600.53,2,0.3,137.26
8284,CA-2015-154284,SZ-20035,OFF-AR-10001468,587,380,Second Class,59.9,2,0.2,14.23
8285,CA-2015-154284,SZ-20035,TEC-AC-10003198,587,380,Second Class,637.44,8,0.2,135.46
8286,CA-2015-154284,SZ-20035,FUR-FU-10003039,587,380,Second Class,51.76,3,0.6,-33.64
8287,CA-2014-156244,DH-13675,OFF-PA-10000295,124,1133,Standard Class,31.1,6,0.2,10.89
8288,CA-2014-156244,DH-13675,OFF-AR-10004344,124,1133,Standard Class,47.96,5,0.2,4.2
8289,CA-2014-156244,DH-13675,TEC-AC-10002473,124,1133,Standard Class,158.93,7,0.2,41.72
8290,CA-2014-156244,DH-13675,OFF-AP-10002403,124,1133,Standard Class,211.25,6,0.2,15.84
8291,CA-2014-156244,DH-13675,OFF-SU-10000432,124,1133,Standard Class,5.55,2,0.2,-1.04
8292,CA-2014-156244,DH-13675,OFF-LA-10000443,124,1133,Standard Class,2.95,1,0.2,1.0
8293,CA-2015-106362,LC-16885,OFF-BI-10003166,413,556,Standard Class,10.33,3,0.7,-7.58
8294,US-2017-168802,JO-15145,OFF-BI-10002393,6,133,Standard Class,18.37,4,0.2,5.97
8295,US-2017-146906,MT-17815,TEC-PH-10001809,165,678,Standard Class,299.9,2,0.0,74.97
8296,CA-2016-166380,EB-13750,OFF-EN-10002600,102,199,Standard Class,26.55,9,0.0,12.74
8297,CA-2016-166380,EB-13750,TEC-AC-10000109,102,199,Standard Class,111.98,2,0.0,26.88
8298,US-2015-158911,RS-19765,FUR-FU-10003829,44,762,Standard Class,4.93,2,0.2,0.74
8299,US-2015-158911,RS-19765,OFF-LA-10003223,44,762,Standard Class,11.78,3,0.2,4.27
8300,US-2014-103338,RB-19435,OFF-AR-10001770,53,519,Standard Class,7.98,3,0.0,2.07
8301,CA-2015-109169,OT-18730,OFF-EN-10003296,152,705,Standard Class,180.96,2,0.0,81.43
8302,US-2017-167318,GZ-14545,TEC-AC-10003870,2,1190,Standard Class,1649.95,5,0.0,659.98
8303,US-2017-167318,GZ-14545,FUR-CH-10000665,2,1190,Standard Class,362.35,3,0.2,45.29
8304,US-2014-120313,NL-18310,TEC-PH-10003092,95,657,Second Class,73.58,2,0.2,8.28
8305,CA-2017-135419,BG-11740,FUR-TA-10001086,411,133,Standard Class,486.37,4,0.2,36.48
8306,CA-2016-128671,MT-18070,OFF-PA-10001870,313,1191,Standard Class,32.4,5,0.0,15.55
8307,CA-2016-128671,MT-18070,OFF-BI-10003305,313,1191,Standard Class,41.86,7,0.0,19.26
8308,CA-2016-128671,MT-18070,OFF-BI-10003007,313,1191,Standard Class,77.56,2,0.0,35.68
8309,CA-2016-149335,BC-11125,OFF-AR-10001419,35,198,Same Day,37.17,9,0.0,11.15
8310,CA-2014-168312,GW-14605,OFF-ST-10003692,67,73,Standard Class,137.35,3,0.2,8.58
8311,CA-2014-168312,GW-14605,FUR-TA-10001866,67,73,Standard Class,376.51,3,0.3,-43.03
8312,US-2017-105935,BD-11500,FUR-FU-10002157,113,796,Standard Class,62.72,4,0.0,24.46
8313,US-2017-105935,BD-11500,TEC-PH-10001459,113,796,Standard Class,2939.93,7,0.0,764.38
8314,CA-2014-161508,PV-18985,FUR-CH-10002126,517,137,Standard Class,512.36,3,0.3,-14.64
8315,CA-2014-161508,PV-18985,OFF-FA-10001561,517,137,Standard Class,3.49,2,0.2,0.57
8316,CA-2014-161508,PV-18985,OFF-AR-10003158,517,137,Standard Class,22.29,7,0.2,3.9
8317,CA-2014-161508,PV-18985,OFF-PA-10001804,517,137,Standard Class,16.03,3,0.2,5.61
8318,CA-2017-130904,HM-14980,OFF-AR-10000422,180,646,Standard Class,1.75,1,0.2,0.15
8319,CA-2017-130904,HM-14980,OFF-AR-10000127,180,646,Standard Class,20.99,8,0.2,2.36
8320,CA-2017-133620,EM-14065,OFF-ST-10004634,30,39,Standard Class,11.21,1,0.0,3.36
8321,CA-2015-142937,SF-20065,OFF-AR-10003582,78,902,First Class,45.04,2,0.2,4.5
8322,US-2016-149790,SC-20380,OFF-BI-10002026,15,183,Standard Class,15.62,2,0.8,-25.0
8323,CA-2016-130778,ND-18370,OFF-AP-10000595,256,259,Standard Class,8.74,2,0.0,2.27
8324,CA-2016-130778,ND-18370,OFF-PA-10001509,256,259,Standard Class,44.75,5,0.0,20.58
8325,CA-2017-144456,FC-14245,OFF-ST-10001321,187,566,First Class,61.68,5,0.2,5.4
8326,CA-2017-144456,FC-14245,TEC-PH-10001750,187,566,First Class,158.38,3,0.2,13.86
8327,CA-2017-103478,KL-16555,OFF-BI-10001890,174,247,Second Class,2.86,4,0.8,-4.58
8328,CA-2017-103478,KL-16555,OFF-BI-10004224,174,247,Second Class,94.19,7,0.8,-164.84
8329,CA-2017-118577,XP-21865,OFF-PA-10001357,99,834,Standard Class,143.7,3,0.0,68.98
8330,CA-2017-118577,XP-21865,OFF-PA-10004888,99,834,Standard Class,6.48,1,0.0,3.11
8331,CA-2017-113572,FP-14320,TEC-AC-10002370,24,660,Standard Class,7.88,4,0.0,2.52
8332,CA-2016-153269,PS-18760,OFF-ST-10004634,602,1186,First Class,11.21,1,0.0,3.36
8333,CA-2016-153269,PS-18760,FUR-CH-10002647,602,1186,First Class,354.9,5,0.0,88.72
8334,CA-2016-153269,PS-18760,OFF-PA-10001801,602,1186,First Class,17.94,3,0.0,8.79
8335,CA-2016-153269,PS-18760,OFF-BI-10004632,602,1186,First Class,51.8,4,0.0,23.31
8336,CA-2017-161655,CW-11905,OFF-BI-10002082,286,727,Second Class,299.52,9,0.0,149.76
8337,CA-2016-101469,KH-16360,OFF-AR-10003986,102,416,Standard Class,7.7,2,0.0,3.16
8338,CA-2014-153087,TC-20980,OFF-PA-10001243,34,423,Standard Class,23.92,4,0.0,11.72
8339,CA-2014-153087,TC-20980,TEC-AC-10003198,34,423,Standard Class,498.0,5,0.0,184.26
8340,CA-2017-135076,YS-21880,FUR-CH-10003774,108,670,Standard Class,436.7,6,0.2,-38.21
8341,CA-2014-161634,CC-12220,OFF-PA-10002262,338,688,Standard Class,32.4,5,0.0,15.55
8342,CA-2017-141481,ZD-21925,OFF-AP-10004532,2,533,First Class,61.44,3,0.0,16.59
8343,CA-2016-132549,JK-15370,OFF-ST-10001325,365,882,Standard Class,73.36,7,0.0,19.81
8344,US-2014-155544,GM-14440,OFF-LA-10004544,366,91,Standard Class,59.2,5,0.2,22.2
8345,US-2014-155544,GM-14440,FUR-FU-10001473,366,91,Standard Class,32.95,3,0.2,6.59
8346,US-2014-155544,GM-14440,FUR-CH-10000422,366,91,Standard Class,218.38,3,0.2,-10.92
8347,US-2015-115238,JW-15220,FUR-FU-10002960,129,29,Standard Class,31.4,5,0.0,13.19
8348,US-2015-115238,JW-15220,FUR-FU-10002445,129,29,Standard Class,9.48,1,0.0,3.79
8349,US-2015-115238,JW-15220,TEC-PH-10001300,129,29,Standard Class,209.5,10,0.0,58.66
8350,US-2015-115238,JW-15220,FUR-FU-10001025,129,29,Standard Class,24.3,5,0.0,10.45
8351,US-2015-115238,JW-15220,OFF-PA-10002689,129,29,Standard Class,6.48,1,0.0,3.11
8352,CA-2017-132199,BO-11350,FUR-FU-10004245,64,899,Standard Class,32.45,2,0.2,7.3
8353,CA-2017-132199,BO-11350,OFF-BI-10003684,64,899,Standard Class,26.39,4,0.7,-17.59
8354,CA-2017-132199,BO-11350,FUR-TA-10003748,64,899,Standard Class,373.47,5,0.4,-112.04
8355,CA-2017-132199,BO-11350,OFF-BI-10002133,64,899,Standard Class,64.2,5,0.7,-44.94
8356,CA-2017-132199,BO-11350,OFF-FA-10002280,64,899,Standard Class,8.0,2,0.2,2.8
8357,CA-2016-163174,XP-21865,FUR-FU-10000308,507,371,Standard Class,186.54,3,0.0,41.04
8358,CA-2014-110555,MM-18055,OFF-ST-10000876,151,910,Standard Class,87.08,7,0.0,24.38
8359,CA-2014-110555,MM-18055,TEC-PH-10000586,151,910,Standard Class,105.58,2,0.2,9.24
8360,CA-2014-110555,MM-18055,TEC-AC-10003399,151,910,Standard Class,217.44,6,0.0,91.32
8361,CA-2017-147207,TS-21655,OFF-AR-10001955,295,461,Second Class,31.74,2,0.2,3.97
8362,CA-2017-147207,TS-21655,OFF-AP-10000027,295,461,Second Class,5.43,2,0.8,-13.58
8363,CA-2017-147207,TS-21655,FUR-TA-10002958,295,461,Second Class,913.43,5,0.3,-169.64
8364,CA-2017-147207,TS-21655,OFF-ST-10002615,295,461,Second Class,372.14,3,0.2,27.91
8365,CA-2017-137631,JL-15235,TEC-PH-10002624,603,1046,Standard Class,751.98,2,0.2,84.6
8366,CA-2017-157273,SZ-20035,TEC-PH-10002275,60,290,First Class,604.77,4,0.2,60.48
8367,CA-2014-109918,LR-17035,OFF-SU-10004290,87,558,Second Class,27.36,4,0.0,7.39
8368,CA-2014-109918,LR-17035,OFF-PA-10000174,87,558,Second Class,20.56,2,0.0,9.66
8369,CA-2014-109918,LR-17035,OFF-BI-10004308,87,558,Second Class,83.92,5,0.2,31.47
8370,CA-2016-118745,SV-20365,FUR-TA-10003473,14,726,Standard Class,902.71,3,0.2,33.85
8371,CA-2016-163972,MG-17890,FUR-BO-10003894,254,509,Standard Class,120.67,2,0.15,21.29
8372,CA-2014-165393,NC-18415,OFF-BI-10001658,7,423,First Class,4.98,1,0.8,-8.47
8373,CA-2016-113726,SC-20680,FUR-FU-10003535,60,391,Standard Class,82.26,3,0.0,33.73
8374,CA-2016-152940,RO-19780,OFF-ST-10000352,95,339,First Class,29.74,1,0.0,4.46
8375,CA-2015-158701,JL-15175,OFF-AP-10004859,95,957,Standard Class,87.36,6,0.0,23.59
8376,CA-2015-158701,JL-15175,OFF-BI-10001294,95,957,Standard Class,56.16,6,0.2,17.55
8377,CA-2017-156272,PW-19030,OFF-AP-10001242,412,709,Standard Class,64.38,1,0.2,8.05
8378,CA-2015-162964,MF-18250,OFF-ST-10002344,15,769,Standard Class,64.78,1,0.2,-14.58
8379,CA-2015-162964,MF-18250,OFF-PA-10003349,15,769,Standard Class,15.55,3,0.2,5.64
8380,CA-2015-162964,MF-18250,OFF-EN-10003055,15,769,Standard Class,223.89,7,0.2,69.96
8381,CA-2014-103527,CC-12220,OFF-PA-10001622,156,341,Second Class,10.9,3,0.2,3.4
8382,CA-2016-134544,AC-10660,TEC-PH-10003800,10,717,Second Class,84.78,2,0.2,-20.14
8383,CA-2016-163048,MH-17440,FUR-CH-10001270,67,598,Standard Class,241.5,4,0.3,0.0
8384,CA-2016-145135,CD-12790,TEC-AC-10003447,604,492,First Class,59.97,3,0.0,14.99
8385,CA-2016-145135,CD-12790,OFF-PA-10004285,604,492,First Class,13.36,2,0.0,6.41
8386,CA-2017-137582,CV-12805,OFF-BI-10001757,233,508,Standard Class,11.81,3,0.2,4.13
8387,CA-2015-149601,TB-21625,OFF-ST-10001558,114,72,Standard Class,16.24,1,0.0,2.44
8388,CA-2015-149601,TB-21625,OFF-ST-10001328,114,72,Standard Class,77.55,5,0.0,21.71
8389,CA-2014-139423,DG-13300,OFF-AP-10004708,417,302,Standard Class,76.12,2,0.0,22.07
8390,CA-2016-102596,RD-19810,OFF-FA-10000621,76,798,First Class,17.18,6,0.2,6.23
8391,CA-2017-153227,CS-12250,OFF-PA-10001838,4,770,First Class,11.76,2,0.0,5.76
8392,CA-2017-110625,JB-16045,FUR-FU-10001473,605,332,Standard Class,27.46,2,0.0,9.89
8393,CA-2016-142594,EJ-14155,TEC-PH-10000193,118,50,Second Class,137.94,3,0.0,35.86
8394,CA-2016-142594,EJ-14155,FUR-FU-10002045,118,50,Second Class,111.15,5,0.0,48.91
8395,CA-2016-142594,EJ-14155,OFF-AP-10002945,118,50,Second Class,901.95,3,0.0,297.64
8396,CA-2016-142594,EJ-14155,FUR-TA-10001095,118,50,Second Class,366.01,3,0.3,-47.06
8397,CA-2014-152254,BD-11620,OFF-PA-10001144,125,480,Same Day,310.69,7,0.2,108.74
8398,US-2014-120236,MR-17545,OFF-BI-10004099,15,1011,First Class,7.68,5,0.8,-11.52
8399,CA-2017-120061,SR-20425,FUR-CH-10001973,158,809,Second Class,155.37,2,0.3,-35.51
8400,CA-2015-133837,TH-21100,OFF-ST-10000344,277,658,Standard Class,10.74,1,0.2,0.81
8401,CA-2015-110814,BD-11635,OFF-BI-10002026,30,902,Second Class,232.4,5,0.2,78.44
8402,CA-2015-110814,BD-11635,FUR-CH-10003535,30,902,Second Class,164.65,3,0.1,12.81
8403,CA-2015-110814,BD-11635,OFF-PA-10004156,30,902,Second Class,22.68,2,0.0,11.11
8404,CA-2016-154067,SM-20950,OFF-PA-10002254,2,855,Standard Class,105.52,4,0.0,48.54
8405,CA-2017-140480,HE-14800,FUR-FU-10003247,286,142,Standard Class,83.92,4,0.0,5.87
8406,CA-2017-140480,HE-14800,TEC-AC-10002473,286,142,Standard Class,141.9,5,0.0,58.18
8407,CA-2017-140480,HE-14800,FUR-FU-10001057,286,142,Standard Class,39.98,2,0.0,9.2
8408,CA-2017-140480,HE-14800,OFF-AR-10001419,286,142,Standard Class,28.91,7,0.0,8.67
8409,CA-2017-140480,HE-14800,OFF-AR-10004010,286,142,Standard Class,174.95,5,0.0,45.49
8410,CA-2015-134082,JK-15640,OFF-BI-10004230,343,556,Standard Class,110.53,4,0.2,38.68
8411,CA-2016-130820,ON-18715,FUR-TA-10001768,180,626,Same Day,630.02,4,0.4,-199.51
8412,CA-2016-159765,TH-21100,OFF-AR-10003514,271,196,Second Class,27.86,7,0.0,9.19
8413,CA-2017-132290,MD-17350,FUR-TA-10002228,163,435,Standard Class,933.41,4,0.3,-173.35
8414,CA-2016-147109,AH-10075,OFF-PA-10001972,175,908,Standard Class,51.84,10,0.2,18.14
8415,CA-2016-147109,AH-10075,TEC-AC-10002942,175,908,Standard Class,165.6,3,0.2,-6.21
8416,CA-2017-107265,ML-17755,OFF-PA-10000474,606,1192,Standard Class,106.32,3,0.0,49.97
8417,CA-2017-118199,LB-16795,OFF-BI-10004330,60,1189,First Class,147.92,5,0.2,46.22
8418,CA-2017-118199,LB-16795,OFF-ST-10000604,60,1189,First Class,104.28,3,0.0,26.07
8419,CA-2017-118199,LB-16795,FUR-TA-10004154,60,1189,First Class,286.85,1,0.0,63.11
8420,CA-2017-118199,LB-16795,OFF-ST-10000636,60,1189,First Class,66.96,4,0.0,2.68
8421,CA-2017-118199,LB-16795,TEC-AC-10004171,60,1189,First Class,199.98,2,0.0,87.99
8422,CA-2017-150091,NP-18670,TEC-AC-10002167,101,387,Standard Class,45.0,3,0.0,4.95
8423,CA-2017-150091,NP-18670,OFF-FA-10000621,101,387,Standard Class,17.9,5,0.0,8.77
8424,CA-2017-150091,NP-18670,FUR-FU-10004053,101,387,Standard Class,40.48,2,0.0,17.41
8425,CA-2017-150091,NP-18670,FUR-BO-10003404,101,387,Standard Class,2154.9,5,0.0,129.29
8426,CA-2016-137652,EB-13750,OFF-BI-10004099,94,771,First Class,18.43,8,0.7,-12.29
8427,CA-2015-128356,RP-19390,OFF-SU-10004290,462,654,Standard Class,10.94,2,0.2,0.96
8428,CA-2017-167017,DC-12850,OFF-SU-10001935,528,52,First Class,4.36,2,0.0,0.17
8429,US-2017-132220,DJ-13510,TEC-AC-10004227,287,106,Standard Class,62.35,6,0.2,-10.91
8430,CA-2016-118129,CL-12565,FUR-FU-10004904,333,1055,Second Class,303.92,5,0.2,-30.39
8431,US-2014-113124,NC-18340,OFF-ST-10001511,422,810,Standard Class,129.3,2,0.0,6.46
8432,CA-2017-155621,KN-16450,FUR-FU-10003535,309,1184,Standard Class,274.2,10,0.0,112.42
8433,US-2014-127635,SC-20260,OFF-FA-10000053,414,81,Second Class,6.05,4,0.2,-1.36
8434,US-2014-127635,SC-20260,OFF-PA-10004610,414,81,Second Class,6.85,2,0.2,2.14
8435,US-2014-127635,SC-20260,FUR-FU-10000550,414,81,Second Class,9.96,5,0.6,-6.72
8436,US-2014-127635,SC-20260,OFF-BI-10001721,414,81,Second Class,8.55,2,0.8,-13.68
8437,CA-2015-151470,AM-10705,OFF-BI-10004040,122,1182,Standard Class,45.58,11,0.2,16.52
8438,CA-2015-112823,RA-19945,TEC-AC-10002550,178,896,Standard Class,25.49,2,0.2,4.46
8439,CA-2014-108861,MM-17260,OFF-BI-10003876,60,1062,Standard Class,136.96,4,0.2,51.36
8440,CA-2017-114370,BN-11470,TEC-PH-10000213,37,1193,Second Class,49.62,2,0.2,4.96
8441,CA-2016-158302,JB-16045,OFF-PA-10002615,48,17,Second Class,10.58,3,0.2,3.44
8442,CA-2017-145779,DB-13615,OFF-PA-10002254,116,637,Standard Class,84.42,4,0.2,27.44
8443,US-2016-155173,JB-16045,TEC-PH-10004586,75,1194,Standard Class,431.94,2,0.4,-71.99
8444,US-2016-155173,JB-16045,OFF-BI-10002982,75,1194,Standard Class,2.04,1,0.7,-1.5
8445,US-2016-155173,JB-16045,TEC-PH-10002538,75,1194,Standard Class,68.24,3,0.4,-12.51
8446,CA-2017-125451,AH-10075,FUR-TA-10001039,482,437,First Class,240.74,4,0.3,-13.76
8447,CA-2017-125451,AH-10075,FUR-FU-10004963,482,437,First Class,35.0,4,0.0,14.7
8448,CA-2017-125451,AH-10075,FUR-FU-10000277,482,437,First Class,210.68,2,0.0,50.56
8449,CA-2017-125451,AH-10075,FUR-TA-10004915,482,437,First Class,637.9,3,0.3,-127.58
8450,CA-2017-125451,AH-10075,OFF-PA-10003724,482,437,First Class,43.44,8,0.0,21.29
8451,CA-2017-125451,AH-10075,OFF-AP-10002906,482,437,First Class,2.22,1,0.0,0.67
8452,CA-2014-131387,AI-10855,TEC-PH-10001459,35,583,First Class,1679.96,5,0.2,126.0
8453,CA-2016-125087,TH-21115,FUR-CH-10002880,33,725,Standard Class,344.37,4,0.3,-93.47
8454,CA-2016-125087,TH-21115,OFF-ST-10001780,33,725,Standard Class,1554.94,3,0.2,77.75
8455,CA-2016-125087,TH-21115,FUR-FU-10004748,33,725,Standard Class,127.88,5,0.6,-67.14
8456,CA-2016-154081,JE-15610,TEC-PH-10001918,14,731,Standard Class,222.38,2,0.2,22.24
8457,US-2017-118556,TH-21235,FUR-CH-10001146,156,40,Second Class,106.87,3,0.3,-29.01
8458,US-2017-118556,TH-21235,OFF-BI-10004364,156,40,Second Class,3.56,3,0.8,-6.24
8459,CA-2014-126200,JE-15715,OFF-BI-10002133,33,56,Standard Class,25.68,3,0.8,-39.8
8460,CA-2014-126200,JE-15715,OFF-BI-10002225,33,56,Standard Class,12.38,3,0.8,-19.81
8461,CA-2014-146500,AT-10735,OFF-BI-10002432,320,1195,Standard Class,25.3,5,0.0,11.89
8462,CA-2014-146500,AT-10735,OFF-ST-10000563,320,1195,Standard Class,95.94,3,0.0,9.59
8463,CA-2015-169537,JH-15820,OFF-LA-10001982,545,38,Second Class,7.5,2,0.0,3.6
8464,CA-2014-100881,DR-12940,TEC-PH-10003273,384,1177,Standard Class,302.38,3,0.2,22.68
8465,CA-2015-144043,AB-10165,TEC-AC-10002718,128,1188,Standard Class,46.69,4,0.2,-2.92
8466,CA-2015-116512,MC-18100,OFF-ST-10001505,24,266,Standard Class,17.94,3,0.0,3.05
8467,CA-2015-101000,IG-15085,OFF-AP-10000179,212,266,Standard Class,370.14,3,0.0,144.35
8468,CA-2016-168557,FH-14275,OFF-BI-10002309,35,252,Standard Class,8.93,2,0.2,3.12
8469,US-2016-164196,AS-10285,FUR-TA-10001950,421,584,Standard Class,2678.94,6,0.0,241.1
8470,US-2017-132031,PN-18775,FUR-BO-10001972,379,757,Standard Class,387.14,4,0.2,-14.52
8471,US-2017-132031,PN-18775,TEC-AC-10002473,379,757,Standard Class,45.41,2,0.2,11.92
8472,US-2017-132031,PN-18775,FUR-FU-10000193,379,757,Standard Class,77.95,3,0.2,-11.69
8473,US-2017-132031,PN-18775,OFF-LA-10000081,379,757,Standard Class,3.0,1,0.2,1.05
8474,CA-2015-169733,GM-14500,OFF-ST-10000876,476,421,Second Class,9.95,1,0.2,1.0
8475,CA-2017-169404,NC-18625,OFF-BI-10004492,357,360,Standard Class,37.9,4,0.7,-29.05
8476,CA-2017-169404,NC-18625,OFF-PA-10001033,357,360,Standard Class,65.58,2,0.2,23.77
8477,CA-2017-134880,TW-21025,OFF-PA-10004039,155,856,Standard Class,44.78,1,0.2,16.23
8478,CA-2015-145758,BF-11020,TEC-MA-10004552,24,629,Same Day,1035.8,4,0.0,269.31
8479,CA-2017-158736,TT-21460,OFF-AR-10002578,95,405,Standard Class,5.76,2,0.0,1.67
8480,US-2016-119270,SW-20245,OFF-PA-10004022,2,300,Standard Class,19.98,2,0.0,8.99
8481,CA-2014-109890,PG-18820,TEC-PH-10004100,199,610,Standard Class,35.98,2,0.0,10.07
8482,CA-2016-138583,DP-13390,OFF-AR-10001860,75,1013,Standard Class,16.66,3,0.2,3.33
8483,US-2017-118535,DJ-13510,OFF-LA-10001297,24,513,Standard Class,20.7,2,0.0,9.94
8484,CA-2016-126284,EN-13780,OFF-BI-10004828,438,874,Standard Class,83.7,5,0.0,41.01
8485,CA-2017-142391,PB-19150,FUR-FU-10002759,61,242,Same Day,199.8,10,0.0,71.93
8486,CA-2017-124716,BD-11560,OFF-PA-10000740,254,997,Standard Class,45.68,2,0.0,21.01
8487,CA-2017-124716,BD-11560,OFF-PA-10001144,254,997,Standard Class,110.96,2,0.0,53.26
8488,CA-2017-124716,BD-11560,OFF-PA-10000859,254,997,Standard Class,11.94,3,0.0,5.97
8489,CA-2016-158841,SE-20110,TEC-MA-10001127,102,1057,Second Class,8749.95,5,0.0,2799.98
8490,CA-2016-158841,SE-20110,OFF-BI-10002557,102,1057,Second Class,36.4,8,0.0,18.2
8491,CA-2016-158841,SE-20110,FUR-FU-10001731,102,1057,Second Class,18.69,7,0.0,7.1
8492,CA-2017-106824,AT-10735,OFF-FA-10001135,14,438,Standard Class,5.94,3,0.0,0.12
8493,CA-2015-109190,CC-12685,OFF-PA-10000069,339,925,Standard Class,60.74,8,0.2,20.5
8494,CA-2015-109190,CC-12685,TEC-CO-10001943,339,925,Standard Class,479.98,3,0.2,161.99
8495,CA-2015-109190,CC-12685,OFF-BI-10000977,339,925,Standard Class,6.08,1,0.8,-10.34
8496,CA-2016-143154,AS-10225,TEC-AC-10002942,594,500,Standard Class,165.6,3,0.2,-6.21
8497,CA-2014-169061,AB-10150,OFF-AR-10000588,232,1196,Second Class,59.52,3,0.0,15.48
8498,CA-2014-169061,AB-10150,TEC-AC-10002001,232,1196,Second Class,479.97,3,0.0,177.59
8499,CA-2014-169061,AB-10150,OFF-SU-10000381,232,1196,Second Class,18.62,2,0.0,5.4
8500,CA-2014-169061,AB-10150,OFF-BI-10001617,232,1196,Second Class,49.63,6,0.2,16.75
8501,CA-2014-169061,AB-10150,OFF-PA-10001878,232,1196,Second Class,97.82,2,0.0,45.98
8502,CA-2015-102316,DH-13075,TEC-PH-10000376,63,880,Second Class,15.98,2,0.2,1.2
8503,CA-2015-102316,DH-13075,FUR-CH-10003396,63,880,Second Class,184.75,3,0.2,-20.78
8504,CA-2014-164903,SR-20740,OFF-PA-10003363,14,981,Standard Class,12.96,2,0.0,6.22
8505,CA-2016-109400,NR-18550,FUR-CH-10003298,140,441,Standard Class,366.74,4,0.3,-110.02
8506,CA-2016-130400,SJ-20125,OFF-BI-10001757,163,388,Standard Class,8.86,9,0.8,-14.17
8507,CA-2016-130400,SJ-20125,TEC-AC-10004633,163,388,Standard Class,27.96,5,0.2,8.39
8508,CA-2016-130400,SJ-20125,OFF-EN-10001453,163,388,Standard Class,146.35,3,0.2,49.39
8509,CA-2015-135853,CA-12775,TEC-AC-10004761,186,556,First Class,175.23,11,0.0,61.33
8510,CA-2015-135853,CA-12775,TEC-PH-10003691,186,556,First Class,125.99,1,0.0,31.5
8511,CA-2015-135853,CA-12775,OFF-BI-10004965,186,556,First Class,23.0,2,0.0,10.35
8512,CA-2016-103359,LC-16885,OFF-BI-10004233,46,597,Standard Class,25.58,2,0.2,8.95
8513,CA-2016-144645,NS-18640,FUR-FU-10003601,17,1057,Standard Class,73.78,2,0.6,-77.47
8514,CA-2017-141614,NS-18640,OFF-PA-10002787,416,930,Standard Class,20.74,4,0.2,7.26
8515,CA-2015-122168,HG-14965,OFF-AR-10003602,203,292,Standard Class,17.52,3,0.0,8.23
8516,CA-2015-122168,HG-14965,OFF-AR-10002053,203,292,Standard Class,35.76,12,0.0,10.01
8517,CA-2016-132899,SF-20200,OFF-AR-10002833,30,282,Standard Class,3.64,2,0.0,0.98
8518,CA-2017-149720,EM-14065,FUR-FU-10002501,407,401,Second Class,30.34,6,0.6,-17.44
8519,CA-2017-118003,DO-13645,FUR-FU-10002506,336,770,Standard Class,12.99,1,0.0,1.56
8520,CA-2017-118003,DO-13645,FUR-CH-10003817,336,770,Standard Class,182.22,3,0.0,45.56
8521,CA-2017-118003,DO-13645,FUR-CH-10004860,336,770,Standard Class,302.94,3,0.0,18.18
8522,CA-2016-141887,MP-17470,FUR-FU-10002268,48,384,Standard Class,54.99,14,0.2,8.94
8523,US-2016-160206,MY-18295,TEC-PH-10000148,202,179,Standard Class,12.99,1,0.0,0.26
8524,CA-2017-133074,DB-13615,OFF-PA-10004082,10,297,Standard Class,55.86,7,0.0,27.93
8525,CA-2017-161172,SP-20920,TEC-PH-10004348,48,634,Same Day,44.38,2,0.4,-7.4
8526,CA-2017-161172,SP-20920,FUR-FU-10003424,48,634,Same Day,51.26,6,0.2,7.69
8527,CA-2017-161172,SP-20920,OFF-BI-10004654,48,634,Same Day,5.19,3,0.7,-3.46
8528,CA-2017-161172,SP-20920,TEC-AC-10004571,48,634,Same Day,159.98,2,0.2,44.0
8529,CA-2017-161172,SP-20920,OFF-ST-10000675,48,634,Same Day,54.22,2,0.2,3.39
8530,CA-2017-137624,ME-17320,FUR-CH-10001714,142,469,Standard Class,241.42,2,0.2,-36.21
8531,CA-2016-156748,BS-11755,OFF-PA-10000380,84,886,Standard Class,33.36,4,0.0,16.68
8532,CA-2016-156748,BS-11755,OFF-PA-10002713,84,886,Standard Class,13.76,2,0.0,6.33
8533,CA-2016-156748,BS-11755,OFF-ST-10001370,84,886,Standard Class,496.86,7,0.0,24.84
8534,CA-2016-156748,BS-11755,FUR-CH-10000513,84,886,Standard Class,389.97,3,0.0,35.1
8535,CA-2015-169677,KS-16300,OFF-LA-10003223,113,1005,Second Class,9.82,2,0.0,4.81
8536,US-2014-163146,CC-12475,TEC-AC-10002217,35,1175,Standard Class,56.4,3,0.0,3.38
8537,CA-2015-157343,HD-14785,OFF-BI-10003707,106,723,Standard Class,18.31,4,0.7,-12.21
8538,CA-2015-157343,HD-14785,OFF-PA-10000552,106,723,Standard Class,25.92,5,0.2,9.07
8539,CA-2015-157343,HD-14785,OFF-AR-10003183,106,723,Standard Class,8.02,3,0.2,1.0
8540,CA-2017-147354,KB-16315,TEC-CO-10000971,142,632,Standard Class,479.98,2,0.2,60.0
8541,CA-2017-147354,KB-16315,OFF-BI-10003910,142,632,Standard Class,30.84,5,0.2,9.64
8542,CA-2015-157287,HR-14830,OFF-ST-10001172,12,938,First Class,33.57,2,0.2,1.68
8543,CA-2015-157287,HR-14830,FUR-CH-10001270,12,938,First Class,422.62,7,0.3,0.0
8544,CA-2014-137575,TB-21625,TEC-AC-10004571,46,909,Standard Class,199.98,2,0.0,83.99
8545,CA-2016-119074,DS-13180,FUR-FU-10004053,113,1197,Standard Class,20.24,1,0.0,8.7
8546,CA-2016-119074,DS-13180,FUR-FU-10003731,113,1197,Standard Class,39.92,4,0.0,11.18
8547,CA-2016-119074,DS-13180,OFF-BI-10000962,113,1197,Standard Class,32.54,2,0.0,15.94
8548,CA-2015-149566,GB-14530,TEC-AC-10001266,14,902,Standard Class,39.0,3,0.0,17.55
8549,CA-2015-149566,GB-14530,OFF-LA-10000452,14,902,Standard Class,12.6,4,0.0,6.05
8550,CA-2015-126186,GB-14530,FUR-FU-10000073,43,862,First Class,24.64,4,0.2,4.0
8551,CA-2015-121132,VB-21745,OFF-LA-10002368,17,790,Standard Class,6.26,3,0.2,2.04
8552,CA-2015-121132,VB-21745,OFF-FA-10004248,17,790,Standard Class,14.43,4,0.2,3.43
8553,CA-2014-140473,MC-17425,TEC-CO-10004202,37,993,Standard Class,719.98,3,0.2,135.0
8554,US-2017-102904,CB-12025,TEC-AC-10000927,34,39,Standard Class,239.92,8,0.0,23.99
8555,CA-2016-102092,PM-18940,FUR-TA-10002530,29,11,First Class,1056.86,7,0.0,158.53
8556,CA-2015-117884,DC-13285,TEC-AC-10002567,454,205,Same Day,447.94,7,0.2,89.59
8557,CA-2015-117884,DC-13285,OFF-ST-10002182,454,205,Same Day,150.41,9,0.2,-33.84
8558,CA-2016-132829,LA-16780,TEC-PH-10004539,17,444,Second Class,453.58,3,0.2,39.69
8559,CA-2016-132829,LA-16780,OFF-LA-10002945,17,444,Second Class,45.36,9,0.2,14.74
8560,CA-2016-132829,LA-16780,TEC-PH-10004345,17,444,Second Class,287.88,3,0.2,35.98
8561,CA-2016-132829,LA-16780,TEC-PH-10004912,17,444,Second Class,131.88,3,0.2,14.84
8562,CA-2016-132829,LA-16780,FUR-FU-10000206,17,444,Second Class,2.33,2,0.6,-0.76
8563,CA-2016-123540,DJ-13420,FUR-CH-10000847,202,1198,Second Class,1454.9,5,0.0,378.27
8564,US-2017-108315,MH-18115,OFF-BI-10000822,607,505,Standard Class,4.84,3,0.7,-3.55
8565,US-2017-108315,MH-18115,FUR-FU-10000747,607,505,Standard Class,220.7,6,0.2,-8.28
8566,CA-2016-134110,BG-11035,TEC-PH-10002350,486,1020,First Class,67.18,3,0.2,6.72
8567,CA-2016-134110,BG-11035,OFF-PA-10000697,486,1020,First Class,15.23,4,0.2,5.52
8568,US-2016-136581,SV-20365,OFF-PA-10002787,413,339,First Class,31.1,6,0.2,10.89
8569,CA-2016-162390,DP-13105,OFF-BI-10004318,420,410,Standard Class,968.74,7,0.2,314.84
8570,CA-2016-162390,DP-13105,OFF-BI-10001721,420,410,Standard Class,222.35,13,0.2,77.82
8571,CA-2016-162390,DP-13105,TEC-CO-10004202,420,410,Standard Class,479.98,2,0.2,90.0
8572,CA-2016-162222,SR-20740,OFF-PA-10003893,177,1016,Same Day,10.27,3,0.2,3.21
8573,CA-2014-121629,BT-11680,TEC-MA-10004679,17,684,Standard Class,998.85,5,0.4,-199.77
8574,CA-2015-164623,MS-17770,OFF-PA-10000249,46,1183,First Class,24.56,2,0.0,11.54
8575,CA-2014-159849,JK-15640,OFF-FA-10000053,95,112,Same Day,5.67,3,0.0,0.11
8576,CA-2017-101273,ST-20530,OFF-AP-10000804,455,152,Second Class,14.34,4,0.2,0.9
8577,CA-2017-106747,TS-21505,FUR-FU-10004188,209,446,First Class,102.3,1,0.0,26.6
8578,CA-2017-146164,CM-12190,FUR-TA-10004915,39,67,Standard Class,607.52,2,0.0,97.2
8579,CA-2017-146164,CM-12190,OFF-ST-10001228,39,67,Standard Class,31.16,2,0.0,7.79
8580,CA-2016-111605,JW-15955,OFF-LA-10002368,176,798,Standard Class,2.61,1,0.0,1.2
8581,CA-2014-130673,MC-17590,FUR-FU-10003489,608,672,Second Class,10.33,3,0.6,-5.94
8582,CA-2014-130673,MC-17590,OFF-PA-10000289,608,672,Second Class,10.37,2,0.2,3.63
8583,CA-2014-130673,MC-17590,TEC-AC-10004227,608,672,Second Class,20.78,2,0.2,-3.64
8584,CA-2014-130673,MC-17590,OFF-ST-10000636,608,672,Second Class,66.96,5,0.2,-13.39
8585,CA-2014-104808,MH-17440,OFF-BI-10003676,247,520,Second Class,17.25,2,0.2,6.04
8586,US-2017-132927,RD-19720,OFF-BI-10001116,64,35,Standard Class,11.09,7,0.7,-8.13
8587,CA-2017-162015,KB-16240,TEC-AC-10003832,14,498,Standard Class,1287.45,5,0.0,244.62
8588,CA-2017-162015,KB-16240,OFF-AP-10003040,14,498,Standard Class,168.1,5,0.0,43.71
8589,CA-2015-138492,FC-14335,OFF-ST-10002583,12,1061,Standard Class,51.97,2,0.2,-10.39
8590,CA-2017-145338,BD-11770,OFF-AR-10002053,75,927,First Class,4.77,2,0.2,0.48
8591,CA-2017-126676,FH-14365,OFF-EN-10004846,420,366,First Class,7.98,3,0.0,3.91
8592,CA-2017-101700,SO-20335,OFF-EN-10003134,609,757,First Class,18.69,2,0.2,7.01
8593,CA-2017-101700,SO-20335,FUR-FU-10001025,609,757,First Class,11.66,3,0.2,3.35
8594,CA-2017-159667,PM-19135,TEC-AC-10002567,134,46,Standard Class,191.98,3,0.2,38.4
8595,CA-2017-159667,PM-19135,TEC-PH-10004094,134,46,Standard Class,499.17,4,0.2,31.2
8596,CA-2014-111934,GD-14590,OFF-BI-10004364,102,953,First Class,11.88,2,0.0,5.35
8597,CA-2014-111934,GD-14590,OFF-PA-10000474,102,953,First Class,35.44,1,0.0,16.66
8598,US-2016-117387,PA-19060,OFF-BI-10004308,35,190,Standard Class,67.14,4,0.2,25.18
8599,CA-2014-141110,LS-17200,OFF-BI-10002012,254,36,Standard Class,4.32,3,0.2,1.51
8600,CA-2014-141110,LS-17200,OFF-PA-10002586,254,36,Standard Class,14.94,3,0.0,7.02
8601,CA-2014-141110,LS-17200,OFF-AP-10000692,254,36,Standard Class,40.54,2,0.0,11.35
8602,CA-2014-141110,LS-17200,OFF-BI-10001553,254,36,Standard Class,7.31,1,0.2,2.56
8603,US-2014-133949,JL-15175,TEC-PH-10004908,245,521,Same Day,475.94,7,0.2,59.49
8604,US-2016-116365,CA-12310,TEC-AC-10002217,66,836,Standard Class,30.08,2,0.2,-5.26
8605,US-2016-116365,CA-12310,TEC-AC-10002942,66,836,Standard Class,165.6,3,0.2,-6.21
8606,US-2016-116365,CA-12310,TEC-PH-10002890,66,836,Standard Class,180.96,5,0.2,13.57
8607,CA-2017-162936,CM-12160,TEC-AC-10003614,274,239,Standard Class,23.18,2,0.0,7.65
8608,CA-2014-151946,BT-11440,FUR-FU-10002878,46,612,Standard Class,56.96,2,0.0,21.08
8609,CA-2014-151946,BT-11440,OFF-AP-10001626,46,612,Standard Class,15.56,4,0.0,4.05
8610,CA-2014-151946,BT-11440,FUR-BO-10003272,46,612,Standard Class,353.57,2,0.2,-44.2
8611,CA-2014-151946,BT-11440,FUR-FU-10002191,46,612,Standard Class,13.96,2,0.0,6.7
8612,CA-2017-123624,SE-20110,TEC-AC-10000682,570,39,Second Class,82.95,5,0.0,29.03
8613,CA-2016-146437,HG-14965,OFF-AR-10000588,2,1199,Second Class,39.68,2,0.0,10.32
8614,CA-2016-138233,PF-19165,TEC-AC-10002001,233,1200,Standard Class,479.97,3,0.0,177.59
8615,CA-2016-165918,BD-11770,OFF-LA-10003720,200,546,Standard Class,7.38,2,0.0,3.47
8616,CA-2016-165918,BD-11770,OFF-BI-10004364,200,546,Standard Class,14.26,3,0.2,4.46
8617,CA-2016-165918,BD-11770,OFF-PA-10000100,200,546,Standard Class,81.98,2,0.0,40.17
8618,CA-2016-165918,BD-11770,OFF-BI-10004826,200,546,Standard Class,39.62,3,0.2,13.87
8619,CA-2017-117513,BT-11395,FUR-TA-10001520,26,449,Standard Class,399.67,7,0.2,-14.99
8620,CA-2017-132437,EM-14095,OFF-ST-10001031,24,566,Second Class,65.12,4,0.0,16.93
8621,US-2017-119319,LC-17050,FUR-FU-10003878,163,45,Second Class,30.56,5,0.6,-19.86
8622,CA-2017-104318,FH-14275,OFF-AP-10000358,79,727,Standard Class,20.77,2,0.2,2.34
8623,US-2016-114230,CM-12235,OFF-ST-10000876,52,582,Standard Class,39.81,4,0.2,3.98
8624,CA-2015-136147,FM-14380,OFF-BI-10004224,329,51,Standard Class,121.1,6,0.7,-100.92
8625,CA-2015-136147,FM-14380,TEC-AC-10004568,329,51,Standard Class,111.96,5,0.2,-1.4
8626,CA-2015-156118,HG-14965,OFF-PA-10000533,98,576,Standard Class,15.7,3,0.2,5.1
8627,CA-2015-164084,AG-10525,OFF-ST-10003638,165,68,Standard Class,70.26,3,0.0,18.97
8628,CA-2015-164084,AG-10525,TEC-AC-10002305,165,68,Standard Class,90.0,5,0.0,16.2
8629,CA-2015-164084,AG-10525,OFF-BI-10000605,165,68,Standard Class,6.1,2,0.2,2.06
8630,CA-2015-164084,AG-10525,FUR-TA-10003569,165,68,Standard Class,481.18,2,0.4,-120.29
8631,CA-2015-164084,AG-10525,OFF-FA-10003059,165,68,Standard Class,7.24,4,0.0,2.39
8632,CA-2016-107783,OT-18730,FUR-BO-10004409,530,1063,First Class,177.45,5,0.5,-78.08
8633,CA-2016-107783,OT-18730,OFF-BI-10000545,530,1063,First Class,1369.76,6,0.7,-913.18
8634,CA-2016-107783,OT-18730,OFF-AP-10004052,530,1063,First Class,9.48,3,0.2,0.71
8635,CA-2017-159793,SV-20365,FUR-BO-10001798,12,327,Standard Class,130.98,2,0.5,-89.07
8636,CA-2014-160094,JM-16195,OFF-AR-10004010,176,1014,First Class,174.95,5,0.0,45.49
8637,CA-2014-160094,JM-16195,OFF-ST-10000585,176,1014,First Class,826.0,5,0.0,214.76
8638,CA-2017-151281,HM-14980,FUR-FU-10000397,60,843,Standard Class,139.58,7,0.0,39.08
8639,CA-2017-118346,PO-19180,TEC-AC-10000736,310,284,First Class,399.95,5,0.0,143.98
8640,CA-2014-129819,KC-16675,OFF-BI-10004970,1,737,Second Class,12.39,3,0.0,5.82
8641,US-2017-148551,DB-13120,OFF-BI-10000545,163,603,Standard Class,760.98,5,0.8,-1141.47
8642,CA-2017-147767,SV-20935,OFF-BI-10001670,346,575,Same Day,67.86,6,0.7,-45.24
8643,CA-2015-108259,NS-18640,OFF-FA-10000624,223,628,Standard Class,31.5,11,0.2,11.81
8644,CA-2015-108259,NS-18640,OFF-LA-10002945,223,628,Standard Class,5.04,1,0.2,1.64
8645,CA-2015-108259,NS-18640,OFF-BI-10000315,223,628,Standard Class,39.88,7,0.7,-29.24
8646,CA-2015-108259,NS-18640,FUR-FU-10000023,223,628,Standard Class,4.71,1,0.2,1.41
8647,CA-2016-113341,MH-17455,FUR-CH-10004698,4,882,Standard Class,194.35,3,0.2,19.44
8648,US-2015-131842,RR-19525,FUR-CH-10004477,396,902,First Class,97.42,2,0.2,10.96
8649,CA-2016-164574,RH-19555,OFF-ST-10003816,44,876,Standard Class,704.76,5,0.2,26.43
8650,CA-2016-164574,RH-19555,OFF-BI-10002429,44,876,Standard Class,27.4,3,0.7,-20.09
8651,CA-2014-142769,RP-19390,OFF-FA-10000840,6,104,Same Day,5.7,5,0.0,2.68
8652,CA-2014-142769,RP-19390,FUR-FU-10001918,6,104,Same Day,14.19,3,0.0,5.53
8653,CA-2014-142769,RP-19390,OFF-SU-10001574,6,104,Same Day,7.3,2,0.0,2.19
8654,CA-2014-142769,RP-19390,TEC-AC-10001606,6,104,Same Day,199.98,2,0.0,75.99
8655,CA-2014-142769,RP-19390,TEC-AC-10003399,6,104,Same Day,144.96,4,0.0,60.88
8656,CA-2014-142769,RP-19390,TEC-AC-10000865,6,104,Same Day,118.0,2,0.0,20.06
8657,CA-2014-142769,RP-19390,OFF-PA-10002923,6,104,Same Day,48.94,1,0.0,24.47
8658,CA-2014-142769,RP-19390,OFF-AP-10004785,6,104,Same Day,22.66,2,0.0,9.74
8659,CA-2016-168361,KB-16600,OFF-BI-10003727,37,1029,Standard Class,0.84,1,0.8,-1.34
8660,CA-2016-153185,MH-17620,OFF-PA-10002246,94,324,Standard Class,30.96,6,0.2,11.22
8661,CA-2017-124765,HZ-14950,FUR-BO-10003965,3,921,Standard Class,723.92,5,0.2,-81.44
8662,CA-2015-131856,JG-15160,FUR-FU-10000175,17,794,Standard Class,21.97,4,0.6,-15.93
8663,CA-2015-131856,JG-15160,TEC-PH-10001336,17,794,Standard Class,619.15,6,0.2,69.65
8664,CA-2015-131856,JG-15160,OFF-PA-10001954,17,794,Standard Class,127.9,7,0.2,41.57
8665,CA-2017-126634,AB-10165,FUR-FU-10004973,469,984,Second Class,94.2,5,0.0,39.56
8666,CA-2016-118500,HJ-14875,OFF-SU-10004231,35,1020,First Class,49.5,5,0.0,13.36
8667,CA-2016-163951,CJ-11875,OFF-AR-10004269,12,946,First Class,16.52,5,0.2,1.65
8668,CA-2016-149916,ED-13885,OFF-BI-10004002,61,597,Second Class,55.36,4,0.2,19.38
8669,CA-2016-149916,ED-13885,TEC-MA-10000752,61,597,Second Class,11.56,1,0.2,3.76
8670,CA-2015-158918,AI-10855,OFF-PA-10004947,2,140,Second Class,17.12,4,0.0,7.7
8671,US-2014-159611,KB-16315,FUR-FU-10004904,178,423,Second Class,182.35,3,0.2,-18.24
8672,US-2014-159611,KB-16315,OFF-ST-10002790,178,423,Second Class,118.16,2,0.2,-25.11
8673,CA-2017-163265,JS-16030,OFF-FA-10004854,68,912,Standard Class,18.37,2,0.2,6.2
8674,CA-2017-163265,JS-16030,FUR-CH-10004063,68,912,Standard Class,600.56,3,0.3,-8.58
8675,CA-2017-163265,JS-16030,OFF-ST-10000642,68,912,Standard Class,50.35,3,0.2,-8.18
8676,CA-2017-163265,JS-16030,OFF-AR-10004078,68,912,Standard Class,28.03,6,0.2,3.5
8677,CA-2017-163265,JS-16030,FUR-FU-10004270,68,912,Standard Class,7.69,1,0.6,-3.65
8678,CA-2017-141705,PO-18850,FUR-TA-10004607,610,1201,First Class,517.4,5,0.3,-81.31
8679,CA-2016-112739,RD-19810,OFF-BI-10001132,33,477,Second Class,8.61,8,0.8,-13.34
8680,CA-2016-112739,RD-19810,TEC-AC-10001714,33,477,Second Class,159.56,5,0.2,33.91
8681,CA-2016-143805,JD-15895,OFF-AP-10002945,196,50,Second Class,2104.55,7,0.0,694.5
8682,CA-2016-143805,JD-15895,OFF-SU-10004664,196,50,Second Class,40.7,5,0.0,11.8
8683,CA-2014-133634,SR-20740,TEC-AC-10002550,102,1128,Standard Class,47.79,3,0.0,16.25
8684,CA-2017-101665,TZ-21580,OFF-AR-10002335,35,921,Standard Class,5.16,2,0.0,1.34
8685,CA-2016-155446,TN-21040,TEC-AC-10001445,143,187,Standard Class,21.21,7,0.0,4.45
8686,CA-2017-137323,PW-19030,OFF-ST-10003996,291,238,Second Class,96.36,6,0.0,25.05
8687,CA-2016-144015,AH-10075,OFF-SU-10003505,2,191,Same Day,231.72,2,0.0,11.59
8688,CA-2016-144015,AH-10075,OFF-FA-10000624,2,191,Same Day,17.9,5,0.0,8.95
8689,CA-2016-144015,AH-10075,OFF-PA-10002870,2,191,Same Day,12.48,2,0.0,5.62
8690,CA-2014-101427,AY-10555,OFF-AR-10002257,12,59,Standard Class,8.02,3,0.2,1.1
8691,CA-2016-136770,SP-20650,TEC-PH-10003580,76,1042,Standard Class,259.9,2,0.4,-56.31
8692,CA-2016-136770,SP-20650,TEC-PH-10001530,76,1042,Standard Class,247.19,2,0.4,-49.44
8693,CA-2016-136770,SP-20650,TEC-AC-10000420,76,1042,Standard Class,279.96,5,0.2,48.99
8694,CA-2016-118311,ED-13885,TEC-AC-10000892,95,1058,Standard Class,450.0,5,0.0,162.0
8695,US-2014-112795,CR-12625,OFF-PA-10001934,438,710,Second Class,19.44,3,0.0,9.53
8696,CA-2017-127096,CS-12400,FUR-TA-10003473,10,176,Second Class,300.9,1,0.2,11.28
8697,CA-2017-119284,TS-21205,TEC-PH-10001051,396,141,Standard Class,239.98,3,0.2,27.0
8698,CA-2017-119284,TS-21205,FUR-FU-10004351,396,141,Standard Class,31.17,4,0.2,9.35
8699,CA-2017-119284,TS-21205,FUR-TA-10004152,396,141,Standard Class,120.96,2,0.4,-28.22
8700,CA-2017-119284,TS-21205,TEC-PH-10000560,396,141,Standard Class,2239.94,8,0.2,223.99
8701,CA-2017-119284,TS-21205,OFF-AP-10004249,396,141,Standard Class,76.61,8,0.2,6.7
8702,CA-2017-119284,TS-21205,OFF-ST-10001490,396,141,Standard Class,142.78,1,0.2,17.85
8703,CA-2017-119284,TS-21205,OFF-PA-10000312,396,141,Standard Class,91.36,5,0.2,29.69
8704,CA-2015-133494,RP-19390,OFF-AP-10002906,75,880,Standard Class,3.55,2,0.2,0.44
8705,CA-2016-111318,IL-15100,TEC-PH-10004100,17,311,First Class,115.14,8,0.2,11.51
8706,US-2014-132745,NF-18475,OFF-FA-10000254,245,1202,Standard Class,4.71,1,0.0,0.0
8707,CA-2014-146815,PP-18955,FUR-CH-10004289,30,79,Standard Class,172.76,2,0.1,13.44
8708,CA-2014-146815,PP-18955,OFF-AR-10003469,30,79,Standard Class,3.52,2,0.0,1.69
8709,CA-2014-119144,JD-16150,TEC-PH-10004188,142,913,First Class,79.97,4,0.2,-17.99
8710,CA-2014-119144,JD-16150,FUR-BO-10004015,142,913,First Class,305.97,3,0.15,25.2
8711,CA-2014-119144,JD-16150,OFF-ST-10000991,142,913,First Class,344.91,3,0.0,10.35
8712,CA-2014-105648,EJ-14155,FUR-TA-10002958,89,224,Standard Class,626.35,3,0.2,-23.49
8713,US-2015-145422,PW-19240,FUR-BO-10002213,95,156,Standard Class,359.5,3,0.15,-29.61
8714,CA-2017-136623,TS-21430,TEC-PH-10000004,189,498,Standard Class,71.95,6,0.2,5.4
8715,CA-2017-136623,TS-21430,OFF-BI-10003708,189,498,Standard Class,29.8,5,0.2,9.31
8716,CA-2017-121678,BM-11650,OFF-BI-10002949,611,674,Second Class,1.82,1,0.7,-1.4
8717,CA-2016-120824,AW-10930,OFF-AP-10001242,33,2,Second Class,64.38,4,0.8,-160.96
8718,CA-2016-120824,AW-10930,FUR-FU-10001424,33,2,Second Class,6.98,2,0.6,-4.54
8719,CA-2016-120824,AW-10930,OFF-AR-10003469,33,2,Second Class,11.26,8,0.2,3.94
8720,CA-2016-120824,AW-10930,OFF-PA-10000232,33,2,Second Class,15.55,3,0.2,5.64
8721,CA-2016-120824,AW-10930,FUR-CH-10000229,33,2,Second Class,379.37,2,0.3,-119.23
8722,CA-2016-120824,AW-10930,OFF-ST-10002562,33,2,Second Class,67.54,9,0.2,6.75
8723,CA-2016-120824,AW-10930,OFF-BI-10001525,33,2,Second Class,1.52,2,0.8,-2.67
8724,US-2016-135209,MH-17290,OFF-PA-10002986,329,724,Second Class,37.41,7,0.2,13.09
8725,US-2016-135209,MH-17290,OFF-PA-10000143,329,724,Second Class,25.34,6,0.2,8.87
8726,CA-2017-148145,SW-20275,OFF-AR-10003752,61,258,Standard Class,46.2,4,0.0,21.25
8727,CA-2015-103870,SP-20860,TEC-AC-10002370,109,18,Standard Class,4.73,3,0.2,0.71
8728,CA-2015-103870,SP-20860,FUR-FU-10002030,109,18,Standard Class,53.35,3,0.2,16.01
8729,CA-2015-103870,SP-20860,FUR-BO-10002853,109,18,Standard Class,131.1,2,0.2,8.19
8730,CA-2015-103870,SP-20860,OFF-ST-10002562,109,18,Standard Class,22.51,3,0.2,2.25
8731,CA-2015-103870,SP-20860,TEC-AC-10004227,109,18,Standard Class,72.74,7,0.2,-12.73
8732,CA-2015-111017,SC-20695,OFF-SU-10002573,359,375,Standard Class,52.59,3,0.0,15.78
8733,CA-2017-116988,PW-19030,OFF-PA-10003848,60,819,Second Class,19.44,3,0.0,9.33
8734,CA-2017-116988,PW-19030,FUR-FU-10001290,60,819,Second Class,126.3,3,0.0,40.42
8735,CA-2017-116988,PW-19030,TEC-AC-10003832,60,819,Second Class,1287.45,5,0.0,244.62
8736,US-2014-169390,CS-12250,OFF-ST-10001558,24,316,Second Class,64.96,4,0.0,9.74
8737,CA-2016-168774,RP-19855,OFF-ST-10001490,533,914,Standard Class,535.41,3,0.0,160.62
8738,CA-2017-161592,CS-12175,OFF-BI-10003669,429,1192,Standard Class,8.1,5,0.7,-5.94
8739,US-2017-131961,MJ-17740,OFF-AR-10004441,12,167,First Class,13.25,4,0.2,3.64
8740,US-2017-131961,MJ-17740,TEC-PH-10001924,12,167,First Class,83.99,2,0.4,-21.0
8741,CA-2016-102498,JG-15160,OFF-AR-10004456,300,1132,First Class,73.2,5,0.0,21.23
8742,CA-2015-113222,AG-10765,OFF-BI-10001890,453,530,Same Day,10.74,3,0.0,5.16
8743,US-2015-144771,CK-12205,FUR-FU-10000629,589,654,First Class,11.03,1,0.2,3.03
8744,US-2015-144771,CK-12205,TEC-AC-10002323,589,654,First Class,53.04,3,0.2,-4.64
8745,CA-2015-162376,HD-14785,OFF-AR-10003056,566,7,Second Class,17.12,4,0.0,4.96
8746,CA-2015-162376,HD-14785,OFF-PA-10000300,566,7,Second Class,59.94,3,0.0,28.17
8747,CA-2017-128076,BO-11350,FUR-FU-10000293,189,63,Standard Class,210.58,2,0.0,12.63
8748,CA-2017-128076,BO-11350,OFF-BI-10003638,189,63,Standard Class,30.96,2,0.2,10.06
8749,CA-2017-128076,BO-11350,TEC-MA-10002109,189,63,Standard Class,239.98,2,0.2,39.0
8750,US-2015-163825,LC-16885,OFF-BI-10003527,30,383,First Class,3050.38,3,0.2,1143.89
8751,US-2015-163825,LC-16885,TEC-PH-10004922,30,383,First Class,133.98,2,0.0,33.49
8752,CA-2016-105662,RB-19465,OFF-PA-10001001,395,466,Standard Class,93.25,4,0.2,31.47
8753,CA-2016-105662,RB-19465,TEC-PH-10001198,395,466,Standard Class,177.48,3,0.2,19.97
8754,CA-2017-152198,JD-16015,OFF-LA-10000443,214,429,First Class,17.71,6,0.2,5.98
8755,CA-2017-152198,JD-16015,OFF-BI-10003669,214,429,First Class,4.86,3,0.7,-3.56
8756,CA-2017-152198,JD-16015,OFF-BI-10001628,214,429,First Class,6.26,2,0.7,-5.22
8757,CA-2016-114307,MF-17665,OFF-AP-10002350,210,406,Standard Class,37.68,2,0.0,10.55
8758,CA-2016-114307,MF-17665,OFF-PA-10004100,210,406,Standard Class,51.84,8,0.0,24.88
8759,CA-2016-114307,MF-17665,FUR-FU-10000794,210,406,Standard Class,27.42,3,0.0,9.32
8760,CA-2016-114307,MF-17665,OFF-BI-10002012,210,406,Standard Class,5.4,3,0.0,2.59
8761,CA-2016-159891,BF-11170,OFF-BI-10003527,149,1012,Standard Class,1270.99,1,0.0,635.5
8762,CA-2016-159891,BF-11170,OFF-EN-10004483,149,1012,Standard Class,125.36,8,0.0,58.92
8763,CA-2016-112578,FO-14305,OFF-ST-10003722,380,724,Standard Class,14.03,1,0.0,4.07
8764,CA-2016-112578,FO-14305,OFF-SU-10002557,380,724,Standard Class,27.96,2,0.0,7.27
8765,CA-2015-107083,BB-11545,OFF-AR-10002257,7,83,Standard Class,5.34,2,0.2,0.73
8766,CA-2015-107083,BB-11545,OFF-BI-10000756,7,83,Standard Class,1.7,2,0.8,-2.54
8767,CA-2015-107083,BB-11545,OFF-AP-10004136,7,83,Standard Class,24.59,3,0.8,-67.62
8768,CA-2015-107083,BB-11545,OFF-BI-10002194,7,83,Standard Class,7.98,5,0.8,-13.17
8769,CA-2015-151722,IL-15100,TEC-AC-10000892,48,349,Standard Class,288.0,4,0.2,57.6
8770,CA-2016-151148,PO-19180,TEC-PH-10001870,128,127,Same Day,146.95,3,0.2,9.18
8771,CA-2016-151148,PO-19180,FUR-CH-10002304,128,127,Same Day,83.14,4,0.2,5.2
8772,CA-2017-115882,DB-13555,OFF-AP-10002534,315,33,First Class,942.78,4,0.2,94.28
8773,CA-2017-115882,DB-13555,OFF-PA-10001125,315,33,First Class,74.35,3,0.2,23.24
8774,CA-2015-132276,LC-16960,OFF-AP-10000804,24,1203,Standard Class,26.88,6,0.0,6.72
8775,CA-2015-132276,LC-16960,OFF-BI-10002982,24,1203,Standard Class,10.9,2,0.2,3.81
8776,CA-2016-163636,MP-18175,OFF-AR-10001547,37,6,Second Class,3.54,2,0.2,0.31
8777,CA-2016-102813,EA-14035,FUR-CH-10000665,144,416,First Class,528.43,5,0.3,0.0
8778,CA-2016-102813,EA-14035,OFF-PA-10000520,144,416,First Class,41.47,8,0.2,14.52
8779,CA-2017-135377,BP-11095,FUR-BO-10004015,24,1097,Standard Class,287.98,3,0.2,7.2
8780,CA-2015-165813,BM-11785,OFF-ST-10004258,161,306,Second Class,29.3,3,0.2,2.56
8781,CA-2015-133585,CM-12715,OFF-AR-10003696,33,880,First Class,55.33,2,0.2,6.22
8782,CA-2015-133585,CM-12715,FUR-BO-10001811,33,880,First Class,1228.0,6,0.32,-36.12
8783,CA-2016-116911,JD-16150,OFF-BI-10001249,612,307,Standard Class,20.42,4,0.2,6.64
8784,CA-2016-116911,JD-16150,FUR-TA-10003473,612,307,Standard Class,1128.39,3,0.0,259.53
8785,US-2017-129224,AS-10630,OFF-LA-10003190,366,295,Standard Class,4.61,2,0.2,1.67
8786,CA-2017-145765,CM-11815,TEC-PH-10001305,52,40,Standard Class,195.96,5,0.2,19.6
8787,CA-2017-145765,CM-11815,OFF-PA-10001534,52,40,Standard Class,15.55,3,0.2,5.44
8788,CA-2017-145765,CM-11815,TEC-AC-10000844,52,40,Standard Class,271.97,4,0.2,54.39
8789,CA-2017-126914,JE-15715,FUR-CH-10000847,234,141,Standard Class,698.35,3,0.2,52.38
8790,CA-2017-126914,JE-15715,FUR-BO-10000468,234,141,Standard Class,77.73,2,0.2,-3.89
8791,CA-2015-169572,AG-10525,OFF-BI-10002799,196,685,Standard Class,46.62,9,0.0,21.45
8792,CA-2017-162075,TT-21220,TEC-PH-10001557,17,258,Standard Class,537.54,7,0.2,47.04
8793,CA-2014-162992,BP-11095,OFF-LA-10001934,142,175,First Class,14.62,2,0.0,6.87
8794,CA-2014-162992,BP-11095,OFF-FA-10004248,142,175,First Class,22.55,5,0.0,8.79
8795,CA-2014-162992,BP-11095,TEC-PH-10001944,142,175,First Class,583.8,5,0.2,72.97
8796,CA-2014-162992,BP-11095,TEC-PH-10002085,142,175,First Class,211.17,4,0.2,15.84
8797,CA-2016-106397,MJ-17740,OFF-PA-10003441,13,275,Standard Class,12.96,2,0.0,6.22
8798,CA-2016-106397,MJ-17740,OFF-AR-10004602,13,275,Standard Class,45.98,2,0.0,12.87
8799,US-2016-150140,VM-21685,TEC-PH-10002555,371,1204,Standard Class,1294.75,5,0.0,336.64
8800,CA-2014-116666,KT-16480,TEC-CO-10001449,64,1205,First Class,1799.97,5,0.4,240.0
8801,CA-2017-148992,CS-12250,OFF-PA-10004285,37,52,Standard Class,10.69,2,0.2,3.74
8802,CA-2016-140935,AB-10015,TEC-PH-10000562,337,339,First Class,221.98,2,0.0,62.15
8803,CA-2016-140935,AB-10015,FUR-BO-10003966,337,339,First Class,341.96,2,0.0,54.71
8804,CA-2014-157644,AH-10030,TEC-AC-10003614,46,521,First Class,34.77,3,0.0,11.47
8805,CA-2014-157644,AH-10030,OFF-LA-10003148,46,521,First Class,18.9,3,0.0,8.69
8806,US-2017-100398,DO-13435,OFF-BI-10002133,364,972,Standard Class,102.72,3,0.2,37.24
8807,CA-2016-113082,MC-17590,FUR-FU-10002813,551,127,Standard Class,40.48,2,0.0,14.57
8808,US-2017-110646,JF-15190,OFF-BI-10004330,64,41,Standard Class,33.28,3,0.7,-27.74
8809,US-2017-110646,JF-15190,TEC-PH-10002807,64,41,Standard Class,118.65,5,0.4,19.77
8810,US-2017-110646,JF-15190,OFF-LA-10001404,64,41,Standard Class,14.76,5,0.2,4.98
8811,CA-2017-120614,SM-20950,OFF-PA-10004911,26,1110,Standard Class,37.52,4,0.0,18.01
8812,US-2016-140172,SP-20650,OFF-AP-10004233,31,388,Standard Class,207.14,3,0.1,48.33
8813,US-2016-140172,SP-20650,OFF-AR-10002766,31,388,Standard Class,13.9,5,0.0,3.75
8814,CA-2015-127754,CK-12760,FUR-CH-10003199,277,354,Standard Class,266.35,3,0.2,13.32
8815,CA-2015-144274,PW-19240,TEC-PH-10003012,50,522,Second Class,307.98,2,0.0,89.31
8816,CA-2015-144274,PW-19240,OFF-PA-10001583,50,522,Second Class,44.1,6,0.0,20.73
8817,CA-2015-144274,PW-19240,OFF-AR-10001940,50,522,Second Class,13.12,4,0.0,5.64
8818,CA-2015-144274,PW-19240,OFF-EN-10003286,50,522,Second Class,16.56,2,0.0,7.78
8819,CA-2015-144274,PW-19240,OFF-PA-10003441,50,522,Second Class,38.88,6,0.0,18.66
8820,CA-2015-142930,EB-14170,OFF-PA-10003395,111,110,Standard Class,335.52,4,0.2,117.43
8821,CA-2017-100622,DK-13090,TEC-CO-10003236,416,133,Standard Class,959.98,2,0.2,311.99
8822,CA-2017-100622,DK-13090,OFF-BI-10002982,416,133,Standard Class,4.09,2,0.7,-3.0
8823,CA-2017-100622,DK-13090,OFF-AR-10004010,416,133,Standard Class,55.98,2,0.2,4.2
8824,CA-2017-100622,DK-13090,OFF-PA-10002947,416,133,Standard Class,10.69,2,0.2,3.74
8825,CA-2017-117156,TB-21055,OFF-EN-10003845,333,709,Second Class,8.86,3,0.2,2.88
8826,CA-2015-115399,AG-10900,OFF-LA-10003190,64,547,First Class,6.91,3,0.2,2.51
8827,US-2014-157847,SC-20020,OFF-PA-10002986,15,1064,Second Class,26.72,5,0.2,9.35
8828,US-2014-157847,SC-20020,OFF-PA-10001593,15,1064,Second Class,33.49,7,0.2,10.46
8829,CA-2015-115168,BB-11545,OFF-PA-10000528,586,1118,Standard Class,10.56,2,0.0,4.75
8830,CA-2014-109680,VP-21760,OFF-ST-10001932,305,192,First Class,386.34,2,0.0,54.09
8831,CA-2016-167983,RP-19270,OFF-BI-10003727,61,1037,Second Class,33.44,10,0.2,11.7
8832,CA-2015-145324,DH-13675,FUR-FU-10002759,246,220,Standard Class,39.96,2,0.0,14.39
8833,CA-2015-153423,SW-20455,OFF-BI-10000545,145,138,Standard Class,1217.57,2,0.2,456.59
8834,US-2017-132675,KF-16285,OFF-ST-10004950,495,242,Standard Class,15.51,1,0.0,3.88
8835,US-2017-132675,KF-16285,TEC-PH-10003171,495,242,Standard Class,89.9,2,0.0,25.17
8836,US-2017-132675,KF-16285,OFF-AR-10000614,495,242,Standard Class,14.28,4,0.0,3.71
8837,US-2017-132675,KF-16285,OFF-AR-10000034,495,242,Standard Class,12.72,3,0.0,4.96
8838,US-2017-132675,KF-16285,OFF-LA-10003766,495,242,Standard Class,15.75,5,0.0,7.56
8839,CA-2014-153808,FH-14275,OFF-AR-10001725,26,323,Second Class,70.95,3,0.0,18.45
8840,CA-2014-153808,FH-14275,OFF-BI-10002794,26,323,Second Class,65.57,2,0.2,23.77
8841,CA-2014-153808,FH-14275,TEC-AC-10004171,26,323,Second Class,299.97,3,0.0,131.99
8842,US-2016-112396,JR-16210,TEC-AC-10003628,95,1206,Standard Class,89.97,3,0.0,39.59
8843,US-2016-112396,JR-16210,TEC-AC-10004761,95,1206,Standard Class,31.86,2,0.0,11.15
8844,CA-2014-141173,JC-16105,OFF-ST-10000885,40,729,Second Class,67.15,5,0.0,16.79
8845,CA-2017-156664,BP-11290,OFF-BI-10004209,48,405,Standard Class,7.24,3,0.7,-6.03
8846,CA-2017-156664,BP-11290,OFF-FA-10002988,48,405,Standard Class,4.82,3,0.2,1.75
8847,CA-2017-156664,BP-11290,OFF-PA-10002222,48,405,Standard Class,91.36,5,0.2,29.69
8848,CA-2017-156664,BP-11290,OFF-AP-10004487,48,405,Standard Class,130.11,2,0.2,13.01
8849,CA-2015-140718,FA-14230,TEC-PH-10003505,315,741,First Class,74.24,1,0.2,8.35
8850,CA-2015-140718,FA-14230,FUR-FU-10000076,315,741,First Class,159.84,10,0.2,45.95
8851,CA-2015-140718,FA-14230,OFF-BI-10004728,315,741,First Class,2.89,2,0.7,-2.31
8852,CA-2015-140718,FA-14230,OFF-PA-10002250,315,741,First Class,9.39,2,0.2,3.29
8853,CA-2014-119977,DN-13690,OFF-PA-10003823,165,1170,Second Class,123.92,4,0.0,55.76
8854,US-2015-115343,FO-14305,OFF-SU-10000898,106,358,First Class,55.6,5,0.2,6.26
8855,US-2015-115343,FO-14305,TEC-AC-10003832,106,358,First Class,617.98,3,0.2,-7.72
8856,CA-2017-163671,DP-13105,OFF-BI-10001679,430,166,Standard Class,21.31,3,0.2,7.99
8857,CA-2017-135909,JW-15220,TEC-AC-10002335,380,120,Standard Class,209.94,6,0.0,39.89
8858,CA-2017-135909,JW-15220,TEC-PH-10003187,380,120,Standard Class,31.98,2,0.2,-8.0
8859,CA-2017-135909,JW-15220,OFF-BI-10003527,380,120,Standard Class,5083.96,5,0.2,1906.48
8860,US-2017-114356,TT-21460,TEC-PH-10003171,44,649,Standard Class,35.96,1,0.2,3.6
8861,CA-2015-125934,SN-20560,OFF-LA-10000414,336,862,Standard Class,31.05,3,0.0,14.9
8862,CA-2015-125934,SN-20560,FUR-FU-10002107,336,862,Standard Class,8.92,4,0.0,3.92
8863,CA-2015-125934,SN-20560,OFF-BI-10004593,336,862,Standard Class,209.6,4,0.0,96.42
8864,CA-2015-125934,SN-20560,OFF-AP-10003860,336,862,Standard Class,111.04,4,0.0,29.98
8865,CA-2015-125934,SN-20560,OFF-PA-10000556,336,862,Standard Class,38.88,6,0.0,18.66
8866,CA-2015-158148,JM-15865,OFF-AP-10003281,102,140,Standard Class,36.27,3,0.0,10.88
8867,CA-2014-120411,SB-20185,FUR-BO-10004218,156,60,First Class,493.43,5,0.3,-70.49
8868,CA-2014-120411,SB-20185,TEC-PH-10002185,156,60,First Class,11.12,2,0.2,3.48
8869,CA-2016-158260,CC-12475,TEC-MA-10003176,89,255,Standard Class,686.4,2,0.2,77.22
8870,CA-2017-101805,SH-19975,OFF-BI-10002003,60,97,Standard Class,15.92,5,0.2,5.37
8871,CA-2017-101805,SH-19975,FUR-FU-10000023,60,97,Standard Class,70.68,12,0.0,31.1
8872,CA-2017-101805,SH-19975,OFF-ST-10002756,60,97,Standard Class,541.24,4,0.0,5.41
8873,US-2014-105137,RB-19435,TEC-MA-10002694,48,983,Same Day,101.99,2,0.7,-71.4
8874,US-2014-105137,RB-19435,OFF-BI-10002429,48,983,Same Day,18.26,2,0.7,-13.39
8875,CA-2017-142489,TC-21295,OFF-BI-10003684,15,238,Second Class,21.99,5,0.8,-32.98
8876,US-2016-141264,CT-11995,OFF-SU-10003505,275,573,Standard Class,185.38,2,0.2,-34.76
8877,US-2016-141264,CT-11995,OFF-AP-10002534,275,573,Standard Class,58.92,1,0.8,-153.2
8878,CA-2017-126928,GZ-14470,TEC-MA-10004626,93,698,Standard Class,480.0,4,0.0,225.6
8879,CA-2017-126928,GZ-14470,OFF-ST-10000615,93,698,Standard Class,34.05,3,0.0,9.53
8880,US-2015-107944,AM-10360,OFF-PA-10000659,142,392,First Class,192.72,11,0.0,92.51
8881,US-2015-107944,AM-10360,TEC-AC-10000736,142,392,First Class,239.97,3,0.0,86.39
8882,CA-2016-135594,AH-10120,TEC-AC-10003038,174,1187,Second Class,50.12,7,0.2,-0.63
8883,US-2017-115252,MY-18295,TEC-PH-10004071,36,180,Standard Class,15.98,2,0.2,1.4
8884,US-2017-115252,MY-18295,OFF-PA-10001667,36,180,Standard Class,14.35,3,0.2,4.49
8885,CA-2014-107398,BS-11590,OFF-BI-10001982,48,56,Standard Class,6.53,4,0.7,-4.57
8886,CA-2014-107398,BS-11590,OFF-BI-10004141,48,56,Standard Class,2.86,3,0.7,-2.29
8887,CA-2014-107398,BS-11590,OFF-BI-10002103,48,56,Standard Class,20.86,8,0.7,-16.68
8888,CA-2014-169642,BB-10990,OFF-ST-10002574,2,924,Second Class,276.28,2,0.0,0.0
8889,CA-2017-103968,ML-17755,FUR-FU-10003394,353,97,Standard Class,629.64,9,0.0,107.04
8890,CA-2016-147256,FC-14245,TEC-PH-10003072,340,509,Second Class,449.97,3,0.0,220.49
8891,CA-2016-147256,FC-14245,OFF-AP-10003057,340,509,Second Class,1927.59,7,0.0,751.76
8892,CA-2016-162159,CR-12625,FUR-CH-10001146,113,1143,First Class,121.78,2,0.0,30.44
8893,CA-2015-111038,LC-16960,FUR-CH-10003973,89,495,Standard Class,2676.67,9,0.2,267.67
8894,CA-2014-124723,GZ-14470,FUR-TA-10001307,575,80,Standard Class,489.23,2,0.3,41.93
8895,CA-2016-167241,BD-11320,FUR-FU-10004071,26,244,Standard Class,312.03,3,0.0,43.68
8896,CA-2016-167241,BD-11320,OFF-ST-10001505,26,244,Standard Class,17.94,3,0.0,3.05
8897,CA-2016-167241,BD-11320,TEC-PH-10004614,26,244,Standard Class,165.6,3,0.2,10.35
8898,CA-2016-167241,BD-11320,OFF-PA-10004911,26,244,Standard Class,37.52,4,0.0,18.01
8899,CA-2015-163237,EM-14095,TEC-PH-10003601,29,977,Second Class,494.97,3,0.0,148.49
8900,CA-2015-163237,EM-14095,OFF-LA-10004545,29,977,Second Class,25.06,2,0.0,11.78
8901,CA-2016-150483,BP-11290,FUR-FU-10001379,68,1207,Standard Class,32.06,3,0.6,-12.83
8902,CA-2016-150483,BP-11290,OFF-PA-10001846,68,1207,Standard Class,18.5,4,0.2,6.7
8903,CA-2016-150483,BP-11290,FUR-CH-10000422,68,1207,Standard Class,191.08,3,0.3,-38.22
8904,CA-2016-150483,BP-11290,OFF-PA-10004621,68,1207,Standard Class,10.37,2,0.2,3.63
8905,US-2016-126431,SU-20665,OFF-LA-10001474,30,950,Same Day,30.53,1,0.0,14.04
8906,US-2016-126431,SU-20665,TEC-AC-10001635,30,950,Same Day,30.84,3,0.0,6.17
8907,US-2016-126431,SU-20665,OFF-PA-10001950,30,950,Same Day,75.06,9,0.0,33.78
8908,CA-2016-139934,AY-10555,TEC-PH-10001552,95,123,First Class,66.98,7,0.2,6.7
8909,CA-2015-109603,EM-13825,OFF-PA-10003790,521,1208,Standard Class,182.72,8,0.0,84.05
8910,CA-2017-160661,SA-20830,OFF-LA-10002475,290,961,Standard Class,21.93,3,0.0,10.31
8911,CA-2017-102610,CA-12265,TEC-AC-10000303,429,260,Standard Class,95.98,3,0.2,15.6
8912,CA-2017-102610,CA-12265,TEC-PH-10000127,429,260,Standard Class,143.93,9,0.2,-32.38
8913,CA-2017-102610,CA-12265,OFF-BI-10004364,429,260,Standard Class,3.56,2,0.7,-2.97
8914,CA-2017-102610,CA-12265,OFF-LA-10002195,429,260,Standard Class,4.93,2,0.2,1.72
8915,US-2016-144057,CV-12805,OFF-ST-10001490,111,196,Standard Class,856.66,6,0.2,107.08
8916,US-2016-144057,CV-12805,OFF-BI-10002852,111,196,Standard Class,13.18,4,0.8,-20.44
8917,US-2016-144057,CV-12805,OFF-AP-10000390,111,196,Standard Class,48.78,4,0.8,-131.72
8918,US-2016-144057,CV-12805,OFF-PA-10004327,111,196,Standard Class,76.64,2,0.2,26.82
8919,US-2016-144057,CV-12805,OFF-BI-10002353,111,196,Standard Class,18.53,6,0.8,-27.79
8920,CA-2014-160276,AH-10690,FUR-FU-10003192,221,1064,Standard Class,177.68,2,0.0,46.2
8921,CA-2014-132983,DS-13180,TEC-AC-10000736,391,583,Standard Class,159.98,2,0.0,57.59
8922,CA-2016-145709,AH-10690,TEC-PH-10003095,613,965,Standard Class,52.68,3,0.2,19.76
8923,CA-2016-145709,AH-10690,FUR-FU-10002885,613,965,Standard Class,11.57,3,0.2,2.6
8924,CA-2017-133928,ZC-21910,OFF-BI-10001525,449,533,Standard Class,4.57,4,0.7,-3.81
8925,CA-2016-168032,DF-13135,TEC-PH-10004241,229,807,Standard Class,1439.97,4,0.2,144.0
8926,CA-2016-168032,DF-13135,OFF-BI-10000546,229,807,Standard Class,1.73,3,0.8,-2.68
8927,CA-2016-168032,DF-13135,FUR-TA-10004256,229,807,Standard Class,626.1,3,0.5,-538.45
8928,CA-2015-143616,SS-20140,OFF-AR-10002067,6,875,Second Class,99.2,5,0.0,25.79
8929,US-2015-168704,FP-14320,FUR-TA-10000688,144,658,Standard Class,609.98,4,0.3,-113.28
8930,US-2015-168704,FP-14320,FUR-TA-10002530,144,658,Standard Class,211.37,2,0.3,-45.29
8931,US-2015-168704,FP-14320,TEC-PH-10001061,144,658,Standard Class,239.98,3,0.2,18.0
8932,CA-2017-143252,HE-14800,FUR-FU-10001057,202,405,Standard Class,99.95,5,0.0,22.99
8933,CA-2017-143252,HE-14800,TEC-AC-10002331,202,405,Standard Class,29.34,3,0.0,10.86
8934,CA-2016-102134,SP-20545,FUR-FU-10003724,157,561,Standard Class,16.74,2,0.0,4.35
8935,CA-2017-130036,BP-11185,OFF-PA-10000528,75,152,Same Day,12.67,3,0.2,3.96
8936,CA-2017-130036,BP-11185,TEC-AC-10001908,75,152,Same Day,1119.89,14,0.2,209.98
8937,CA-2015-134117,PG-18895,OFF-AR-10003903,142,998,Second Class,204.85,5,0.0,53.26
8938,CA-2015-134117,PG-18895,TEC-PH-10004908,142,998,Second Class,135.98,2,0.2,17.0
8939,CA-2015-134117,PG-18895,OFF-AR-10001940,142,998,Second Class,16.4,5,0.0,7.05
8940,CA-2015-134117,PG-18895,OFF-BI-10002026,142,998,Second Class,92.96,2,0.2,31.37
8941,CA-2014-130918,JP-15520,OFF-SU-10003936,452,964,Second Class,7.63,3,0.2,-1.81
8942,CA-2016-159023,NW-18400,OFF-BI-10002813,41,55,First Class,4.16,7,0.7,-3.46
8943,CA-2016-159023,NW-18400,TEC-MA-10003337,41,55,First Class,179.99,3,0.7,-251.99
8944,CA-2017-111717,SW-20245,FUR-CH-10001545,174,1209,Standard Class,239.36,3,0.3,-47.87
8945,CA-2014-154592,EH-14005,OFF-PA-10000062,10,1036,First Class,164.88,3,0.0,80.79
8946,CA-2014-128622,SC-20260,OFF-SU-10001574,95,648,Second Class,10.95,3,0.0,3.28
8947,CA-2017-148355,NC-18535,OFF-PA-10001972,274,166,Standard Class,19.44,3,0.0,9.33
8948,CA-2017-148355,NC-18535,OFF-BI-10000201,274,166,Standard Class,12.3,5,0.0,6.15
8949,CA-2014-132913,AS-10090,OFF-AP-10003278,89,164,First Class,13.97,1,0.0,3.63
8950,CA-2017-150910,JL-15130,FUR-TA-10002903,281,67,Standard Class,934.96,6,0.4,-249.32
8951,CA-2017-150910,JL-15130,TEC-AC-10001013,281,67,Standard Class,46.86,2,0.2,7.62
8952,CA-2017-150910,JL-15130,OFF-ST-10000918,281,67,Standard Class,26.16,3,0.2,1.96
8953,CA-2017-150910,JL-15130,OFF-AR-10001419,281,67,Standard Class,23.13,7,0.2,2.89
8954,CA-2017-150910,JL-15130,OFF-AP-10003266,281,67,Standard Class,59.24,5,0.2,16.29
8955,CA-2014-156790,VG-21790,FUR-BO-10000468,134,234,Second Class,155.46,4,0.2,-7.77
8956,CA-2014-126480,HG-14965,OFF-PA-10004610,143,60,Standard Class,8.56,2,0.0,3.85
8957,CA-2017-105620,JH-15430,FUR-FU-10004963,187,54,First Class,21.0,3,0.2,5.78
8958,CA-2017-105620,JH-15430,TEC-MA-10004626,187,54,First Class,120.0,2,0.5,-7.2
8959,CA-2017-150266,RO-19780,TEC-PH-10003437,33,921,Standard Class,299.96,5,0.2,37.49
8960,CA-2017-150266,RO-19780,OFF-AP-10002867,33,921,Standard Class,67.84,5,0.8,-179.78
8961,CA-2017-150266,RO-19780,FUR-CH-10002126,33,921,Standard Class,853.93,5,0.3,-24.4
8962,CA-2017-150266,RO-19780,OFF-AR-10001761,33,921,Standard Class,18.69,4,0.2,3.74
8963,CA-2016-157280,LW-17125,FUR-FU-10004665,221,733,First Class,273.96,2,0.0,71.23
8964,CA-2016-157280,LW-17125,TEC-AC-10000057,221,733,First Class,89.97,3,0.0,18.89
8965,CA-2016-157280,LW-17125,FUR-FU-10003806,221,733,First Class,756.8,5,0.0,75.68
8966,CA-2017-106691,CC-12370,OFF-BI-10000145,33,45,Standard Class,1.25,2,0.8,-1.93
8967,CA-2016-134180,JP-16135,TEC-AC-10000892,75,55,Standard Class,72.0,1,0.2,14.4
8968,CA-2016-134180,JP-16135,FUR-CH-10004886,75,55,Standard Class,470.16,7,0.3,-13.43
8969,CA-2014-166730,DD-13570,OFF-ST-10002554,32,126,First Class,39.13,1,0.2,-8.8
8970,CA-2017-157469,ES-14080,OFF-AR-10001662,347,575,Standard Class,19.73,9,0.2,1.73
8971,CA-2017-157469,ES-14080,TEC-PH-10004531,347,575,Standard Class,151.19,2,0.4,-25.2
8972,CA-2017-122308,MV-17485,FUR-CH-10000665,165,669,Standard Class,271.76,2,0.1,60.39
8973,US-2014-149034,RD-19900,TEC-AC-10003023,75,85,First Class,47.5,1,0.2,-1.19
8974,CA-2017-159226,RL-19615,FUR-BO-10004709,142,1017,Second Class,344.98,7,0.15,28.41
8975,CA-2017-156622,JP-15460,OFF-PA-10000477,78,52,First Class,36.29,7,0.2,12.7
8976,CA-2017-156622,JP-15460,OFF-PA-10002923,78,52,First Class,78.3,2,0.2,29.36
8977,CA-2017-156622,JP-15460,FUR-TA-10003008,78,52,First Class,127.78,1,0.3,-31.03
8978,CA-2017-156622,JP-15460,OFF-BI-10003707,78,52,First Class,6.1,2,0.8,-9.16
8979,CA-2014-119529,DM-13345,OFF-BI-10000546,417,936,Second Class,5.76,2,0.0,2.82
8980,CA-2015-150413,CS-11860,OFF-BI-10000404,78,325,Second Class,1.72,1,0.8,-2.84
8981,CA-2014-108182,DL-13315,OFF-BI-10001196,614,645,Second Class,8.95,2,0.8,-14.77
8982,CA-2016-110898,LC-16870,OFF-AP-10001626,37,1194,Standard Class,2.33,3,0.8,-6.3
8983,CA-2016-110898,LC-16870,OFF-BI-10004656,37,1194,Standard Class,1.73,4,0.8,-2.76
8984,CA-2016-110898,LC-16870,FUR-FU-10003773,37,1194,Standard Class,159.04,5,0.6,-194.82
8985,CA-2016-110898,LC-16870,FUR-TA-10000849,37,1194,Standard Class,145.98,2,0.5,-99.27
8986,CA-2015-123092,JG-15115,FUR-FU-10000222,223,156,Standard Class,77.95,3,0.2,12.67
8987,CA-2015-123092,JG-15115,OFF-BI-10001718,223,156,Standard Class,95.97,5,0.7,-73.58
8988,CA-2015-123092,JG-15115,TEC-PH-10001700,223,156,Standard Class,105.58,2,0.2,9.24
8989,CA-2015-123092,JG-15115,OFF-AR-10004078,223,156,Standard Class,9.34,2,0.2,1.17
8990,US-2015-128587,HM-14860,FUR-FU-10003026,335,101,Standard Class,9.68,2,0.0,3.78
8991,US-2015-128587,HM-14860,TEC-CO-10003763,335,101,Standard Class,4899.93,7,0.0,2302.97
8992,US-2017-139577,TN-21040,TEC-AC-10004708,95,173,Standard Class,104.75,5,0.0,22.0
8993,CA-2017-159100,VP-21760,TEC-AC-10003499,85,525,Standard Class,18.53,2,0.2,4.4
8994,CA-2017-159100,VP-21760,FUR-TA-10001950,85,525,Standard Class,1875.26,7,0.4,-968.88
8995,CA-2014-109043,CS-12355,OFF-PA-10000312,476,861,First Class,91.36,5,0.2,29.69
8996,CA-2014-109043,CS-12355,OFF-AP-10004708,476,861,First Class,152.24,5,0.2,17.13
8997,US-2017-116491,PG-18820,TEC-PH-10004531,177,344,First Class,35.18,2,0.2,12.31
8998,CA-2017-122763,HG-14845,OFF-PA-10000474,17,178,Same Day,56.7,2,0.2,19.14
8999,CA-2017-122763,HG-14845,OFF-PA-10002377,17,178,Same Day,274.06,7,0.2,102.77
9000,CA-2017-137785,MH-18115,FUR-CH-10001482,12,727,Standard Class,458.43,5,0.3,-124.43
9001,CA-2014-133389,TB-21280,OFF-BI-10001553,52,170,Same Day,8.23,3,0.7,-6.03
9002,CA-2014-103807,EM-13825,TEC-AC-10000199,495,267,Standard Class,5.95,1,0.0,0.83
9003,CA-2014-103807,EM-13825,OFF-PA-10002195,495,267,Standard Class,15.24,3,0.0,7.16
9004,CA-2015-102855,JF-15415,TEC-AC-10001767,322,58,Same Day,239.94,6,0.0,26.39
9005,CA-2015-102855,JF-15415,OFF-AR-10002467,322,58,Same Day,23.84,8,0.0,6.44
9006,CA-2017-107825,NB-18655,OFF-ST-10001321,202,552,Same Day,92.52,6,0.0,24.98
9007,CA-2017-107825,NB-18655,OFF-ST-10000777,202,552,Same Day,37.76,1,0.0,10.57
9008,CA-2017-107825,NB-18655,OFF-LA-10003720,202,552,Same Day,7.38,2,0.0,3.47
9009,CA-2017-107825,NB-18655,FUR-FU-10000206,202,552,Same Day,5.82,2,0.0,2.74
9010,CA-2017-106047,CS-11860,OFF-PA-10000791,324,1210,Standard Class,3.82,1,0.2,1.19
9011,CA-2017-127803,ND-18460,OFF-BI-10001787,365,241,Standard Class,26.16,4,0.0,12.82
9012,CA-2015-137071,ED-13885,TEC-AC-10004353,67,140,First Class,100.8,2,0.2,21.42
9013,CA-2016-121447,EA-14035,FUR-FU-10001861,165,824,First Class,135.8,7,0.0,66.54
9014,CA-2017-143084,BP-11050,OFF-AR-10002766,142,258,Standard Class,13.9,5,0.0,3.75
9015,CA-2017-143084,BP-11050,OFF-EN-10003072,142,258,Standard Class,19.4,5,0.0,9.31
9016,CA-2016-131639,NS-18640,OFF-BI-10001636,65,908,Standard Class,13.49,2,0.2,4.38
9017,CA-2016-131639,NS-18640,OFF-BI-10000948,65,908,Standard Class,11.42,1,0.2,3.85
9018,CA-2016-161361,MV-17485,OFF-PA-10001838,544,254,Second Class,17.64,3,0.0,8.64
9019,CA-2016-161361,MV-17485,OFF-BI-10002215,544,254,Second Class,17.04,3,0.2,5.54
9020,CA-2014-100706,LE-16810,TEC-AC-10001314,29,758,Second Class,99.98,2,0.0,8.0
9021,CA-2014-100706,LE-16810,FUR-FU-10002268,29,758,Second Class,29.46,6,0.0,9.72
9022,CA-2015-129525,VP-21760,OFF-BI-10002133,214,220,Standard Class,166.92,13,0.7,-116.84
9023,US-2016-141880,TC-21475,FUR-FU-10001979,377,251,First Class,98.33,3,0.2,9.83
9024,CA-2015-165799,SG-20470,FUR-CH-10001482,24,686,First Class,117.88,1,0.1,1.31
9025,CA-2016-102127,VP-21760,TEC-AC-10002018,46,191,Standard Class,20.97,3,0.0,9.02
9026,CA-2016-102127,VP-21760,TEC-AC-10000397,46,191,Standard Class,139.96,4,0.0,9.8
9027,CA-2016-102127,VP-21760,FUR-FU-10003976,46,191,Standard Class,37.74,3,0.0,12.83
9028,US-2016-152415,PO-18865,FUR-FU-10002597,615,43,Standard Class,14.82,3,0.0,6.22
9029,US-2016-152415,PO-18865,FUR-FU-10004864,615,43,Standard Class,191.82,3,0.0,61.38
9030,CA-2014-138198,JL-15130,OFF-BI-10002103,132,668,Standard Class,13.9,2,0.2,4.52
9031,CA-2017-128041,RW-19540,OFF-AP-10001005,6,854,Same Day,314.6,4,0.0,103.82
9032,CA-2017-128041,RW-19540,FUR-TA-10002607,6,854,Same Day,283.56,4,0.0,45.37
9033,CA-2017-105823,RB-19465,FUR-CH-10000454,84,739,Standard Class,487.96,2,0.0,146.39
9034,CA-2014-152268,SC-20095,OFF-BI-10001359,146,815,Standard Class,1793.98,2,0.0,843.17
9035,CA-2015-148873,EM-13960,OFF-BI-10003196,117,487,Standard Class,2.99,4,0.8,-4.49
9036,CA-2015-148873,EM-13960,TEC-AC-10003657,117,487,Standard Class,108.77,4,0.2,2.72
9037,CA-2015-166492,RP-19390,OFF-PA-10002262,46,1004,First Class,25.92,4,0.0,12.44
9038,CA-2015-166492,RP-19390,OFF-ST-10002214,46,1004,First Class,22.58,2,0.0,5.87
9039,CA-2017-157420,HZ-14950,TEC-PH-10003555,15,611,Same Day,55.18,3,0.2,-12.41
9040,CA-2016-117121,AB-10105,OFF-BI-10000545,186,908,Standard Class,9892.74,13,0.0,4946.37
9041,CA-2014-138177,ND-18460,FUR-TA-10004607,524,112,Standard Class,73.92,1,0.5,-45.83
9042,CA-2014-114335,XP-21865,FUR-FU-10000277,476,451,Standard Class,337.09,4,0.2,16.85
9043,CA-2015-168760,MM-18280,OFF-AP-10004532,14,358,Second Class,61.44,3,0.0,16.59
9044,CA-2016-168830,ML-17395,TEC-AC-10003911,35,78,Standard Class,479.97,3,0.0,163.19
9045,CA-2017-137463,KM-16225,OFF-BI-10003196,355,820,Second Class,5.98,2,0.2,2.24
9046,CA-2017-137463,KM-16225,TEC-AC-10000358,355,820,Second Class,189.95,5,0.0,45.59
9047,CA-2017-137463,KM-16225,TEC-AC-10000057,355,820,Second Class,149.95,5,0.0,31.49
9048,CA-2017-137463,KM-16225,OFF-AR-10001988,355,820,Second Class,29.95,5,0.0,8.69
9049,CA-2017-137463,KM-16225,OFF-LA-10003498,355,820,Second Class,44.4,3,0.0,22.2
9050,CA-2014-124513,SL-20155,OFF-AR-10002956,165,159,Standard Class,66.03,3,0.0,17.17
9051,CA-2015-165554,AJ-10780,OFF-PA-10003724,26,1211,Standard Class,10.86,2,0.0,5.32
9052,CA-2014-141838,DK-12835,OFF-AR-10004272,35,960,Second Class,3.36,2,0.0,0.84
9053,CA-2014-141838,DK-12835,OFF-BI-10003291,35,960,Second Class,27.94,4,0.2,9.43
9054,CA-2014-141838,DK-12835,TEC-PH-10004100,35,960,Second Class,28.78,2,0.2,2.88
9055,CA-2017-117009,BK-11260,OFF-SU-10001218,201,586,Standard Class,21.96,2,0.0,6.15
9056,CA-2015-128993,CC-12670,TEC-AC-10004209,6,812,Second Class,21.98,2,0.0,8.57
9057,CA-2015-160227,ED-13885,FUR-CH-10002073,165,122,First Class,2621.32,11,0.1,553.39
9058,CA-2015-149097,SV-20785,FUR-FU-10003424,63,1183,Standard Class,74.76,7,0.0,23.92
9059,CA-2015-149097,SV-20785,FUR-TA-10001086,63,1183,Standard Class,364.78,3,0.2,27.36
9060,CA-2016-132304,AR-10825,FUR-TA-10004619,6,404,Standard Class,1115.17,7,0.0,334.55
9061,CA-2015-136420,CS-12250,OFF-BI-10002854,143,313,First Class,89.7,4,0.2,33.64
9062,CA-2015-136420,CS-12250,OFF-LA-10002762,143,313,First Class,50.12,4,0.0,23.56
9063,CA-2016-101623,RR-19525,OFF-FA-10003495,46,1212,Standard Class,36.48,6,0.0,18.24
9064,US-2014-151015,BD-11500,OFF-PA-10002581,156,1006,Standard Class,322.19,13,0.2,100.68
9065,US-2014-151015,BD-11500,OFF-BI-10000343,156,1006,Standard Class,2.95,3,0.8,-4.86
9066,US-2014-151015,BD-11500,OFF-PA-10001184,156,1006,Standard Class,19.14,4,0.2,6.94
9067,CA-2017-152968,BM-11785,TEC-AC-10000521,246,1144,Standard Class,23.08,2,0.0,6.92
9068,CA-2016-150077,MS-17365,TEC-PH-10002890,249,1085,Standard Class,90.48,2,0.0,23.52
9069,CA-2016-106278,BM-11140,FUR-CH-10003061,120,477,Second Class,215.98,3,0.2,-2.7
9070,CA-2016-106278,BM-11140,OFF-EN-10003567,120,477,Second Class,65.94,3,0.0,30.99
9071,CA-2017-147550,KE-16420,FUR-FU-10001918,64,770,First Class,11.35,3,0.2,2.7
9072,CA-2015-136105,SZ-20035,OFF-ST-10002444,135,822,Standard Class,24.56,2,0.0,6.88
9073,CA-2016-142524,MB-18085,OFF-EN-10003286,335,914,Standard Class,16.56,2,0.0,7.78
9074,CA-2016-142524,MB-18085,TEC-AC-10000109,335,914,Standard Class,279.95,5,0.0,67.19
9075,CA-2014-136336,DB-13555,OFF-ST-10002574,1,420,Standard Class,828.84,6,0.0,0.0
9076,US-2015-136259,CB-12415,OFF-BI-10000773,347,600,First Class,7.22,3,0.7,-5.53
9077,US-2015-136259,CB-12415,OFF-SU-10004661,347,600,First Class,27.2,4,0.2,2.04
9078,US-2014-124625,SP-20650,TEC-AC-10003280,199,936,Standard Class,89.97,3,0.0,18.89
9079,CA-2016-108105,GW-14605,FUR-FU-10003773,1,596,Standard Class,318.08,4,0.0,34.99
9080,CA-2016-108105,GW-14605,OFF-BI-10002412,1,596,Standard Class,5.8,1,0.0,2.61
9081,CA-2017-166898,KH-16630,TEC-PH-10002564,201,221,Second Class,143.95,6,0.2,17.99
9082,CA-2017-166898,KH-16630,OFF-PA-10002262,201,221,Second Class,19.44,3,0.0,9.33
9083,CA-2017-169005,BG-11035,OFF-AR-10000246,29,809,Standard Class,5.56,2,0.0,1.45
9084,CA-2015-104038,LO-17170,OFF-ST-10002554,304,526,First Class,146.73,3,0.0,2.93
9085,CA-2015-104038,LO-17170,OFF-PA-10002751,304,526,First Class,29.9,5,0.0,13.46
9086,CA-2016-126102,DV-13465,OFF-BI-10004318,14,546,Second Class,276.78,2,0.2,89.95
9087,CA-2016-143406,LR-17035,OFF-AP-10001564,17,183,Standard Class,93.03,2,0.8,-251.19
9088,CA-2016-143406,LR-17035,FUR-CH-10000513,17,183,Standard Class,454.96,5,0.3,-136.49
9089,CA-2015-150308,RR-19525,TEC-PH-10001433,183,84,Standard Class,246.17,3,0.2,21.54
9090,CA-2016-131093,TS-21610,OFF-ST-10002790,158,43,Second Class,295.4,5,0.2,-62.77
9091,US-2017-148831,AH-10210,OFF-ST-10002974,176,120,First Class,348.56,8,0.0,104.57
9092,CA-2015-162950,DW-13585,OFF-PA-10003177,413,1142,Second Class,15.55,3,0.2,5.44
9093,CA-2015-162950,DW-13585,FUR-BO-10001918,413,1142,Second Class,482.94,6,0.5,-376.69
9094,US-2015-132836,AJ-10945,TEC-PH-10001299,84,933,Standard Class,299.98,2,0.0,83.99
9095,US-2015-132836,AJ-10945,OFF-BI-10004224,84,933,Standard Class,403.68,6,0.0,181.66
9096,US-2015-132836,AJ-10945,TEC-PH-10001300,84,933,Standard Class,41.9,2,0.0,11.73
9097,US-2015-132836,AJ-10945,OFF-LA-10004178,84,933,Standard Class,28.91,7,0.0,13.3
9098,US-2014-158365,SV-20785,OFF-PA-10000289,464,792,Standard Class,32.4,5,0.0,15.55
9099,CA-2017-152933,MG-17650,TEC-PH-10002085,177,387,Standard Class,369.54,7,0.2,27.72
9100,CA-2017-152933,MG-17650,OFF-PA-10001934,177,387,Standard Class,10.37,2,0.2,3.76
9101,CA-2017-152933,MG-17650,TEC-AC-10003033,177,387,Standard Class,791.88,3,0.2,128.68
9102,CA-2015-163181,AB-10105,OFF-AR-10001683,17,210,Standard Class,23.64,3,0.2,5.32
9103,CA-2015-163181,AB-10105,OFF-ST-10001713,17,210,Standard Class,84.78,2,0.2,-16.96
9104,CA-2015-163181,AB-10105,FUR-FU-10000193,17,210,Standard Class,64.96,5,0.6,-84.45
9105,CA-2015-163181,AB-10105,OFF-BI-10000474,17,210,Standard Class,32.06,10,0.8,-51.3
9106,CA-2015-163181,AB-10105,OFF-ST-10000129,17,210,Standard Class,177.65,2,0.2,-28.87
9107,CA-2015-163181,AB-10105,TEC-MA-10001016,17,210,Standard Class,287.91,3,0.4,33.59
9108,CA-2015-132941,MM-18280,OFF-SU-10002557,399,443,First Class,22.37,2,0.2,1.68
9109,CA-2015-132941,MM-18280,OFF-PA-10002160,399,443,First Class,32.37,7,0.2,11.73
9110,CA-2015-132941,MM-18280,TEC-AC-10003095,399,443,First Class,207.98,2,0.2,36.4
9111,CA-2014-132010,MA-17995,OFF-EN-10003160,196,304,First Class,36.4,5,0.0,17.47
9112,CA-2014-132010,MA-17995,TEC-AC-10001542,196,304,First Class,22.96,2,0.0,4.36
9113,CA-2014-132010,MA-17995,OFF-ST-10003641,196,304,First Class,315.2,4,0.0,6.3
9114,CA-2014-132010,MA-17995,OFF-BI-10002432,196,304,First Class,15.18,3,0.0,7.13
9115,CA-2016-135461,EB-13975,TEC-PH-10004094,14,570,Second Class,623.96,5,0.2,39.0
9116,CA-2017-153045,NS-18505,TEC-PH-10001817,12,618,Second Class,429.6,2,0.4,-93.08
9117,CA-2017-153045,NS-18505,FUR-FU-10002759,12,618,Second Class,31.97,2,0.2,6.39
9118,CA-2017-153045,NS-18505,FUR-CH-10000309,12,618,Second Class,887.27,3,0.3,-63.38
9119,CA-2017-153045,NS-18505,OFF-PA-10003673,12,618,Second Class,21.7,4,0.2,7.05
9120,US-2016-155971,RB-19795,OFF-LA-10000452,2,113,Standard Class,22.05,7,0.0,10.58
9121,US-2016-155971,RB-19795,OFF-PA-10000210,2,113,Standard Class,99.9,5,0.0,46.95
9122,CA-2017-122007,JK-15325,OFF-AP-10000358,4,258,Second Class,90.86,7,0.0,26.35
9123,CA-2017-162250,PR-18880,OFF-PA-10002137,10,222,Same Day,7.78,1,0.0,3.5
9124,US-2016-158288,EH-13945,OFF-BI-10003364,75,492,Second Class,78.76,9,0.7,-57.76
9125,CA-2016-128916,MA-17560,FUR-FU-10001940,33,299,Second Class,9.55,3,0.6,-3.82
9126,CA-2016-128916,MA-17560,FUR-FU-10000320,33,299,Second Class,5.34,4,0.6,-2.14
9127,CA-2015-157028,MA-17995,OFF-AR-10004441,405,110,Standard Class,8.28,2,0.0,3.48
9128,CA-2017-112473,JL-15505,OFF-ST-10002182,33,1127,Standard Class,50.14,3,0.2,-11.28
9129,US-2017-147655,AS-10045,OFF-BI-10002931,314,508,First Class,88.07,7,0.7,-58.72
9130,CA-2016-130911,DC-12850,FUR-BO-10004357,178,831,Second Class,301.47,3,0.5,-241.18
9131,CA-2016-130911,DC-12850,OFF-AR-10000475,178,831,Second Class,18.66,2,0.2,1.63
9132,CA-2017-100055,MD-17860,FUR-FU-10001473,616,40,Standard Class,27.46,2,0.0,9.89
9133,CA-2017-100055,MD-17860,OFF-AP-10001469,616,40,Standard Class,125.13,3,0.0,36.29
9134,CA-2015-157805,RH-19510,TEC-PH-10004447,89,285,Standard Class,555.96,5,0.2,41.7
9135,CA-2016-124254,TB-21175,OFF-ST-10001469,576,409,Standard Class,129.55,3,0.2,-22.67
9136,CA-2016-124254,TB-21175,OFF-ST-10000060,576,409,Standard Class,51.98,1,0.2,-5.2
9137,CA-2016-124254,TB-21175,OFF-PA-10000807,576,409,Standard Class,10.27,3,0.2,3.47
9138,CA-2014-123400,EB-13930,OFF-BI-10000666,105,564,Standard Class,18.34,2,0.7,-12.22
9139,CA-2014-123400,EB-13930,TEC-PH-10002890,105,564,Standard Class,180.96,5,0.2,13.57
9140,CA-2014-106971,BM-11785,TEC-AC-10000844,547,815,Standard Class,475.94,7,0.2,95.19
9141,CA-2017-123029,BT-11530,TEC-AC-10002402,14,1034,Second Class,159.98,2,0.0,47.99
9142,CA-2016-139409,FW-14395,TEC-PH-10003988,165,65,First Class,43.6,4,0.0,12.21
9143,US-2017-166688,RD-19480,OFF-BI-10004040,122,969,Standard Class,8.29,2,0.2,3.0
9144,US-2017-166688,RD-19480,TEC-PH-10004094,122,969,Standard Class,1123.13,9,0.2,70.2
9145,US-2017-166688,RD-19480,OFF-AP-10000358,122,969,Standard Class,64.9,5,0.0,18.82
9146,CA-2015-126970,TP-21130,OFF-BI-10000138,18,1182,Standard Class,2.81,3,0.8,-4.49
9147,US-2016-165505,CB-12535,TEC-AC-10002926,371,1157,Standard Class,99.98,2,0.0,42.99
9148,US-2016-165505,CB-12535,OFF-AR-10003477,371,1157,Standard Class,8.04,6,0.0,2.73
9149,US-2016-165505,CB-12535,OFF-ST-10001526,371,1157,Standard Class,1564.29,13,0.0,406.72
9150,US-2014-157070,QJ-19255,OFF-BI-10001765,152,107,Standard Class,138.56,4,0.0,66.51
9151,US-2014-157070,QJ-19255,OFF-AP-10004859,152,107,Standard Class,65.52,5,0.1,12.38
9152,US-2015-106873,KM-16720,OFF-AR-10003179,510,497,Second Class,14.58,2,0.2,2.37
9153,US-2015-106873,KM-16720,TEC-AC-10002345,510,497,Second Class,23.2,2,0.2,1.45
9154,US-2015-106873,KM-16720,OFF-AR-10001246,510,497,Second Class,16.46,7,0.2,1.85
9155,CA-2016-132990,KM-16660,FUR-FU-10004864,12,1148,Second Class,19.31,2,0.2,3.14
9156,CA-2014-102645,IM-15055,OFF-PA-10001804,122,1213,Standard Class,40.08,6,0.0,19.24
9157,CA-2014-134215,ML-17395,OFF-AP-10001271,372,473,Standard Class,101.96,2,0.0,27.53
9158,CA-2014-134215,ML-17395,OFF-PA-10004353,372,473,Standard Class,259.74,13,0.0,124.68
9159,CA-2014-134215,ML-17395,TEC-AC-10002473,372,473,Standard Class,255.42,9,0.0,104.72
9160,CA-2016-118934,GH-14410,OFF-BI-10003314,564,889,Standard Class,4.34,3,0.7,-3.04
9161,CA-2016-118934,GH-14410,OFF-BI-10004465,564,889,Standard Class,11.88,5,0.7,-7.92
9162,CA-2016-160108,AG-10900,FUR-BO-10003450,425,17,Standard Class,405.86,7,0.0,32.47
9163,CA-2016-160108,AG-10900,FUR-CH-10002335,425,17,Standard Class,680.01,3,0.0,176.8
9164,CA-2015-164007,MG-17695,TEC-AC-10003433,27,1214,Standard Class,2.38,3,0.2,0.74
9165,CA-2015-164007,MG-17695,OFF-AP-10003849,27,1214,Standard Class,143.13,2,0.8,-393.6
9166,CA-2016-100300,MJ-17740,TEC-MA-10000984,89,891,Second Class,4476.8,4,0.2,503.64
9167,CA-2016-100300,MJ-17740,OFF-PA-10000418,89,891,Second Class,104.85,1,0.0,50.33
9168,CA-2016-100300,MJ-17740,OFF-AP-10001242,89,891,Second Class,241.44,3,0.0,72.43
9169,CA-2016-140571,SJ-20125,OFF-PA-10001954,130,544,Standard Class,319.76,14,0.0,147.09
9170,CA-2016-140571,SJ-20125,OFF-PA-10001954,130,544,Standard Class,45.68,2,0.0,21.01
9171,US-2016-155768,LB-16795,FUR-FU-10000448,570,50,Same Day,31.96,2,0.0,1.6
9172,US-2016-155768,LB-16795,OFF-PA-10001357,570,50,Same Day,47.9,1,0.0,22.99
9173,US-2016-155768,LB-16795,OFF-ST-10002292,570,50,Same Day,1112.94,3,0.0,222.59
9174,US-2016-155768,LB-16795,OFF-EN-10001219,570,50,Same Day,22.92,3,0.0,11.23
9175,CA-2017-119424,SB-20185,TEC-PH-10002564,299,493,Second Class,71.98,3,0.2,9.0
9176,CA-2017-119424,SB-20185,OFF-PA-10001639,299,493,Second Class,19.44,3,0.0,9.33
9177,CA-2016-118178,CC-12610,OFF-BI-10001153,396,691,Standard Class,31.09,3,0.7,-20.72
9178,CA-2016-166618,DP-13000,TEC-PH-10003356,46,697,Standard Class,13.98,2,0.0,3.91
9179,CA-2016-166618,DP-13000,OFF-AR-10001725,46,697,Standard Class,23.65,1,0.0,6.15
9180,CA-2017-156776,JL-15505,TEC-PH-10002415,280,784,Standard Class,707.88,3,0.2,44.24
9181,CA-2017-156776,JL-15505,OFF-BI-10003355,280,784,Standard Class,11.95,3,0.2,4.18
9182,CA-2017-156776,JL-15505,OFF-BI-10000216,280,784,Standard Class,31.13,3,0.2,11.67
9183,CA-2017-156776,JL-15505,TEC-AC-10004803,280,784,Standard Class,55.76,4,0.0,7.81
9184,CA-2017-156776,JL-15505,OFF-PA-10001970,280,784,Standard Class,24.56,2,0.0,11.54
9185,CA-2017-156776,JL-15505,FUR-FU-10004848,280,784,Standard Class,51.75,1,0.0,15.52
9186,CA-2017-156776,JL-15505,FUR-CH-10002317,280,784,Standard Class,207.18,1,0.2,25.9
9187,CA-2017-156776,JL-15505,OFF-AP-10002534,280,784,Standard Class,1473.1,5,0.0,412.47
9188,US-2015-130512,SM-20320,OFF-SU-10001935,285,292,Standard Class,3.49,2,0.2,-0.7
9189,US-2015-130512,SM-20320,TEC-AC-10000290,285,292,Standard Class,21.73,4,0.2,3.8
9190,US-2015-130512,SM-20320,OFF-ST-10002574,285,292,Standard Class,663.07,6,0.2,-165.77
9191,US-2015-130512,SM-20320,OFF-BI-10004519,285,292,Standard Class,99.59,2,0.7,-82.99
9192,US-2015-130512,SM-20320,OFF-PA-10003625,285,292,Standard Class,49.57,2,0.2,15.49
9193,CA-2015-141810,BB-10990,OFF-BI-10001524,66,122,Standard Class,29.37,7,0.8,-47.0
9194,CA-2015-141810,BB-10990,TEC-PH-10002200,66,122,Standard Class,344.7,2,0.2,38.78
9195,CA-2014-146843,PB-19150,OFF-SU-10001664,510,954,Standard Class,47.99,7,0.2,3.6
9196,CA-2014-146843,PB-19150,TEC-AC-10002550,510,954,Standard Class,102.24,4,0.2,-16.61
9197,CA-2014-103310,GM-14680,OFF-PA-10004353,59,1026,Standard Class,39.96,2,0.0,19.18
9198,CA-2014-103310,GM-14680,TEC-PH-10001817,59,1026,Standard Class,1432.0,5,0.2,125.3
9199,CA-2014-103310,GM-14680,OFF-SU-10004737,59,1026,Standard Class,41.04,6,0.0,11.08
9200,CA-2014-103310,GM-14680,FUR-CH-10002320,59,1026,Standard Class,256.78,1,0.2,32.1
9201,CA-2016-152688,NR-18550,FUR-BO-10001337,348,509,First Class,120.98,1,0.0,12.1
9202,CA-2016-152688,NR-18550,OFF-BI-10004584,348,509,First Class,315.98,1,0.0,148.51
9203,CA-2016-153836,EH-13765,OFF-BI-10004817,165,860,Standard Class,28.75,3,0.2,10.06
9204,CA-2016-153836,EH-13765,OFF-AR-10004602,165,860,Standard Class,114.95,5,0.0,32.19
9205,CA-2016-104689,FH-14365,OFF-AR-10001149,26,50,Standard Class,23.04,8,0.0,6.91
9206,CA-2016-146423,BT-11680,OFF-AR-10004817,546,439,Same Day,15.48,3,0.0,4.49
9207,CA-2016-146423,BT-11680,OFF-PA-10003797,546,439,Same Day,51.84,8,0.0,24.88
9208,CA-2017-140781,AB-10105,TEC-AC-10000682,51,647,Standard Class,39.82,3,0.2,7.47
9209,CA-2017-141747,SC-20230,OFF-ST-10003996,60,647,Second Class,16.06,1,0.0,4.18
9210,CA-2017-142776,RS-19870,OFF-EN-10003160,224,158,Second Class,7.28,1,0.0,3.49
9211,CA-2017-142776,RS-19870,OFF-BI-10002012,224,158,Second Class,5.4,3,0.0,2.59
9212,CA-2015-167479,AI-10855,OFF-PA-10002105,53,949,Standard Class,19.44,3,0.0,9.33
9213,CA-2014-144071,DJ-13420,FUR-FU-10000397,95,590,Standard Class,39.88,2,0.0,11.17
9214,CA-2014-144071,DJ-13420,FUR-FU-10000758,95,590,Standard Class,79.44,3,0.0,28.6
9215,US-2017-120908,BF-10975,OFF-LA-10004677,75,1034,First Class,20.66,7,0.2,6.97
9216,CA-2016-152646,TH-21235,OFF-PA-10004451,14,832,Standard Class,32.4,5,0.0,15.55
9217,CA-2017-103765,JG-15310,OFF-AP-10002311,457,222,Standard Class,13.76,1,0.8,-24.77
9218,US-2017-118157,AW-10930,OFF-EN-10004459,40,238,First Class,15.28,2,0.0,7.49
9219,US-2015-164238,JW-15955,OFF-ST-10002352,75,749,Standard Class,44.69,7,0.2,3.35
9220,US-2015-164238,JW-15955,FUR-BO-10000780,75,749,Standard Class,301.47,3,0.5,-205.0
9221,CA-2017-103212,MH-18025,OFF-LA-10000248,300,120,First Class,11.07,3,0.0,5.2
9222,CA-2017-103212,MH-18025,FUR-TA-10003473,300,120,First Class,1504.52,4,0.0,346.04
9223,CA-2017-103212,MH-18025,OFF-PA-10004355,300,120,First Class,25.92,4,0.0,12.44
9224,CA-2017-121160,FM-14290,OFF-BI-10001308,617,260,Same Day,7.54,6,0.8,-13.19
9225,CA-2017-121160,FM-14290,OFF-BI-10003094,617,260,Same Day,1.41,2,0.8,-2.32
9226,CA-2017-121160,FM-14290,OFF-BI-10004040,617,260,Same Day,4.14,4,0.8,-6.42
9227,CA-2017-121160,FM-14290,OFF-ST-10002485,617,260,Same Day,52.75,3,0.2,-12.53
9228,CA-2017-140515,GZ-14545,OFF-AP-10001205,142,499,Standard Class,381.36,7,0.0,106.78
9229,CA-2014-153619,TC-21535,OFF-AR-10001868,14,936,Same Day,6.72,4,0.0,3.36
9230,CA-2017-133718,TB-21520,OFF-BI-10003429,63,284,First Class,15.19,3,0.2,5.51
9231,CA-2017-133718,TB-21520,OFF-PA-10002689,63,284,First Class,58.32,9,0.0,27.99
9232,CA-2014-148383,RP-19390,OFF-BI-10003650,52,423,Standard Class,946.76,6,0.7,-694.29
9233,CA-2016-126732,LR-16915,FUR-FU-10001889,2,477,Standard Class,94.68,9,0.0,31.24
9234,CA-2016-126732,LR-16915,OFF-ST-10000321,2,477,Standard Class,23.67,3,0.0,0.95
9235,CA-2016-126732,LR-16915,TEC-PH-10001530,2,477,Standard Class,1091.17,4,0.2,68.2
9236,CA-2016-126732,LR-16915,OFF-AR-10004752,2,477,Standard Class,18.69,7,0.0,5.23
9237,CA-2016-126732,LR-16915,FUR-TA-10001539,2,477,Standard Class,568.73,3,0.2,28.44
9238,CA-2016-126732,LR-16915,OFF-BI-10001553,2,477,Standard Class,7.31,1,0.2,2.56
9239,CA-2017-138156,MM-17260,FUR-FU-10003601,48,513,First Class,147.57,2,0.2,-3.69
9240,CA-2017-110310,NB-18655,OFF-PA-10001685,395,856,Standard Class,56.78,7,0.2,20.58
9241,CA-2017-110310,NB-18655,OFF-BI-10001097,395,856,Standard Class,5.61,3,0.7,-3.92
9242,CA-2017-110310,NB-18655,OFF-AR-10001662,395,856,Standard Class,6.58,3,0.2,0.58
9243,CA-2014-113271,DS-13030,OFF-BI-10002609,35,869,Standard Class,14.3,6,0.2,4.65
9244,CA-2014-113271,DS-13030,FUR-BO-10004218,35,869,Standard Class,119.83,1,0.15,7.05
9245,CA-2014-113271,DS-13030,OFF-AR-10003251,35,869,Standard Class,5.56,2,0.0,2.22
9246,CA-2014-113271,DS-13030,OFF-PA-10002365,35,869,Standard Class,32.4,5,0.0,15.55
9247,CA-2017-130106,VF-21715,OFF-AR-10003651,10,1054,Standard Class,9.84,3,0.0,2.85
9248,CA-2017-130106,VF-21715,OFF-AR-10003732,10,1054,Standard Class,2.78,1,0.0,0.72
9249,CA-2016-127761,SW-20275,OFF-BI-10002557,30,339,Standard Class,3.64,1,0.2,1.36
9250,CA-2016-127761,SW-20275,TEC-PH-10003691,30,339,Standard Class,881.93,7,0.0,220.48
9251,CA-2016-105354,PW-19030,OFF-BI-10001107,606,500,Standard Class,115.84,8,0.0,54.44
9252,CA-2017-155712,KD-16615,OFF-BI-10004224,142,581,Standard Class,107.65,2,0.2,33.64
9253,CA-2017-102309,DO-13645,TEC-AC-10001114,618,398,Second Class,199.95,5,0.0,63.98
9254,CA-2017-102309,DO-13645,OFF-PA-10002005,618,398,Second Class,12.96,2,0.0,6.22
9255,CA-2014-168368,GA-14725,FUR-CH-10001146,340,1059,Second Class,60.89,1,0.0,15.22
9256,CA-2014-168368,GA-14725,OFF-LA-10004853,340,1059,Second Class,14.94,3,0.0,6.87
9257,CA-2014-168368,GA-14725,OFF-BI-10004728,340,1059,Second Class,9.64,2,0.0,4.43
9258,CA-2014-168368,GA-14725,FUR-FU-10002298,340,1059,Second Class,332.94,3,0.0,53.27
9259,CA-2014-168368,GA-14725,OFF-BI-10004654,340,1059,Second Class,51.9,3,0.0,24.39
9260,CA-2014-168368,GA-14725,OFF-ST-10002583,340,1059,Second Class,64.96,2,0.0,2.6
9261,CA-2017-167976,JL-15505,OFF-SU-10004661,619,344,Second Class,25.5,3,0.0,6.63
9262,CA-2017-111388,SU-20665,FUR-CH-10003061,6,265,Same Day,215.98,3,0.2,-2.7
9263,CA-2015-124499,FM-14380,FUR-CH-10000513,84,331,Standard Class,389.97,3,0.0,35.1
9264,CA-2015-124499,FM-14380,OFF-AP-10002191,84,331,Standard Class,269.91,5,0.1,53.98
9265,US-2017-128118,MY-17380,OFF-BI-10000216,32,222,Standard Class,11.67,3,0.7,-7.78
9266,US-2017-128118,MY-17380,OFF-EN-10003448,32,222,Standard Class,64.85,7,0.2,24.32
9267,CA-2014-125759,NM-18445,FUR-FU-10002111,284,1215,First Class,14.56,2,0.0,5.53
9268,CA-2015-151869,CS-11950,FUR-CH-10001545,266,13,Same Day,102.58,1,0.1,6.84
9269,CA-2015-151869,CS-11950,OFF-PA-10002947,266,13,Same Day,20.04,3,0.0,9.62
9270,US-2017-102183,PK-19075,OFF-BI-10003476,46,171,Standard Class,32.09,7,0.2,11.23
9271,US-2017-102183,PK-19075,OFF-BI-10001359,46,171,Standard Class,4305.55,6,0.2,1453.12
9272,CA-2016-100510,HM-14860,FUR-FU-10000320,24,537,Standard Class,10.02,3,0.0,4.41
9273,CA-2016-100510,HM-14860,TEC-PH-10001835,24,537,Standard Class,631.96,4,0.0,303.34
9274,CA-2017-146983,AH-10210,OFF-BI-10003650,1,265,Standard Class,1577.94,3,0.0,757.41
9275,US-2014-134054,FC-14335,OFF-AR-10000937,384,983,Same Day,255.85,7,0.0,112.57
9276,CA-2016-113236,CP-12085,OFF-ST-10000532,573,440,Second Class,184.7,6,0.2,13.85
9277,CA-2016-113236,CP-12085,TEC-AC-10001267,573,440,Second Class,47.92,2,0.2,11.98
9278,CA-2017-122539,SC-20305,OFF-LA-10004853,12,97,Standard Class,15.94,4,0.2,5.18
9279,CA-2017-122539,SC-20305,OFF-BI-10001759,12,97,Standard Class,8.0,7,0.7,-5.6
9280,CA-2017-122539,SC-20305,FUR-CH-10003379,12,97,Standard Class,398.97,2,0.3,-28.5
9281,CA-2016-166772,HJ-14875,FUR-BO-10002853,60,874,Standard Class,163.88,2,0.0,40.97
9282,US-2017-152898,CB-12025,OFF-AP-10000027,196,221,Standard Class,67.9,5,0.0,20.37
9283,CA-2016-160486,EH-14185,OFF-PA-10002421,583,946,Standard Class,72.22,4,0.2,25.28
9284,CA-2017-102218,LW-17215,OFF-LA-10002475,377,265,Second Class,11.7,2,0.2,3.95
9285,CA-2014-161032,MK-17905,FUR-CH-10001482,57,729,Standard Class,392.94,3,0.0,43.22
9286,CA-2015-102778,JH-15820,FUR-FU-10000087,234,83,First Class,18.18,1,0.2,4.77
9287,CA-2017-154011,DB-13270,OFF-BI-10003166,177,250,Standard Class,6.89,3,0.8,-11.02
9288,CA-2017-154011,DB-13270,FUR-TA-10000688,177,250,Standard Class,457.48,3,0.3,-84.96
9289,US-2017-165456,TB-21625,FUR-CH-10003981,64,330,First Class,1079.32,6,0.3,-15.42
9290,CA-2014-111857,NM-18445,OFF-PA-10001878,10,489,Second Class,48.91,1,0.0,22.99
9291,CA-2014-163650,TT-21220,OFF-AR-10002375,22,866,First Class,9.84,3,0.0,2.85
9292,CA-2014-163650,TT-21220,OFF-BI-10004965,22,866,First Class,34.5,3,0.0,15.52
9293,CA-2017-124114,RS-19765,OFF-BI-10004022,527,581,Same Day,0.56,1,0.8,-0.95
9294,US-2017-116505,TB-21625,OFF-BI-10000050,620,702,Second Class,43.8,6,0.0,20.59
9295,CA-2017-161340,AM-10360,OFF-PA-10002464,178,40,Standard Class,13.87,3,0.2,5.03
9296,CA-2017-161340,AM-10360,FUR-BO-10004709,178,40,Standard Class,115.96,4,0.5,-64.94
9297,US-2015-163433,MP-17965,TEC-AC-10003590,479,25,Second Class,41.42,2,0.2,8.28
9298,US-2015-163433,MP-17965,TEC-PH-10003357,479,25,Second Class,244.77,4,0.2,24.48
9299,US-2015-163433,MP-17965,OFF-AR-10003373,479,25,Second Class,74.35,3,0.2,6.51
9300,US-2015-163433,MP-17965,OFF-BI-10003676,479,25,Second Class,4.31,2,0.8,-6.9
9301,US-2015-163433,MP-17965,FUR-CH-10000225,479,25,Second Class,56.69,1,0.3,-20.24
9302,US-2015-163433,MP-17965,TEC-PH-10001870,479,25,Second Class,97.97,2,0.2,6.12
9303,US-2015-163433,MP-17965,OFF-AR-10003481,479,25,Second Class,7.87,3,0.2,0.89
9304,US-2015-163433,MP-17965,OFF-PA-10003936,479,25,Second Class,15.55,3,0.2,5.44
9305,US-2015-163433,MP-17965,OFF-BI-10000320,479,25,Second Class,1.48,1,0.8,-2.29
9306,CA-2015-137603,MH-17290,OFF-AR-10001972,448,445,Standard Class,8.4,5,0.0,2.18
9307,CA-2014-128237,CA-12265,OFF-AR-10003829,95,728,Standard Class,6.56,2,0.0,1.9
9308,CA-2014-128237,CA-12265,OFF-AR-10003338,95,728,Standard Class,14.88,2,0.0,3.72
9309,CA-2014-128237,CA-12265,TEC-AC-10002558,95,728,Standard Class,45.48,4,0.0,15.92
9310,CA-2014-128237,CA-12265,OFF-AR-10000034,95,728,Standard Class,25.44,6,0.0,9.92
9311,US-2016-102141,KD-16615,OFF-BI-10001510,24,371,Standard Class,146.69,8,0.2,45.84
9312,CA-2017-148642,DW-13540,OFF-LA-10000134,78,905,Standard Class,4.93,2,0.2,1.72
9313,CA-2017-148642,DW-13540,OFF-AR-10000588,78,905,Standard Class,63.49,4,0.2,4.76
9314,CA-2015-111948,AG-10495,OFF-ST-10003282,152,1216,Same Day,418.32,7,0.0,117.13
9315,CA-2015-111948,AG-10495,OFF-AP-10002311,152,1216,Same Day,123.86,2,0.1,46.79
9316,CA-2016-161907,JH-16180,TEC-PH-10000141,12,42,Standard Class,118.78,3,0.4,-27.72
9317,CA-2016-161907,JH-16180,OFF-SU-10000646,12,42,Standard Class,769.18,4,0.2,-163.45
9318,CA-2017-124940,DK-13090,TEC-AC-10002076,297,1217,Standard Class,47.9,1,0.2,-2.99
9319,US-2017-108343,AR-10825,OFF-PA-10000743,30,229,Standard Class,13.36,2,0.0,6.41
9320,US-2017-108343,AR-10825,FUR-CH-10002780,30,229,Standard Class,163.76,2,0.1,25.47
9321,US-2017-108343,AR-10825,FUR-FU-10000747,30,229,Standard Class,183.92,4,0.0,31.27
9322,US-2016-111563,SM-20005,FUR-FU-10002445,17,255,Standard Class,11.38,3,0.6,-5.69
9323,US-2016-111563,SM-20005,FUR-FU-10000723,17,255,Standard Class,66.11,4,0.6,-84.29
9324,CA-2017-121853,DB-13660,OFF-PA-10003641,2,398,Standard Class,211.04,8,0.0,97.08
9325,CA-2017-121853,DB-13660,FUR-CH-10003973,2,398,Standard Class,594.82,2,0.2,59.48
9326,CA-2017-121853,DB-13660,OFF-BI-10000977,2,398,Standard Class,72.96,3,0.2,23.71
9327,US-2017-130687,PF-19225,FUR-FU-10004053,200,211,First Class,80.96,4,0.0,34.81
9328,US-2017-130687,PF-19225,TEC-PH-10002033,200,211,First Class,455.71,2,0.2,34.18
9329,US-2017-130687,PF-19225,OFF-AR-10004260,200,211,First Class,25.98,1,0.0,7.27
9330,CA-2015-164497,AJ-10945,OFF-AP-10004655,95,110,First Class,45.28,4,0.0,15.4
9331,US-2015-153283,EB-14110,OFF-EN-10001539,46,769,Standard Class,15.56,2,0.0,7.31
9332,CA-2016-108056,ES-14080,TEC-PH-10001817,331,322,Standard Class,859.2,3,0.2,75.18
9333,CA-2017-127726,SS-20410,OFF-AP-10002578,522,221,Second Class,195.68,4,0.0,50.88
9334,CA-2017-127726,SS-20410,OFF-FA-10000992,522,221,Second Class,14.2,4,0.0,6.67
9335,CA-2017-110198,AG-10900,FUR-BO-10001798,250,928,First Class,314.35,3,0.2,-15.72
9336,CA-2017-110198,AG-10900,OFF-LA-10004409,250,928,First Class,4.61,2,0.2,1.5
9337,CA-2017-130715,CY-12745,OFF-FA-10000621,95,119,Standard Class,17.9,5,0.0,8.77
9338,CA-2014-155264,RP-19270,OFF-BI-10003196,95,539,Second Class,2.99,1,0.2,1.12
9339,CA-2014-155264,RP-19270,OFF-BI-10003727,95,539,Second Class,20.06,6,0.2,7.02
9340,CA-2014-155264,RP-19270,OFF-PA-10003228,95,539,Second Class,146.73,3,0.0,68.96
9341,CA-2014-155264,RP-19270,OFF-LA-10002787,95,539,Second Class,18.75,5,0.0,9.0
9342,CA-2014-155264,RP-19270,TEC-PH-10001305,95,539,Second Class,117.58,3,0.2,11.76
9343,CA-2016-119123,DB-13360,OFF-BI-10001036,216,70,Standard Class,51.18,7,0.2,19.19
9344,CA-2017-109085,CK-12325,FUR-TA-10001086,413,923,First Class,455.97,5,0.4,-106.39
9345,CA-2017-109085,CK-12325,OFF-BI-10001525,413,923,First Class,5.72,5,0.7,-4.76
9346,CA-2017-109085,CK-12325,TEC-PH-10000526,413,923,First Class,57.59,1,0.4,-11.52
9347,CA-2017-109085,CK-12325,FUR-FU-10004973,413,923,First Class,30.14,2,0.2,8.29
9348,CA-2017-109085,CK-12325,FUR-CH-10003981,413,923,First Class,899.43,5,0.3,-12.85
9349,CA-2016-114860,DN-13690,FUR-FU-10000277,521,597,Standard Class,842.72,8,0.0,202.25
9350,CA-2016-114860,DN-13690,FUR-FU-10001934,521,597,Standard Class,41.96,2,0.0,10.91
9351,CA-2016-159009,DP-13105,OFF-BI-10004970,61,714,Standard Class,13.22,4,0.2,4.46
9352,CA-2016-159009,DP-13105,FUR-CH-10003396,61,714,Standard Class,184.75,3,0.2,-20.78
9353,CA-2017-148411,RO-19780,FUR-CH-10003973,37,242,First Class,520.46,2,0.3,-14.87
9354,CA-2017-148411,RO-19780,OFF-PA-10002109,37,242,First Class,11.42,3,0.2,3.71
9355,CA-2015-110324,MA-17560,OFF-PA-10001826,31,495,Standard Class,19.44,3,0.0,9.33
9356,CA-2015-110324,MA-17560,OFF-AR-10000823,31,495,Standard Class,3.64,2,0.0,1.02
9357,CA-2015-110324,MA-17560,OFF-PA-10001776,31,495,Standard Class,18.54,2,0.0,8.71
9358,CA-2016-168046,JD-15895,OFF-BI-10003676,24,968,Second Class,43.12,5,0.2,15.09
9359,CA-2016-168046,JD-15895,FUR-TA-10001095,24,968,Second Class,313.72,3,0.4,-99.35
9360,CA-2016-168046,JD-15895,FUR-FU-10000747,24,968,Second Class,45.98,1,0.0,7.82
9361,CA-2016-168046,JD-15895,OFF-ST-10004337,24,968,Second Class,428.68,7,0.0,0.0
9362,CA-2017-111591,PS-18970,OFF-BI-10004410,60,709,Standard Class,30.58,6,0.2,10.32
9363,CA-2017-111591,PS-18970,OFF-FA-10004838,60,709,Standard Class,13.02,7,0.0,0.39
9364,CA-2017-111591,PS-18970,FUR-FU-10002364,60,709,Standard Class,22.14,3,0.0,6.42
9365,CA-2017-111591,PS-18970,OFF-ST-10001809,60,709,Standard Class,359.32,4,0.0,7.19
9366,US-2014-166828,JF-15415,OFF-PA-10001846,586,964,First Class,11.56,2,0.0,5.66
9367,CA-2014-108147,RD-19480,OFF-BI-10003876,256,786,Standard Class,68.48,2,0.2,25.68
9368,CA-2014-108147,RD-19480,OFF-ST-10003470,256,786,Standard Class,1676.88,6,0.0,83.84
9369,CA-2016-154998,ES-14080,OFF-PA-10004243,101,282,First Class,37.94,2,0.0,18.21
9370,CA-2017-113460,KN-16390,FUR-CH-10000422,235,660,Second Class,272.97,3,0.0,43.68
9371,CA-2015-111339,VP-21760,FUR-FU-10002506,48,353,First Class,41.57,4,0.2,-4.16
9372,CA-2015-111339,VP-21760,FUR-CH-10000863,48,353,First Class,317.06,3,0.3,-86.06
9373,CA-2015-111339,VP-21760,OFF-FA-10002988,48,353,First Class,8.04,5,0.2,2.91
9374,CA-2017-102820,CS-11950,TEC-PH-10003437,55,918,Standard Class,419.94,7,0.2,52.49
9375,CA-2016-149671,KB-16600,OFF-SU-10002537,60,411,Standard Class,61.38,6,0.0,15.96
9376,CA-2015-126347,AJ-10945,TEC-AC-10003063,63,640,Second Class,50.0,2,0.0,10.5
9377,CA-2017-108756,PO-18865,TEC-AC-10003237,621,54,Standard Class,31.8,3,0.0,13.67
9378,CA-2017-155362,DP-13105,OFF-ST-10001031,425,95,Standard Class,32.56,2,0.0,8.47
9379,CA-2016-117625,GM-14500,OFF-EN-10001535,27,1121,Standard Class,7.07,2,0.2,2.39
9380,CA-2014-154158,CC-12670,OFF-PA-10001295,86,852,Second Class,45.53,3,0.2,15.93
9381,CA-2014-154158,CC-12670,FUR-CH-10004698,86,852,Second Class,64.78,1,0.2,6.48
9382,CA-2014-154158,CC-12670,OFF-ST-10000078,86,852,Second Class,424.27,2,0.2,-10.61
9383,CA-2014-154158,CC-12670,OFF-AR-10001868,86,852,Second Class,1.34,1,0.2,0.5
9384,CA-2014-154158,CC-12670,OFF-ST-10004950,86,852,Second Class,83.92,5,0.2,-1.05
9385,CA-2017-100433,SJ-20125,OFF-PA-10003441,30,939,Standard Class,25.92,4,0.0,12.44
9386,CA-2017-163097,SF-20200,FUR-FU-10004973,155,152,Standard Class,120.58,8,0.2,33.16
9387,US-2017-127292,RM-19375,OFF-PA-10000157,371,618,Standard Class,79.92,4,0.0,37.56
9388,US-2017-127292,RM-19375,OFF-PA-10001970,371,618,Standard Class,12.28,1,0.0,5.77
9389,US-2017-127292,RM-19375,OFF-AP-10000828,371,618,Standard Class,542.94,3,0.0,152.02
9390,US-2017-127292,RM-19375,OFF-EN-10001509,371,618,Standard Class,2.04,1,0.0,0.96
9391,CA-2015-163734,KM-16375,OFF-ST-10003692,33,975,Standard Class,228.92,5,0.2,14.31
9392,CA-2017-162474,FH-14275,TEC-PH-10004700,174,678,First Class,7.99,1,0.2,2.6
9393,CA-2015-130848,DG-13300,FUR-CH-10000422,77,970,Same Day,582.34,8,0.2,-29.12
9394,CA-2014-125997,MW-18220,TEC-PH-10003484,165,60,First Class,629.95,5,0.0,157.49
9395,CA-2014-125997,MW-18220,FUR-CH-10001394,165,60,First Class,631.78,2,0.1,140.4
9396,CA-2014-125997,MW-18220,FUR-BO-10002213,165,60,First Class,801.57,2,0.2,-10.02
9397,CA-2014-125997,MW-18220,OFF-LA-10002762,165,60,First Class,75.18,6,0.0,35.33
9398,CA-2014-125997,MW-18220,OFF-AP-10003842,165,60,First Class,30.98,1,0.0,8.05
9399,CA-2014-125997,MW-18220,TEC-PH-10003072,165,60,First Class,1349.91,9,0.0,661.46
9400,CA-2016-103128,SC-20845,OFF-AR-10003394,622,584,Standard Class,14.11,6,0.2,1.23
9401,CA-2015-167696,BD-11500,OFF-EN-10001539,390,1218,Standard Class,31.12,4,0.0,14.63
9402,CA-2014-159814,LP-17080,FUR-FU-10001731,116,1219,Standard Class,4.27,2,0.2,0.96
9403,CA-2016-105459,NP-18700,FUR-TA-10001095,24,400,Second Class,209.15,2,0.4,-66.23
9404,CA-2016-105459,NP-18700,OFF-ST-10000078,24,400,Second Class,1591.02,6,0.0,286.38
9405,CA-2017-141663,DP-13105,OFF-FA-10004076,64,670,Standard Class,7.92,5,0.2,1.68
9406,CA-2014-152618,RB-19465,TEC-MA-10003626,156,620,First Class,574.91,2,0.3,156.05
9407,CA-2014-152618,RB-19465,OFF-PA-10001215,156,620,First Class,8.45,2,0.2,2.64
9408,CA-2017-162789,LC-17140,TEC-AC-10002842,46,586,Second Class,1071.0,9,0.0,171.36
9409,CA-2017-162789,LC-17140,FUR-FU-10004864,46,586,Second Class,12.07,1,0.0,3.98
9410,US-2017-110149,WB-21850,OFF-BI-10000014,106,390,First Class,3.27,1,0.7,-2.51
9411,US-2017-110149,WB-21850,FUR-FU-10001475,106,390,First Class,87.92,5,0.2,15.39
9412,CA-2016-108959,MH-17785,OFF-ST-10001272,277,613,Second Class,104.7,1,0.2,6.54
9413,CA-2015-164777,SC-20305,FUR-CH-10002024,2,747,First Class,2803.92,5,0.2,0.0
9414,CA-2016-132017,MH-17620,OFF-BI-10004001,17,183,First Class,6.82,2,0.8,-11.59
9415,CA-2015-127824,JC-15775,TEC-PH-10004094,61,1091,Standard Class,249.58,2,0.2,15.6
9416,CA-2015-127824,JC-15775,OFF-PA-10001184,61,1091,Standard Class,17.94,3,0.0,8.79
9417,CA-2015-127824,JC-15775,FUR-FU-10002505,61,1091,Standard Class,10.11,3,0.0,3.24
9418,CA-2014-148285,RD-19810,OFF-PA-10001166,307,1220,Standard Class,10.37,2,0.2,3.63
9419,CA-2014-148285,RD-19810,OFF-PA-10000349,307,1220,Standard Class,11.95,3,0.2,4.03
9420,CA-2017-152926,SC-20695,OFF-AP-10004708,17,281,Second Class,15.22,2,0.8,-38.82
9421,CA-2017-152926,SC-20695,OFF-AP-10001947,17,281,Second Class,21.98,6,0.8,-56.06
9422,CA-2014-145254,NC-18535,TEC-PH-10000441,35,150,Standard Class,604.75,6,0.2,60.48
9423,CA-2014-145254,NC-18535,OFF-SU-10004664,35,150,Standard Class,40.7,5,0.0,11.8
9424,CA-2014-145254,NC-18535,TEC-PH-10004531,35,150,Standard Class,302.38,3,0.2,37.8
9425,CA-2014-145254,NC-18535,TEC-AC-10002167,35,150,Standard Class,45.0,3,0.0,4.95
9426,CA-2014-116246,LW-17215,FUR-CH-10002024,46,172,Second Class,3785.29,6,0.1,420.59
9427,CA-2016-160479,AH-10585,OFF-AR-10002445,60,307,Standard Class,35.4,5,0.0,13.45
9428,CA-2014-167486,JO-15145,FUR-FU-10003268,251,502,Standard Class,199.9,5,0.0,39.98
9429,CA-2014-152100,VW-21775,FUR-CH-10000015,144,219,Standard Class,1212.96,8,0.3,-69.31
9430,CA-2015-166219,BP-11185,TEC-PH-10004165,177,835,Standard Class,1099.96,5,0.2,82.5
9431,CA-2015-166219,BP-11185,FUR-TA-10004607,177,835,Standard Class,103.48,1,0.3,-16.26
9432,CA-2015-111864,PP-18955,OFF-LA-10004677,64,975,Same Day,5.9,2,0.2,1.99
9433,CA-2015-119627,SC-20725,TEC-AC-10002217,346,494,Standard Class,30.08,2,0.2,-5.26
9434,CA-2015-119627,SC-20725,OFF-PA-10001937,346,494,Standard Class,36.29,7,0.2,12.7
9435,CA-2015-119627,SC-20725,OFF-AR-10000203,346,494,Standard Class,10.27,3,0.2,1.16
9436,CA-2015-119627,SC-20725,TEC-AC-10001142,346,494,Standard Class,252.8,4,0.2,-31.6
9437,CA-2015-160787,BM-11785,OFF-BI-10003712,106,13,Same Day,2.95,2,0.7,-2.06
9438,CA-2017-107853,CD-11920,OFF-PA-10000520,219,1144,Standard Class,12.96,2,0.0,6.22
9439,CA-2017-126144,GM-14680,TEC-PH-10001079,64,690,Standard Class,285.58,4,0.4,-57.12
9440,US-2014-154655,BP-11050,OFF-SU-10000898,37,37,Standard Class,22.24,2,0.2,2.5
9441,CA-2014-100391,BW-11065,OFF-PA-10001471,46,595,Standard Class,14.62,2,0.0,6.73
9442,CA-2014-165477,RE-19405,OFF-AP-10003281,362,283,Second Class,48.36,5,0.2,6.04
9443,CA-2017-165904,HR-14770,OFF-AR-10003156,134,105,Standard Class,16.26,2,0.2,1.22
9444,CA-2017-165904,HR-14770,TEC-PH-10000576,134,105,Standard Class,219.18,2,0.2,19.18
9445,CA-2015-104052,TP-21565,TEC-PH-10003215,282,880,First Class,95.84,4,0.2,34.74
9446,CA-2015-168277,KB-16315,OFF-LA-10004484,305,353,Standard Class,12.39,3,0.0,5.7
9447,CA-2016-158617,AC-10660,OFF-PA-10002245,453,898,Standard Class,35.88,6,0.0,16.15
9448,CA-2017-136882,DN-13690,FUR-FU-10003664,313,838,Standard Class,477.3,5,0.0,138.42
9449,US-2016-148957,CC-12430,OFF-LA-10002195,487,43,Standard Class,12.32,4,0.0,5.91
9450,CA-2014-140032,TS-21340,OFF-BI-10000822,10,79,Standard Class,8.61,2,0.2,3.01
9451,CA-2017-145506,MO-17800,OFF-ST-10004963,322,96,Standard Class,136.26,9,0.0,5.45
9452,CA-2015-129546,RP-19855,OFF-AP-10002495,4,695,Standard Class,186.15,3,0.0,55.84
9453,CA-2015-129546,RP-19855,OFF-BI-10004001,4,695,Standard Class,81.79,6,0.2,26.58
9454,CA-2015-129546,RP-19855,OFF-SU-10004884,4,695,Standard Class,47.19,3,0.0,13.69
9455,CA-2015-129546,RP-19855,TEC-PH-10003555,4,695,Standard Class,36.78,2,0.2,-8.28
9456,CA-2016-140977,JL-15175,TEC-MA-10003493,429,951,Second Class,91.48,1,0.5,-1.83
9457,CA-2017-151855,BW-11110,TEC-AC-10002380,308,838,Standard Class,27.19,3,0.2,0.34
9458,CA-2017-151855,BW-11110,OFF-BI-10004209,308,838,Standard Class,12.06,5,0.7,-10.05
9459,CA-2014-138240,SJ-20500,OFF-AR-10002135,35,1149,Standard Class,144.6,3,0.0,41.93
9460,CA-2014-138240,SJ-20500,TEC-PH-10002583,35,1149,Standard Class,15.99,1,0.2,-3.0
9461,CA-2014-101833,FG-14260,OFF-PA-10003591,24,665,Second Class,34.44,3,0.0,17.22
9462,CA-2014-100867,EH-14125,TEC-PH-10004922,469,539,Standard Class,321.55,6,0.2,20.1
9463,US-2017-109610,BS-11590,FUR-CH-10001854,176,921,Second Class,701.96,2,0.0,168.47
9464,CA-2014-156545,JS-16030,OFF-AR-10003560,48,1221,First Class,19.46,4,0.2,3.4
9465,CA-2014-109127,JC-15775,OFF-LA-10004409,286,1060,Standard Class,17.28,6,0.0,7.95
9466,CA-2016-126858,JM-15265,FUR-FU-10000448,61,259,Standard Class,31.96,2,0.0,1.6
9467,CA-2017-102925,CD-12280,OFF-BI-10002735,24,61,Second Class,164.69,6,0.2,55.58
9468,CA-2017-102925,CD-12280,FUR-TA-10003469,24,61,Second Class,166.5,2,0.4,-66.6
9469,CA-2017-102925,CD-12280,OFF-PA-10001870,24,61,Second Class,12.96,2,0.0,6.22
9470,CA-2017-102925,CD-12280,OFF-PA-10004071,24,61,Second Class,110.96,2,0.0,53.26
9471,CA-2017-102925,CD-12280,TEC-PH-10001448,24,61,Second Class,99.98,2,0.0,4.0
9472,CA-2017-102925,CD-12280,OFF-BI-10002706,24,61,Second Class,11.42,1,0.2,3.71
9473,CA-2017-102925,CD-12280,FUR-CH-10004875,24,61,Second Class,128.12,2,0.1,24.2
9474,CA-2017-102925,CD-12280,FUR-FU-10004245,24,61,Second Class,101.4,5,0.0,38.53
9475,CA-2015-100818,JM-15265,OFF-LA-10000443,156,71,Second Class,5.9,2,0.2,1.99
9476,CA-2015-100818,JM-15265,OFF-PA-10001125,156,71,Second Class,173.49,7,0.2,54.22
9477,CA-2015-100818,JM-15265,FUR-FU-10002703,156,71,Second Class,51.56,2,0.6,-61.87
9478,CA-2015-100818,JM-15265,OFF-BI-10004364,156,71,Second Class,3.56,3,0.8,-6.24
9479,CA-2014-126193,SS-20410,OFF-FA-10000936,623,558,Standard Class,13.16,5,0.2,4.11
9480,CA-2014-126193,SS-20410,OFF-BI-10001249,623,558,Standard Class,3.83,3,0.8,-6.51
9481,CA-2014-126193,SS-20410,OFF-BI-10004632,623,558,Standard Class,304.99,5,0.8,-533.73
9482,CA-2017-150504,HG-14845,OFF-ST-10000615,78,45,Standard Class,18.16,2,0.2,1.82
9483,CA-2015-158351,BC-11125,TEC-AC-10001838,64,783,Second Class,319.98,2,0.2,92.0
9484,CA-2014-122679,AB-10255,OFF-AR-10004757,142,193,Standard Class,19.68,6,0.0,6.49
9485,CA-2016-164770,MY-18295,FUR-BO-10003893,67,500,Second Class,781.86,10,0.32,-137.98
9486,CA-2016-164770,MY-18295,OFF-PA-10003893,67,500,Second Class,30.82,9,0.2,9.63
9487,CA-2017-130505,NF-18385,FUR-TA-10001932,596,387,Same Day,673.34,3,0.3,-76.95
9488,US-2017-125213,NB-18655,OFF-FA-10001561,336,158,First Class,6.54,3,0.0,2.16
9489,CA-2015-156566,EM-13960,TEC-PH-10001817,41,487,First Class,572.8,2,0.2,50.12
9490,US-2016-102232,MF-17665,OFF-AR-10000538,365,1222,Standard Class,197.05,7,0.0,59.12
9491,CA-2017-111738,CM-12385,OFF-BI-10004584,95,1033,Standard Class,2022.27,8,0.2,682.52
9492,CA-2017-111738,CM-12385,OFF-AR-10000817,95,1033,Standard Class,9.12,3,0.0,3.1
9493,CA-2017-163188,EC-14050,OFF-BI-10000756,337,660,Same Day,38.16,9,0.0,19.08
9494,CA-2016-105207,BO-11350,FUR-TA-10000617,474,836,Standard Class,1592.85,7,0.0,350.43
9495,CA-2016-105207,BO-11350,OFF-BI-10004364,474,836,Standard Class,11.88,2,0.0,5.35
9496,US-2016-123610,VM-21835,TEC-AC-10004518,169,537,Standard Class,120.0,6,0.0,46.8
9497,US-2016-123610,VM-21835,OFF-AP-10002222,169,537,Standard Class,8.67,1,0.0,2.34
9498,CA-2017-118213,AB-10060,OFF-PA-10002615,468,61,First Class,4.41,1,0.0,2.03
9499,CA-2017-118213,AB-10060,OFF-PA-10000565,468,61,First Class,167.94,3,0.0,82.29
9500,CA-2017-118213,AB-10060,OFF-PA-10003673,468,61,First Class,67.8,10,0.0,31.19
9501,CA-2016-149237,CM-12235,FUR-FU-10002088,202,440,Standard Class,26.94,3,0.0,11.31
9502,US-2015-158589,KW-16570,FUR-FU-10001546,10,313,Standard Class,32.04,3,0.0,8.01
9503,CA-2016-101329,MM-17920,OFF-AR-10000614,499,184,Standard Class,32.13,9,0.0,8.35
9504,CA-2016-101329,MM-17920,OFF-AR-10003190,499,184,Standard Class,2.88,1,0.0,0.81
9505,CA-2016-113607,PW-19030,TEC-PH-10004094,30,501,Standard Class,1091.93,7,0.0,272.98
9506,CA-2016-113607,PW-19030,OFF-PA-10001970,30,501,Standard Class,111.96,2,0.0,54.86
9507,CA-2014-149104,RD-19900,OFF-AR-10002952,447,268,Second Class,26.7,2,0.0,7.48
9508,CA-2014-149104,RD-19900,OFF-BI-10004209,447,268,Second Class,40.2,5,0.0,18.09
9509,CA-2014-149104,RD-19900,OFF-AR-10004685,447,268,Second Class,13.89,3,0.0,4.58
9510,CA-2014-149104,RD-19900,OFF-ST-10000991,447,268,Second Class,689.82,6,0.0,20.69
9511,CA-2016-105263,LM-17065,OFF-AR-10002399,24,877,Standard Class,38.34,9,0.0,15.72
9512,CA-2014-130575,CS-11845,OFF-BI-10002353,37,638,First Class,9.26,3,0.8,-13.9
9513,CA-2017-142461,KT-16480,FUR-BO-10001811,163,1110,Second Class,204.67,1,0.32,-6.02
9514,CA-2016-125220,BE-11410,TEC-AC-10003033,292,501,Standard Class,1649.75,5,0.0,544.42
9515,CA-2014-100293,NF-18475,OFF-PA-10000176,134,620,Standard Class,91.06,6,0.2,31.87
9516,CA-2014-154165,DL-13315,OFF-AR-10003631,156,1223,Standard Class,54.21,14,0.2,8.81
9517,CA-2015-123939,MS-17710,TEC-PH-10000923,393,253,Second Class,26.98,3,0.4,4.05
9518,CA-2015-123939,MS-17710,OFF-LA-10003190,393,253,Second Class,6.91,3,0.2,2.51
9519,CA-2015-123939,MS-17710,OFF-ST-10003208,393,253,Second Class,435.5,3,0.2,48.99
9520,US-2017-104451,MM-18055,OFF-AP-10000692,95,541,Second Class,81.08,4,0.0,22.7
9521,CA-2016-101189,JB-15400,OFF-ST-10004180,14,1085,Standard Class,93.02,2,0.0,3.72
9522,CA-2014-169446,SG-20605,TEC-PH-10002817,37,175,Standard Class,323.98,3,0.2,36.45
9523,CA-2014-169446,SG-20605,OFF-PA-10000295,37,175,Standard Class,15.55,3,0.2,5.44
9524,CA-2014-169446,SG-20605,OFF-ST-10000419,37,175,Standard Class,32.59,3,0.2,-7.74
9525,CA-2017-156958,PB-18805,OFF-BI-10001524,61,257,First Class,83.92,5,0.2,29.37
9526,CA-2017-156958,PB-18805,FUR-FU-10003268,61,257,First Class,199.9,5,0.0,39.98
9527,CA-2017-156958,PB-18805,TEC-PH-10000148,61,257,First Class,31.18,3,0.2,-7.01
9528,CA-2017-156958,PB-18805,OFF-BI-10001543,61,257,First Class,172.75,6,0.2,60.46
9529,CA-2017-156958,PB-18805,OFF-BI-10002071,61,257,First Class,9.3,2,0.2,3.02
9530,CA-2017-101637,AC-10615,OFF-ST-10002352,582,669,Same Day,12.77,2,0.2,0.96
9531,CA-2017-111759,MR-17545,OFF-PA-10003127,6,142,Standard Class,52.76,2,0.0,24.27
9532,CA-2017-102729,BF-11215,OFF-ST-10000464,163,41,Standard Class,55.62,2,0.2,5.56
9533,CA-2016-116596,BW-11200,FUR-CH-10000553,165,190,Standard Class,427.64,14,0.1,80.78
9534,CA-2016-116596,BW-11200,OFF-FA-10000134,165,190,Standard Class,40.67,7,0.0,12.61
9535,CA-2016-116596,BW-11200,OFF-ST-10000636,165,190,Standard Class,33.48,2,0.0,1.34
9536,CA-2016-116596,BW-11200,OFF-BI-10002949,165,190,Standard Class,9.73,2,0.2,3.28
9537,CA-2017-124191,TS-21610,FUR-FU-10002364,27,493,Second Class,8.86,3,0.6,-6.86
9538,CA-2016-148747,AS-10045,FUR-BO-10002613,95,478,First Class,477.67,2,0.15,84.29
9539,US-2017-169488,AA-10375,OFF-PA-10002659,260,211,First Class,16.9,5,0.0,7.77
9540,US-2017-169488,AA-10375,OFF-PA-10000157,260,211,First Class,39.96,2,0.0,18.78
9541,CA-2015-135727,PS-18970,FUR-CH-10004540,52,1224,Second Class,191.97,7,0.2,16.8
9542,CA-2015-135251,RP-19270,OFF-LA-10004544,15,706,Standard Class,35.52,3,0.2,13.32
9543,CA-2015-135251,RP-19270,OFF-BI-10001097,15,706,Standard Class,6.23,5,0.8,-9.66
9544,CA-2015-135251,RP-19270,OFF-PA-10003302,15,706,Standard Class,56.7,2,0.2,19.14
9545,CA-2015-135251,RP-19270,FUR-BO-10003965,15,706,Standard Class,369.2,3,0.32,-114.02
9546,CA-2014-166590,NC-18625,TEC-AC-10003433,135,195,Standard Class,1.98,2,0.0,0.89
9547,CA-2014-166590,NC-18625,OFF-PA-10000482,135,195,Standard Class,75.88,2,0.0,35.66
9548,CA-2016-131744,SC-20770,OFF-PA-10004610,64,1134,Second Class,6.85,2,0.2,2.14
9549,CA-2016-131744,SC-20770,OFF-BI-10003910,64,1134,Second Class,4.63,2,0.7,-3.86
9550,CA-2016-131744,SC-20770,OFF-AP-10001394,64,1134,Second Class,453.6,3,0.2,90.72
9551,CA-2015-160864,NF-18595,OFF-BI-10004654,59,911,First Class,13.85,3,0.2,5.19
9552,CA-2015-147690,SC-20020,OFF-ST-10001526,12,114,Standard Class,577.58,6,0.2,43.32
9553,CA-2015-163923,BD-11560,TEC-AC-10000358,29,1052,Standard Class,151.96,4,0.0,36.47
9554,CA-2016-125724,SM-20950,FUR-FU-10000246,334,898,Standard Class,68.43,7,0.2,8.55
9555,CA-2015-111612,EB-14110,FUR-FU-10003799,48,110,Standard Class,71.12,5,0.2,9.78
9556,CA-2015-111612,EB-14110,OFF-FA-10003021,48,110,Standard Class,3.01,2,0.2,0.56
9557,CA-2015-156853,HP-14815,OFF-PA-10003656,209,156,Second Class,184.66,7,0.0,84.94
9558,CA-2014-103086,EB-14170,FUR-FU-10004586,15,1137,Second Class,5.31,2,0.6,-1.59
9559,CA-2016-129280,SM-20905,TEC-AC-10003832,56,974,First Class,132.52,5,0.2,34.79
9560,CA-2016-129280,SM-20905,OFF-ST-10002554,56,974,First Class,195.64,5,0.2,-44.02
9561,CA-2016-129280,SM-20905,FUR-FU-10001876,56,974,First Class,51.97,2,0.2,10.39
9562,CA-2016-129280,SM-20905,TEC-AC-10002637,56,974,First Class,431.98,3,0.2,-75.6
9563,CA-2016-129280,SM-20905,TEC-MA-10003589,56,974,First Class,224.94,3,0.7,-164.95
9564,CA-2016-129280,SM-20905,OFF-LA-10000081,56,974,First Class,6.0,2,0.2,2.1
9565,CA-2015-161242,CG-12040,OFF-PA-10001838,63,933,Standard Class,11.76,2,0.0,5.76
9566,CA-2014-130428,TG-21640,FUR-CH-10002965,86,692,Same Day,1125.49,7,0.2,98.48
9567,CA-2014-130428,TG-21640,OFF-BI-10001636,86,692,Same Day,12.64,5,0.7,-10.12
9568,CA-2014-130428,TG-21640,OFF-AR-10004027,86,692,Same Day,4.03,2,0.2,1.06
9569,CA-2017-104388,DK-12835,TEC-PH-10002293,11,958,First Class,79.96,4,0.0,22.39
9570,CA-2015-113131,MB-17305,OFF-BI-10003196,48,497,Same Day,6.73,6,0.7,-4.49
9571,CA-2015-113131,MB-17305,OFF-ST-10001172,48,497,Same Day,33.57,2,0.2,1.68
9572,CA-2015-113131,MB-17305,OFF-EN-10003068,48,497,Same Day,15.84,2,0.2,5.54
9573,CA-2015-113131,MB-17305,OFF-LA-10003510,48,497,Same Day,24.42,1,0.2,7.94
9574,CA-2015-113131,MB-17305,OFF-AR-10003504,48,497,Same Day,17.12,5,0.2,1.93
9575,CA-2015-148495,SF-20065,FUR-FU-10001889,283,864,Same Day,31.56,3,0.0,10.41
9576,CA-2015-143147,PS-18760,FUR-CH-10000863,66,990,Second Class,105.69,1,0.3,-28.69
9577,CA-2015-143147,PS-18760,TEC-MA-10004679,66,990,Second Class,399.54,2,0.4,-79.91
9578,CA-2015-143147,PS-18760,FUR-CH-10004754,66,990,Second Class,104.93,5,0.3,-4.5
9579,CA-2017-152975,RB-19705,TEC-PH-10004586,46,33,First Class,1079.85,3,0.0,323.96
9580,CA-2017-152975,RB-19705,OFF-ST-10001370,46,33,First Class,70.98,1,0.0,3.55
9581,CA-2017-152975,RB-19705,OFF-AR-10001988,46,33,First Class,29.95,5,0.0,8.69
9582,CA-2017-152975,RB-19705,FUR-CH-10003298,46,33,First Class,589.41,5,0.1,-6.55
9583,CA-2016-107475,RS-19870,OFF-FA-10002988,75,844,Standard Class,9.65,6,0.2,3.5
9584,CA-2017-116127,SB-20185,FUR-BO-10002213,24,644,Second Class,400.78,1,0.2,-5.01
9585,CA-2017-132584,HJ-14875,OFF-ST-10000344,152,776,First Class,53.72,4,0.0,13.97
9586,CA-2016-160598,SV-20815,OFF-PA-10002319,230,371,First Class,31.01,1,0.2,11.24
9587,CA-2016-108630,BE-11410,OFF-BI-10002437,138,742,Same Day,61.12,5,0.2,22.16
9588,US-2017-129203,BM-11575,OFF-ST-10001418,156,828,Standard Class,195.14,4,0.2,-43.91
9589,CA-2017-110940,AZ-10750,OFF-AR-10000380,400,284,Standard Class,121.54,4,0.2,15.19
9590,CA-2014-119172,HD-14785,OFF-PA-10003036,27,219,Standard Class,17.47,3,0.2,5.68
9591,CA-2014-119172,HD-14785,OFF-BI-10002026,27,219,Standard Class,104.58,9,0.8,-172.56
9592,US-2016-105452,BF-11005,FUR-FU-10003691,90,1063,Standard Class,24.7,5,0.6,-9.88
9593,US-2016-105452,BF-11005,FUR-FU-10003806,90,1063,Standard Class,302.72,5,0.6,-378.4
9594,CA-2017-108931,HZ-14950,OFF-PA-10002741,24,33,Standard Class,8.56,2,0.0,3.85
9595,CA-2017-108931,HZ-14950,OFF-PA-10003845,24,33,Standard Class,11.56,2,0.0,5.66
9596,CA-2017-104619,KD-16495,OFF-AP-10001492,59,715,Standard Class,25.86,3,0.0,6.72
9597,CA-2017-104619,KD-16495,OFF-BI-10004318,59,715,Standard Class,276.78,2,0.2,89.95
9598,CA-2017-104619,KD-16495,TEC-PH-10000193,59,715,Standard Class,110.35,3,0.2,8.28
9599,CA-2015-149517,FC-14245,FUR-FU-10003464,380,445,Standard Class,60.84,3,0.0,19.47
9600,CA-2015-116841,TP-21130,OFF-AP-10002403,331,1225,Standard Class,35.21,1,0.2,2.64
9601,CA-2017-107797,EB-13705,OFF-PA-10003848,610,541,Second Class,41.47,8,0.2,14.52
9602,CA-2016-117604,JP-15520,OFF-PA-10001357,238,914,Standard Class,239.5,5,0.0,114.96
9603,CA-2014-130155,TD-20995,OFF-SU-10004737,221,947,First Class,34.2,5,0.0,9.23
9604,CA-2016-129861,DM-13345,FUR-TA-10003715,145,27,Standard Class,376.87,3,0.4,-213.56
9605,CA-2015-138625,EG-13900,OFF-AP-10003099,338,122,First Class,197.72,4,0.0,55.36
9606,US-2017-122672,HG-14965,TEC-AC-10002323,404,260,Standard Class,70.72,4,0.2,-6.19
9607,US-2017-122672,HG-14965,OFF-ST-10002344,404,260,Standard Class,194.35,3,0.2,-43.73
9608,CA-2017-117128,BF-11080,OFF-PA-10000007,24,257,Second Class,21.6,6,0.0,9.94
9609,CA-2017-117128,BF-11080,OFF-LA-10000248,24,257,Second Class,11.07,3,0.0,5.2
9610,CA-2016-130638,SC-20095,FUR-FU-10002116,63,459,Second Class,282.84,4,0.0,19.8
9611,CA-2016-130638,SC-20095,OFF-LA-10002195,63,459,Second Class,27.72,9,0.0,13.31
9612,CA-2017-144365,CS-11950,OFF-FA-10000735,130,1201,Standard Class,11.68,4,0.0,5.26
9613,CA-2016-110086,BD-11320,TEC-PH-10001299,434,32,Standard Class,239.98,2,0.2,24.0
9614,CA-2014-128524,MZ-17515,OFF-AP-10002892,61,8,First Class,22.98,1,0.0,6.89
9615,CA-2014-128524,MZ-17515,TEC-AC-10002718,61,8,First Class,102.13,7,0.0,15.32
9616,CA-2014-128524,MZ-17515,OFF-BI-10003527,61,8,First Class,2033.58,2,0.2,762.59
9617,CA-2016-140256,PW-19030,OFF-AR-10002255,14,251,Standard Class,5.76,2,0.0,1.67
9618,CA-2017-160633,BS-11380,TEC-CO-10002095,393,674,Standard Class,899.98,3,0.4,75.0
9619,CA-2017-160633,BS-11380,OFF-AR-10004022,393,674,Standard Class,86.35,3,0.2,5.4
9620,CA-2017-160633,BS-11380,TEC-AC-10002335,393,674,Standard Class,139.96,5,0.2,-1.75
9621,CA-2014-115133,DA-13450,OFF-AP-10001634,404,468,Standard Class,16.7,6,0.2,1.25
9622,CA-2014-115133,DA-13450,TEC-AC-10002370,404,468,Standard Class,3.15,2,0.2,0.47
9623,CA-2014-115133,DA-13450,OFF-PA-10000174,404,468,Standard Class,32.9,4,0.2,11.1
9624,CA-2017-137449,ME-17725,OFF-AP-10000240,78,223,First Class,21.39,2,0.8,-54.55
9625,CA-2017-137449,ME-17725,FUR-TA-10002855,78,223,First Class,307.31,3,0.3,-39.51
9626,CA-2017-137449,ME-17725,FUR-BO-10000780,78,223,First Class,410.0,3,0.32,-96.47
9627,CA-2017-103520,MH-17785,OFF-PA-10001846,339,398,First Class,9.25,2,0.2,3.35
9628,CA-2014-139283,BT-11440,OFF-BI-10002049,84,534,Standard Class,14.67,3,0.0,6.75
9629,CA-2014-118192,MM-17920,OFF-PA-10002947,56,287,Standard Class,37.41,7,0.2,13.09
9630,CA-2014-118192,MM-17920,OFF-BI-10003476,56,287,Standard Class,3.44,2,0.7,-2.52
9631,CA-2016-168844,NM-18520,OFF-BI-10002609,165,1207,Standard Class,7.15,3,0.2,2.32
9632,CA-2016-168844,NM-18520,TEC-PH-10003215,165,1207,Standard Class,179.7,6,0.0,88.05
9633,CA-2017-154809,MH-17455,OFF-AP-10004785,40,779,Standard Class,90.64,8,0.0,38.98
9634,CA-2014-151330,TC-21295,TEC-AC-10000865,290,1006,First Class,177.0,3,0.0,30.09
9635,CA-2014-151330,TC-21295,OFF-ST-10000615,290,1006,First Class,79.45,7,0.0,22.25
9636,CA-2014-151330,TC-21295,FUR-CH-10000749,290,1006,First Class,1628.82,9,0.0,260.61
9637,CA-2014-124702,MH-17785,FUR-FU-10003553,60,729,Standard Class,137.54,2,0.0,55.02
9638,CA-2014-124702,MH-17785,FUR-TA-10003008,60,729,Standard Class,730.2,4,0.0,94.93
9639,US-2017-125808,EP-13915,OFF-PA-10001846,4,106,Second Class,11.56,2,0.0,5.66
9640,CA-2015-116638,JH-15985,FUR-TA-10000198,5,1226,Second Class,4297.64,13,0.4,-1862.31
9641,CA-2014-104563,CM-12715,OFF-AR-10000390,6,1010,Standard Class,20.65,5,0.0,9.5
9642,CA-2014-104563,CM-12715,OFF-ST-10000934,6,1010,Standard Class,204.9,5,0.0,0.0
9643,CA-2014-104563,CM-12715,FUR-CH-10002780,6,1010,Standard Class,436.7,6,0.2,21.84
9644,CA-2014-104563,CM-12715,FUR-CH-10004495,6,1010,Standard Class,481.57,2,0.2,54.18
9645,US-2017-107979,FO-14305,TEC-AC-10002006,277,111,Standard Class,89.54,7,0.2,12.31
9646,US-2017-107979,FO-14305,OFF-ST-10002485,277,111,Standard Class,35.17,2,0.2,-8.35
9647,US-2017-107979,FO-14305,OFF-BI-10000778,277,111,Standard Class,72.59,2,0.7,-48.39
9648,CA-2014-150518,MW-18220,OFF-ST-10000877,624,85,Standard Class,221.16,4,0.0,57.5
9649,CA-2014-150518,MW-18220,TEC-PH-10002103,624,85,Standard Class,281.97,3,0.0,78.95
9650,CA-2016-107104,MS-17365,FUR-BO-10002213,63,492,Standard Class,3406.66,8,0.15,160.31
9651,CA-2016-107104,MS-17365,OFF-AR-10004269,63,492,Standard Class,37.17,9,0.0,10.41
9652,CA-2016-107104,MS-17365,OFF-AP-10000055,63,492,Standard Class,64.96,2,0.0,19.49
9653,CA-2016-107104,MS-17365,FUR-FU-10002937,63,492,Standard Class,595.38,6,0.0,297.69
9654,CA-2017-161893,HP-14815,TEC-AC-10001874,116,206,Standard Class,95.98,2,0.2,12.0
9655,CA-2017-161893,HP-14815,OFF-BI-10004506,116,206,Standard Class,4.94,2,0.7,-3.62
9656,CA-2014-156160,AS-10090,FUR-FU-10001876,46,359,Standard Class,97.44,3,0.0,35.08
9657,CA-2014-156160,AS-10090,OFF-BI-10003355,46,359,Standard Class,3.98,1,0.2,1.39
9658,CA-2014-156160,AS-10090,OFF-AR-10003876,46,359,Standard Class,13.04,4,0.0,5.74
9659,CA-2014-156160,AS-10090,FUR-CH-10004983,46,359,Standard Class,579.53,4,0.1,83.71
9660,CA-2014-100860,CS-12505,OFF-LA-10001982,283,960,Second Class,18.75,5,0.0,9.0
9661,CA-2016-160717,ME-17320,TEC-PH-10001459,538,113,Standard Class,3023.93,9,0.2,226.79
9662,CA-2016-160717,ME-17320,TEC-AC-10002134,538,113,Standard Class,26.96,2,0.0,3.77
9663,CA-2016-160717,ME-17320,TEC-PH-10001760,538,113,Standard Class,477.6,3,0.2,161.19
9664,CA-2017-132619,MS-17770,OFF-ST-10001511,10,516,Standard Class,193.95,3,0.0,9.7
9665,US-2015-120957,KH-16690,OFF-PA-10003953,216,215,Same Day,12.96,2,0.0,6.22
9666,CA-2017-157448,LC-16885,FUR-FU-10003268,14,674,Standard Class,119.94,3,0.0,23.99
9667,CA-2017-157448,LC-16885,FUR-FU-10001847,14,674,Standard Class,12.42,3,0.0,4.47
9668,CA-2016-126270,AF-10870,OFF-BI-10002764,625,132,Standard Class,18.09,7,0.2,6.56
9669,CA-2016-126270,AF-10870,OFF-EN-10004386,625,132,Standard Class,71.97,3,0.0,35.98
9670,CA-2017-145275,AH-10465,OFF-LA-10001569,34,460,Standard Class,14.94,3,0.0,6.87
9671,CA-2015-133396,GK-14620,OFF-AR-10001446,308,864,First Class,64.68,7,0.2,8.09
9672,US-2017-140312,KL-16645,TEC-PH-10003442,626,39,Standard Class,22.0,5,0.2,1.38
9673,CA-2016-114867,FM-14290,OFF-PA-10000477,106,444,Standard Class,7.97,2,0.2,2.69
9674,CA-2016-114867,FM-14290,TEC-PH-10002645,106,444,Standard Class,1499.97,5,0.4,-374.99
9675,US-2014-164644,JL-15850,OFF-ST-10003123,15,193,Second Class,26.63,1,0.2,1.33
9676,CA-2016-137393,GM-14500,FUR-FU-10001617,411,716,Standard Class,41.6,4,0.0,14.14
9677,US-2014-120175,MC-17635,OFF-EN-10003862,239,684,Standard Class,64.02,6,0.0,29.45
9678,CA-2016-144785,CS-12490,OFF-AR-10001573,30,725,Standard Class,6.99,3,0.0,2.03
9679,CA-2016-144785,CS-12490,OFF-SU-10004290,30,725,Standard Class,6.84,1,0.0,1.85
9680,CA-2015-130113,AH-10030,OFF-ST-10000046,35,18,Standard Class,323.1,2,0.0,61.39
9681,CA-2015-130113,AH-10030,TEC-PH-10003505,35,18,Standard Class,668.16,9,0.2,75.17
9682,CA-2017-122770,EP-13915,OFF-LA-10004559,35,1097,Standard Class,8.64,3,0.0,4.23
9683,CA-2017-122770,EP-13915,OFF-PA-10003172,35,1097,Standard Class,38.88,6,0.0,18.66
9684,CA-2017-122770,EP-13915,FUR-FU-10001473,35,1097,Standard Class,201.04,8,0.0,54.28
9685,CA-2017-122770,EP-13915,OFF-PA-10000232,35,1097,Standard Class,12.96,2,0.0,6.35
9686,CA-2017-118668,FW-14395,TEC-AC-10000682,4,461,Second Class,16.59,1,0.0,5.81
9687,CA-2017-116498,KA-16525,OFF-AR-10003405,89,1110,Standard Class,35.1,6,0.0,10.18
9688,US-2017-130603,SC-20050,OFF-BI-10000301,175,1034,Standard Class,11.65,9,0.8,-17.47
9689,US-2017-135986,PG-18895,OFF-PA-10001534,196,309,Standard Class,32.4,5,0.0,15.55
9690,US-2017-135986,PG-18895,TEC-PH-10003691,196,309,Standard Class,503.96,4,0.0,125.99
9691,CA-2017-140536,TA-21385,OFF-AR-10001545,46,1096,First Class,7.04,4,0.0,2.04
9692,CA-2015-130183,PO-18850,FUR-BO-10001811,17,51,Standard Class,614.0,3,0.32,-18.06
9693,CA-2015-107902,SM-20950,OFF-ST-10001837,70,835,Standard Class,470.36,11,0.0,122.29
9694,CA-2017-130148,NK-18490,OFF-PA-10000551,95,242,Second Class,31.08,6,0.0,15.23
9695,CA-2017-130148,NK-18490,OFF-SU-10001574,95,242,Second Class,7.3,2,0.0,2.19
9696,US-2016-151260,SC-20695,OFF-AP-10002892,158,26,First Class,73.54,4,0.2,9.19
9697,CA-2014-144281,HK-14890,OFF-LA-10003930,152,1227,Second Class,491.55,5,0.0,240.86
9698,CA-2016-122511,BT-11485,FUR-FU-10001037,12,22,Same Day,30.34,4,0.2,9.48
9699,CA-2017-154116,KM-16660,OFF-PA-10004569,96,935,Standard Class,22.83,3,0.0,10.73
9700,CA-2017-154116,KM-16660,OFF-AP-10000027,96,935,Standard Class,54.32,4,0.0,16.3
9701,CA-2017-154116,KM-16660,TEC-PH-10000675,96,935,Standard Class,196.78,3,0.2,14.76
9702,CA-2016-105291,SP-20920,OFF-FA-10003059,627,860,Standard Class,3.62,2,0.0,1.19
9703,CA-2017-147032,LB-16795,OFF-PA-10003256,50,690,Standard Class,11.54,1,0.0,5.54
9704,CA-2017-147032,LB-16795,OFF-BI-10003656,50,690,Standard Class,849.95,5,0.0,390.98
9705,CA-2017-147032,LB-16795,OFF-BI-10002897,50,690,Standard Class,11.01,3,0.0,5.39
9706,CA-2017-125990,JS-16030,OFF-BI-10004826,35,16,Standard Class,39.62,3,0.2,13.87
9707,CA-2016-161746,CS-11950,FUR-CH-10004626,63,148,Standard Class,242.14,3,0.2,12.11
9708,CA-2016-161746,CS-11950,OFF-AR-10000390,63,148,Standard Class,12.39,3,0.0,5.7
9709,CA-2016-161746,CS-11950,FUR-FU-10003731,63,148,Standard Class,19.96,2,0.0,5.59
9710,CA-2016-161746,CS-11950,OFF-ST-10002743,63,148,Standard Class,340.92,3,0.0,3.41
9711,CA-2014-114251,MD-17350,FUR-FU-10001468,106,1128,Standard Class,273.57,2,0.2,-34.2
9712,CA-2014-114251,MD-17350,OFF-BI-10003684,106,1128,Standard Class,13.19,2,0.7,-8.8
9713,CA-2014-114251,MD-17350,OFF-ST-10003716,106,1128,Standard Class,1080.1,6,0.2,-94.51
9714,CA-2014-114251,MD-17350,TEC-AC-10001101,106,1128,Standard Class,51.56,5,0.2,-6.44
9715,CA-2014-114251,MD-17350,TEC-AC-10004864,106,1128,Standard Class,58.42,2,0.2,16.79
9716,CA-2016-116379,LD-17005,OFF-BI-10001543,35,78,Standard Class,57.58,2,0.2,20.15
9717,US-2016-144477,DB-13270,OFF-AR-10000914,64,400,Second Class,37.31,4,0.2,2.8
9718,CA-2016-108210,AT-10735,TEC-PH-10002293,17,199,Same Day,79.96,5,0.2,8.0
9719,CA-2016-108210,AT-10735,TEC-AC-10000109,17,199,Same Day,223.96,5,0.2,11.2
9720,CA-2017-166835,DK-13375,OFF-ST-10002574,208,106,Second Class,221.02,2,0.2,-55.26
9721,CA-2016-119641,CS-12250,FUR-FU-10002445,157,898,Standard Class,18.96,2,0.0,7.58
9722,CA-2016-105781,JF-15565,FUR-CH-10001802,24,596,Standard Class,326.65,3,0.1,39.92
9723,CA-2016-105781,JF-15565,TEC-AC-10003628,24,596,Standard Class,89.97,3,0.0,39.59
9724,CA-2014-101364,TW-21025,OFF-BI-10003984,165,1092,Standard Class,296.71,13,0.2,100.14
9725,CA-2015-117898,TB-21250,OFF-EN-10004459,51,902,Standard Class,12.22,2,0.2,4.43
9726,CA-2017-142293,SC-20380,TEC-AC-10001109,481,698,First Class,89.97,3,0.0,37.79
9727,CA-2017-167395,KM-16720,OFF-AP-10001293,112,575,First Class,286.86,7,0.0,80.32
9728,CA-2017-167395,KM-16720,TEC-PH-10004977,112,575,First Class,979.95,5,0.0,284.19
9729,CA-2017-167395,KM-16720,OFF-SU-10001935,112,575,First Class,4.36,2,0.0,0.17
9730,CA-2014-111962,EB-14170,OFF-BI-10001308,61,412,Standard Class,10.05,2,0.2,3.14
9731,CA-2014-111962,EB-14170,OFF-ST-10000046,61,412,Standard Class,807.75,5,0.0,153.47
9732,CA-2017-124261,JE-15715,OFF-AR-10003504,14,238,Standard Class,34.24,8,0.0,9.93
9733,CA-2014-114321,NC-18535,FUR-CH-10001797,498,1072,Standard Class,500.24,13,0.0,145.07
9734,CA-2014-114321,NC-18535,OFF-PA-10000246,498,1072,Standard Class,20.12,2,0.0,9.26
9735,CA-2014-114321,NC-18535,OFF-BI-10001359,498,1072,Standard Class,896.99,1,0.0,421.59
9736,CA-2014-128062,AD-10180,OFF-PA-10001583,64,85,Second Class,5.88,1,0.2,1.98
9737,US-2015-100069,NF-18475,TEC-PH-10004667,199,686,Standard Class,269.98,2,0.0,72.89
9738,CA-2017-129294,KD-16615,OFF-ST-10002615,4,634,Standard Class,310.12,2,0.0,80.63
9739,CA-2017-129294,KD-16615,OFF-BI-10004236,4,634,Standard Class,70.46,6,0.2,22.9
9740,CA-2017-129294,KD-16615,OFF-BI-10001757,4,634,Standard Class,19.68,5,0.2,6.89
9741,CA-2017-129294,KD-16615,OFF-AP-10001154,4,634,Standard Class,140.67,3,0.0,54.86
9742,CA-2015-117086,QJ-19255,FUR-BO-10004834,371,628,Standard Class,4404.9,5,0.0,1013.13
9743,CA-2017-131303,EP-13915,OFF-LA-10001074,89,355,Standard Class,62.65,5,0.0,29.45
9744,CA-2016-137127,JJ-15445,OFF-LA-10001641,286,951,Standard Class,9.45,3,0.0,4.54
9745,CA-2017-141782,BE-11410,OFF-EN-10002230,174,277,Standard Class,268.58,4,0.2,90.64
9746,CA-2017-137505,BP-11290,FUR-TA-10000617,142,222,Same Day,364.08,2,0.2,9.1
9747,CA-2017-137505,BP-11290,FUR-TA-10001676,142,222,Same Day,71.09,2,0.2,-1.78
9748,US-2014-140914,BH-11710,FUR-FU-10000175,156,8,Standard Class,10.98,2,0.6,-7.96
9749,US-2014-140914,BH-11710,FUR-CH-10003379,156,8,Standard Class,797.94,4,0.3,-57.0
9750,CA-2016-158358,EM-13810,TEC-AC-10002567,356,759,Standard Class,159.98,2,0.0,57.59
9751,CA-2016-113390,EP-13915,OFF-AR-10003183,27,1228,Standard Class,5.34,2,0.2,0.67
9752,CA-2016-113390,EP-13915,OFF-AR-10001446,27,1228,Standard Class,27.72,3,0.2,3.46
9753,US-2016-158680,NZ-18565,OFF-BI-10000145,61,950,First Class,2.5,1,0.2,0.9
9754,CA-2017-113705,LC-16870,OFF-LA-10000476,196,997,Second Class,8.26,2,0.0,3.8
9755,CA-2017-113705,LC-16870,OFF-BI-10001679,196,997,Second Class,17.76,2,0.0,8.88
9756,CA-2017-113705,LC-16870,OFF-ST-10001128,196,997,Second Class,332.94,3,0.0,9.99
9757,CA-2017-113705,LC-16870,FUR-TA-10002533,196,997,Second Class,292.1,2,0.0,58.42
9758,CA-2017-113705,LC-16870,TEC-PH-10004006,196,997,Second Class,206.1,5,0.0,55.65
9759,CA-2017-113705,LC-16870,OFF-PA-10002615,196,997,Second Class,17.64,4,0.0,8.11
9760,CA-2016-146913,SF-20965,FUR-CH-10001854,10,732,Standard Class,1403.92,5,0.2,70.2
9761,CA-2017-159135,KM-16375,OFF-AR-10000657,628,260,Standard Class,4.3,2,0.0,1.42
9762,CA-2014-121762,ML-17395,TEC-AC-10000736,6,1048,Standard Class,239.97,3,0.0,86.39
9763,CA-2014-121762,ML-17395,OFF-AP-10001293,6,1048,Standard Class,81.96,2,0.0,22.95
9764,CA-2014-121762,ML-17395,OFF-SU-10000157,6,1048,Standard Class,238.62,2,0.0,4.77
9765,CA-2014-123855,MC-18100,TEC-PH-10000215,2,1229,Standard Class,139.8,5,0.2,12.23
9766,CA-2017-101959,DB-13660,OFF-BI-10001757,265,1230,Standard Class,9.84,2,0.0,4.72
9767,CA-2017-101959,DB-13660,OFF-PA-10002137,265,1230,Standard Class,7.78,1,0.0,3.5
9768,CA-2017-102659,LW-17215,OFF-BI-10000088,438,35,Standard Class,54.9,5,0.0,26.9
9769,CA-2017-142328,TC-21535,OFF-PA-10000380,35,227,Standard Class,50.04,6,0.0,25.02
9770,CA-2016-123533,SC-20050,FUR-BO-10001619,187,391,Standard Class,339.92,5,0.2,8.5
9771,CA-2016-123533,SC-20050,OFF-PA-10001609,187,391,Standard Class,10.53,4,0.2,3.42
9772,CA-2016-123533,SC-20050,OFF-AP-10002765,187,391,Standard Class,42.38,2,0.2,4.24
9773,CA-2016-104983,FM-14215,OFF-PA-10000167,106,895,Same Day,123.92,5,0.2,38.72
9774,CA-2016-160234,PF-19225,TEC-PH-10004434,149,191,Standard Class,135.95,1,0.0,39.43
9775,CA-2014-169019,LF-17185,OFF-BI-10004995,66,712,Standard Class,2177.58,8,0.8,-3701.89
9776,CA-2014-169019,LF-17185,FUR-FU-10004666,66,712,Standard Class,17.5,3,0.6,-10.06
9777,CA-2014-169019,LF-17185,OFF-BI-10001524,66,712,Standard Class,16.78,4,0.8,-26.85
9778,CA-2014-169019,LF-17185,TEC-AC-10002076,66,712,Standard Class,431.14,9,0.2,-26.95
9779,CA-2014-169019,LF-17185,OFF-BI-10001679,66,712,Standard Class,8.88,5,0.8,-13.32
9780,CA-2014-169019,LF-17185,OFF-AP-10003281,66,712,Standard Class,4.84,2,0.8,-12.09
9781,CA-2016-153178,CL-12565,TEC-PH-10001944,256,750,Standard Class,437.85,3,0.0,131.35
9782,CA-2016-153178,CL-12565,OFF-BI-10004390,256,750,Standard Class,673.57,2,0.2,252.59
9783,CA-2015-149748,EM-13825,OFF-PA-10002120,336,71,Second Class,274.8,5,0.0,134.65
9784,CA-2015-149748,EM-13825,OFF-ST-10004340,336,71,Second Class,62.18,1,0.0,16.79
9785,CA-2015-149748,EM-13825,FUR-FU-10001847,336,71,Second Class,8.28,2,0.0,2.98
9786,CA-2015-155635,ME-17725,OFF-BI-10000962,176,1231,Standard Class,48.81,3,0.0,23.92
9787,US-2014-114377,BG-11035,FUR-CH-10004754,498,1128,Same Day,149.9,5,0.0,40.47
9788,CA-2017-144491,CJ-12010,FUR-BO-10001811,33,997,Standard Class,1023.33,5,0.32,-30.1
9789,CA-2017-144491,CJ-12010,FUR-CH-10004063,33,997,Standard Class,600.56,3,0.3,-8.58
9790,CA-2017-144491,CJ-12010,TEC-AC-10004901,33,997,Standard Class,39.99,1,0.2,7.0
9791,CA-2017-144491,CJ-12010,FUR-CH-10001714,33,997,Standard Class,211.25,2,0.3,-66.39
9792,CA-2014-127166,KH-16360,OFF-EN-10003134,33,372,Second Class,56.06,6,0.2,21.02
9793,CA-2014-127166,KH-16360,FUR-CH-10003396,33,372,Second Class,107.77,2,0.3,-29.25
9794,CA-2014-127166,KH-16360,OFF-PA-10001560,33,372,Second Class,4.83,1,0.2,1.63
9795,CA-2014-127166,KH-16360,OFF-BI-10000977,33,372,Second Class,18.24,3,0.8,-31.01
9796,CA-2016-125920,SH-19975,OFF-BI-10003429,27,207,Standard Class,3.8,3,0.8,-5.89
9797,CA-2015-128608,CS-12490,OFF-AR-10001374,214,1027,Standard Class,10.37,2,0.2,1.56
9798,CA-2015-128608,CS-12490,TEC-PH-10004977,214,1027,Standard Class,235.19,2,0.4,-43.12
9799,CA-2015-128608,CS-12490,TEC-PH-10000912,214,1027,Standard Class,26.38,4,0.4,2.64
9800,CA-2015-128608,CS-12490,TEC-AC-10000487,214,1027,Standard Class,10.38,2,0.2,2.21
9801,CA-2015-128608,CS-12490,TEC-PH-10002262,214,1027,Standard Class,107.12,3,0.4,-21.42
9802,CA-2017-137918,JK-15730,OFF-SU-10000898,629,366,Standard Class,97.3,7,0.0,28.22
9803,CA-2015-122973,PJ-19015,OFF-BI-10004182,24,1075,Second Class,3.33,2,0.2,1.21
9804,CA-2015-122973,PJ-19015,TEC-PH-10002468,24,1075,Second Class,135.99,1,0.0,36.72
9805,CA-2015-122973,PJ-19015,FUR-FU-10002364,24,1075,Second Class,7.38,1,0.0,2.14
9806,CA-2016-136322,AP-10720,FUR-FU-10002878,3,148,Standard Class,45.57,2,0.2,9.68
9807,CA-2016-136322,AP-10720,OFF-BI-10004817,3,148,Standard Class,28.75,8,0.7,-21.08
9808,CA-2017-107209,JW-15955,FUR-CH-10001146,315,945,Second Class,194.85,4,0.2,12.18
9809,CA-2017-145093,PT-19090,OFF-BI-10001116,37,247,Standard Class,2.11,2,0.8,-3.38
9810,US-2014-139640,TB-21595,OFF-PA-10000304,41,846,Second Class,25.92,5,0.2,9.07
9811,US-2014-139640,TB-21595,OFF-AR-10002240,41,846,Second Class,120.77,4,0.2,9.06
9812,CA-2016-117583,CB-12025,OFF-PA-10001246,621,582,First Class,25.92,4,0.0,12.44
9813,CA-2016-117583,CB-12025,OFF-AR-10000658,621,582,First Class,34.65,3,0.0,9.7
9814,CA-2016-117583,CB-12025,OFF-PA-10000100,621,582,First Class,204.95,5,0.0,100.43
9815,CA-2016-117583,CB-12025,OFF-BI-10004233,621,582,First Class,79.95,5,0.0,38.38
9816,CA-2015-162201,AG-10495,OFF-PA-10002581,105,1214,Standard Class,173.49,7,0.2,54.22
9817,CA-2015-162201,AG-10495,OFF-ST-10000046,105,1214,Standard Class,516.96,4,0.2,-6.46
9818,CA-2015-162201,AG-10495,FUR-FU-10001185,105,1214,Standard Class,173.21,7,0.2,45.47
9819,CA-2015-162201,AG-10495,OFF-AR-10003856,105,1214,Standard Class,4.45,2,0.2,0.33
9820,CA-2015-162201,AG-10495,OFF-LA-10001982,105,1214,Standard Class,9.0,3,0.2,3.15
9821,CA-2015-162201,AG-10495,OFF-PA-10001215,105,1214,Standard Class,42.24,10,0.2,13.2
9822,CA-2015-162201,AG-10495,OFF-BI-10002429,105,1214,Standard Class,18.26,2,0.7,-13.39
9823,US-2014-164406,BD-11605,OFF-AP-10003287,35,861,Standard Class,152.91,3,0.0,42.81
9824,US-2014-164406,BD-11605,OFF-PA-10000167,35,861,Standard Class,92.94,3,0.0,41.82
9825,US-2014-164406,BD-11605,OFF-BI-10002309,35,861,Standard Class,17.86,4,0.2,6.25
9826,US-2014-164406,BD-11605,OFF-BI-10003638,35,861,Standard Class,46.44,3,0.2,15.09
9827,US-2014-164406,BD-11605,FUR-CH-10003833,35,861,Standard Class,195.14,4,0.2,-12.2
9828,CA-2017-169999,JS-15685,OFF-ST-10001511,46,250,Standard Class,129.3,2,0.0,6.46
9829,CA-2017-169999,JS-15685,OFF-BI-10004728,46,250,Standard Class,11.57,3,0.2,3.76
9830,US-2017-152842,NF-18385,FUR-CH-10004218,44,12,Standard Class,242.35,3,0.2,15.15
9831,CA-2014-113257,SC-20305,TEC-AC-10004171,582,758,Second Class,319.97,4,0.2,95.99
9832,CA-2014-113257,SC-20305,FUR-FU-10001706,582,758,Second Class,8.62,7,0.6,-2.59
9833,CA-2014-133963,GA-14515,OFF-PA-10001526,78,599,Second Class,3.98,1,0.2,1.44
9834,CA-2017-130302,CY-12745,TEC-AC-10002001,158,33,Standard Class,895.94,7,0.2,190.39
9835,CA-2016-126627,WB-21850,FUR-FU-10004963,630,1156,First Class,14.0,4,0.6,-6.3
9836,CA-2016-126627,WB-21850,OFF-BI-10001597,630,1156,First Class,16.39,2,0.8,-26.23
9837,US-2016-125402,DL-12865,OFF-PA-10000141,107,478,Standard Class,10.9,5,0.0,5.12
9838,US-2016-125402,DL-12865,OFF-LA-10003923,107,478,Standard Class,29.6,2,0.0,14.8
9839,US-2016-125402,DL-12865,OFF-LA-10001771,107,478,Standard Class,4.98,1,0.0,2.29
9840,US-2016-125402,DL-12865,TEC-CO-10001943,107,478,Standard Class,479.98,3,0.2,161.99
9841,US-2016-125402,DL-12865,TEC-PH-10003356,107,478,Standard Class,44.74,8,0.2,4.47
9842,US-2016-125402,DL-12865,OFF-AR-10002255,107,478,Standard Class,5.76,2,0.0,1.67
9843,US-2016-125402,DL-12865,FUR-CH-10000665,107,478,Standard Class,483.14,4,0.2,60.39
9844,CA-2014-163867,RE-19450,OFF-LA-10001771,68,562,First Class,15.94,4,0.2,5.18
9845,CA-2014-163867,RE-19450,FUR-FU-10001475,68,562,First Class,61.54,7,0.6,-40.0
9846,CA-2014-163867,RE-19450,OFF-ST-10000877,68,562,First Class,132.7,3,0.2,9.95
9847,CA-2017-169327,MH-17290,OFF-AP-10001492,142,265,Second Class,43.1,5,0.0,11.21
9848,CA-2017-169327,MH-17290,FUR-FU-10004188,142,265,Second Class,511.5,5,0.0,132.99
9849,CA-2017-169327,MH-17290,OFF-BI-10004330,142,265,Second Class,147.92,5,0.2,46.22
9850,CA-2014-142979,EH-13765,OFF-AR-10002987,629,792,Standard Class,39.68,2,0.0,16.27
9851,CA-2016-158155,EH-13765,FUR-FU-10000732,30,441,Standard Class,12.56,2,0.0,4.02
9852,CA-2016-158155,EH-13765,OFF-BI-10001670,30,441,Standard Class,90.48,3,0.2,33.93
9853,CA-2016-158155,EH-13765,OFF-PA-10000533,30,441,Standard Class,13.08,2,0.0,6.02
9854,CA-2016-158155,EH-13765,FUR-FU-10002253,30,441,Standard Class,214.7,5,0.0,83.73
9855,CA-2017-138870,GA-14515,FUR-FU-10002396,10,250,Standard Class,50.32,4,0.0,21.13
9856,CA-2017-138870,GA-14515,OFF-PA-10004438,10,250,Standard Class,24.56,2,0.0,11.54
9857,CA-2014-120950,GA-14515,OFF-PA-10000587,113,1232,Standard Class,43.68,6,0.0,20.97
9858,CA-2015-164301,EB-13840,FUR-TA-10001889,6,515,Standard Class,3393.68,8,0.0,610.86
9859,CA-2017-113278,HR-14770,OFF-ST-10001590,239,425,Standard Class,67.4,5,0.0,17.52
9860,CA-2017-113278,HR-14770,OFF-FA-10003472,239,425,Standard Class,2.52,2,0.0,0.1
9861,CA-2017-113278,HR-14770,TEC-PH-10000169,239,425,Standard Class,67.8,4,0.0,1.36
9862,CA-2017-113278,HR-14770,OFF-ST-10002562,239,425,Standard Class,18.76,2,0.0,5.25
9863,CA-2017-113278,HR-14770,TEC-AC-10001445,239,425,Standard Class,12.12,4,0.0,2.55
9864,CA-2017-113278,HR-14770,OFF-PA-10004156,239,425,Standard Class,11.34,1,0.0,5.56
9865,CA-2017-113278,HR-14770,TEC-AC-10004469,239,425,Standard Class,159.8,4,0.0,70.31
9866,CA-2017-113278,HR-14770,FUR-FU-10001037,239,425,Standard Class,18.96,2,0.0,8.53
9867,US-2015-116981,SM-20950,OFF-ST-10002615,30,515,Second Class,1085.42,7,0.0,282.21
9868,US-2015-116981,SM-20950,OFF-AP-10000595,30,515,Second Class,13.11,3,0.0,3.41
9869,CA-2014-114195,EA-14035,FUR-FU-10002253,631,302,First Class,68.7,2,0.2,16.32
9870,CA-2014-114195,EA-14035,OFF-BI-10000494,631,302,First Class,3.13,2,0.7,-2.61
9871,CA-2014-114195,EA-14035,OFF-BI-10001658,631,302,First Class,22.43,3,0.7,-17.94
9872,CA-2017-146269,MH-17455,OFF-ST-10003208,37,834,Same Day,290.34,2,0.2,32.66
9873,CA-2017-146269,MH-17455,OFF-AR-10004790,37,834,Same Day,19.15,2,0.2,1.2
9874,CA-2016-100587,SL-20155,OFF-PA-10004609,24,108,Standard Class,6.48,1,0.0,3.11
9875,CA-2016-166653,NP-18685,OFF-EN-10003055,272,898,Second Class,63.97,2,0.2,19.99
9876,CA-2015-130855,RF-19840,OFF-SU-10003936,46,1233,Standard Class,6.36,2,0.0,0.06
9877,US-2017-166324,BE-11455,OFF-ST-10000078,178,694,First Class,848.54,4,0.2,-21.21
9878,US-2017-166324,BE-11455,OFF-BI-10000174,178,694,First Class,8.7,5,0.7,-6.38
9879,US-2017-166324,BE-11455,TEC-PH-10004080,178,694,First Class,122.38,3,0.4,-24.48
9880,CA-2016-122581,JK-15370,FUR-CH-10002961,46,1037,Standard Class,573.17,7,0.1,63.69
9881,CA-2015-104297,CC-12100,OFF-PA-10000474,178,353,First Class,85.06,3,0.2,28.71
9882,CA-2014-153927,LL-16840,OFF-BI-10000138,632,1133,First Class,14.04,3,0.0,6.74
9883,CA-2014-153927,LL-16840,TEC-AC-10000023,632,1133,First Class,272.61,13,0.0,98.14
9884,CA-2014-112291,KE-16420,OFF-EN-10001415,142,1234,Standard Class,11.16,2,0.0,5.58
9885,CA-2014-112291,KE-16420,TEC-AC-10001284,142,1234,Standard Class,62.31,3,0.0,22.43
9886,CA-2014-112291,KE-16420,TEC-AC-10000736,142,1234,Standard Class,159.98,2,0.0,57.59
9887,CA-2014-146997,SG-20605,OFF-FA-10003467,378,1213,Standard Class,5.94,3,0.0,0.0
9888,CA-2017-169607,CA-12265,OFF-PA-10000477,24,387,First Class,9.96,2,0.0,4.68
9889,CA-2015-127544,RD-19585,TEC-AC-10000736,551,817,Standard Class,79.99,1,0.0,28.8
9890,CA-2017-166499,VG-21805,OFF-AR-10002467,101,499,First Class,8.94,3,0.0,2.41
9891,US-2016-115441,SH-19975,OFF-PA-10004996,202,198,Second Class,20.62,2,0.0,9.69
9892,US-2016-115441,SH-19975,TEC-AC-10003116,202,198,Second Class,124.25,7,0.0,48.46
9893,US-2016-115441,SH-19975,TEC-PH-10002262,202,198,Second Class,297.55,5,0.0,83.31
9894,US-2016-115441,SH-19975,FUR-CH-10004626,202,198,Second Class,403.56,4,0.0,96.85
9895,US-2016-115441,SH-19975,FUR-FU-10001756,202,198,Second Class,95.2,5,0.0,27.61
9896,CA-2014-115049,MM-17920,TEC-AC-10004859,37,468,Standard Class,153.82,11,0.2,38.46
9897,CA-2014-156342,JF-15415,OFF-PA-10001725,156,1104,Second Class,62.02,2,0.2,22.48
9898,CA-2016-112830,LP-17095,FUR-FU-10004306,324,113,Standard Class,466.32,3,0.2,34.97
9899,CA-2016-112830,LP-17095,FUR-FU-10004845,324,113,Standard Class,82.64,2,0.2,0.0
9900,US-2014-117380,MP-18175,FUR-TA-10000198,158,1177,Standard Class,330.59,1,0.4,-143.25
9901,CA-2017-117646,SC-20845,OFF-ST-10000036,128,171,Standard Class,237.1,3,0.2,20.75
9902,CA-2017-117646,SC-20845,FUR-FU-10001037,128,171,Standard Class,22.75,3,0.2,7.11
9903,CA-2017-117646,SC-20845,OFF-PA-10001950,128,171,Standard Class,6.67,1,0.2,2.08
9904,CA-2014-122609,DP-13000,FUR-FU-10004587,297,608,Standard Class,25.13,3,0.6,-6.91
9905,CA-2014-122609,DP-13000,TEC-AC-10002567,297,608,Standard Class,127.98,2,0.2,25.6
9906,US-2015-129007,KD-16615,FUR-FU-10004973,159,1024,First Class,131.88,7,0.0,55.39
9907,US-2015-129007,KD-16615,OFF-BI-10001628,159,1024,First Class,25.03,3,0.2,7.82
9908,US-2015-129007,KD-16615,FUR-CH-10000155,159,1024,First Class,717.72,3,0.2,71.77
9909,US-2015-129007,KD-16615,FUR-FU-10002379,159,1024,First Class,207.35,5,0.0,24.88
9910,US-2015-129007,KD-16615,FUR-FU-10004018,159,1024,First Class,44.67,3,0.0,12.06
9911,US-2015-129007,KD-16615,OFF-PA-10000994,159,1024,First Class,209.7,2,0.0,100.66
9912,US-2014-157231,RP-19855,OFF-BI-10002852,127,268,Standard Class,115.36,7,0.0,56.53
9913,CA-2015-132388,KN-16390,FUR-CH-10001714,538,999,First Class,362.14,3,0.2,-54.32
9914,CA-2015-132388,KN-16390,OFF-LA-10000414,538,999,First Class,31.05,3,0.0,14.9
9915,CA-2017-160927,TM-21010,OFF-PA-10003848,606,927,Second Class,12.96,2,0.0,6.22
9916,CA-2017-160927,TM-21010,OFF-PA-10000176,606,927,Second Class,94.85,5,0.0,45.53
9917,CA-2017-160927,TM-21010,OFF-ST-10001590,606,927,Second Class,13.48,1,0.0,3.5
9918,CA-2017-160927,TM-21010,FUR-FU-10000010,606,927,Second Class,14.91,3,0.0,4.62
9919,CA-2015-105508,JF-15190,OFF-EN-10003055,46,497,Standard Class,39.98,1,0.0,17.99
9920,CA-2016-149272,MY-18295,FUR-CH-10000863,617,544,Standard Class,528.43,5,0.3,-143.43
9921,CA-2016-149272,MY-18295,OFF-BI-10004233,617,544,Standard Class,22.39,7,0.8,-35.82
9922,CA-2014-111360,AT-10435,OFF-BI-10003350,76,157,Standard Class,5.74,3,0.7,-4.59
9923,US-2017-162124,JF-15490,TEC-AC-10001990,156,637,Standard Class,191.97,4,0.2,28.8
9924,CA-2015-159534,DH-13075,OFF-BI-10003982,46,306,First Class,49.85,3,0.2,16.82
9925,CA-2015-159534,DH-13075,OFF-EN-10004386,46,306,First Class,23.99,1,0.0,12.0
9926,CA-2015-159534,DH-13075,OFF-BI-10003656,46,306,First Class,1087.94,8,0.2,353.58
9927,CA-2015-159534,DH-13075,TEC-PH-10002310,46,306,First Class,199.98,2,0.0,53.99
9928,CA-2015-159534,DH-13075,OFF-ST-10001172,46,306,First Class,83.92,4,0.0,20.14
9929,CA-2016-129630,IM-15055,FUR-FU-10000260,35,914,Same Day,24.27,3,0.0,8.74
9930,CA-2016-129630,IM-15055,TEC-CO-10003763,35,914,Same Day,2799.96,5,0.2,944.99
9931,CA-2015-104948,KH-16510,OFF-BI-10001267,343,51,Standard Class,9.87,2,0.2,3.46
9932,CA-2015-104948,KH-16510,FUR-BO-10004357,343,51,Standard Class,683.33,4,0.15,-40.2
9933,CA-2015-104948,KH-16510,OFF-PA-10004610,343,51,Standard Class,29.96,7,0.0,13.48
9934,CA-2014-166555,JK-15205,TEC-PH-10004912,278,385,First Class,164.85,3,0.0,47.81
9935,CA-2016-114405,AS-10240,OFF-AP-10003278,75,282,Standard Class,33.53,3,0.2,2.51
9936,CA-2016-114405,AS-10240,OFF-ST-10001627,75,282,Standard Class,36.74,3,0.2,3.67
9937,CA-2017-132955,SC-20575,OFF-BI-10002735,482,93,Standard Class,102.93,3,0.0,48.38
9938,CA-2016-164889,CP-12340,FUR-TA-10001676,14,1235,Second Class,71.09,2,0.2,-1.78
9939,CA-2016-169824,NS-18640,FUR-FU-10004864,30,940,Standard Class,60.35,5,0.0,19.92
9940,CA-2016-169824,NS-18640,OFF-SU-10000952,30,940,Standard Class,35.52,4,0.0,9.95
9941,CA-2016-169824,NS-18640,OFF-AR-10000462,30,940,Standard Class,11.2,7,0.0,4.82
9942,CA-2017-164028,JL-15835,TEC-AC-10001772,35,222,Standard Class,223.58,14,0.0,87.2
9943,CA-2014-143371,MD-17350,OFF-ST-10001128,159,130,Standard Class,998.82,9,0.0,29.96
9944,CA-2014-143371,MD-17350,OFF-SU-10002537,159,130,Standard Class,51.15,5,0.0,13.3
9945,CA-2015-145415,RD-19660,OFF-ST-10000419,6,1236,Second Class,40.74,3,0.0,0.41
9946,CA-2014-111157,NH-18610,OFF-PA-10000327,75,1087,Standard Class,3.42,1,0.2,1.07
9947,CA-2014-111157,NH-18610,TEC-AC-10004353,75,1087,Standard Class,151.2,3,0.2,32.13
9948,CA-2017-121559,HW-14935,FUR-CH-10003746,305,703,Second Class,1925.88,6,0.0,539.25
9949,CA-2017-121559,HW-14935,OFF-AP-10002945,305,703,Second Class,2405.2,8,0.0,793.72
9950,CA-2017-121559,HW-14935,TEC-AC-10004568,305,703,Second Class,83.97,3,0.0,15.95
9951,CA-2017-121559,HW-14935,TEC-AC-10001714,305,703,Second Class,39.89,1,0.0,14.76
9952,CA-2017-121559,HW-14935,OFF-BI-10002072,305,703,Second Class,17.38,2,0.0,8.69
9953,CA-2015-141593,DB-12970,OFF-BI-10001153,63,640,Second Class,55.26,2,0.2,20.72
9954,CA-2015-141593,DB-12970,OFF-PA-10004983,63,640,Second Class,6.48,1,0.0,3.11
9955,CA-2015-141593,DB-12970,OFF-BI-10000948,63,640,Second Class,34.25,3,0.2,11.56
9956,CA-2015-141593,DB-12970,FUR-TA-10002622,63,640,Second Class,273.57,2,0.2,10.26
9957,US-2014-143287,KN-16705,OFF-PA-10001776,132,8,Standard Class,46.35,5,0.0,21.78
9958,US-2014-143287,KN-16705,OFF-PA-10004039,132,8,Standard Class,223.92,4,0.0,109.72
9959,US-2014-143287,KN-16705,OFF-SU-10001574,132,8,Standard Class,7.3,2,0.0,2.19
9960,CA-2017-137421,AJ-10945,OFF-AR-10001761,524,834,Standard Class,9.34,2,0.2,1.87
9961,CA-2017-141446,CL-12700,TEC-AC-10002305,203,119,Second Class,18.0,1,0.0,3.24
9962,CA-2015-168088,CM-12655,OFF-PA-10000675,17,532,First Class,65.58,2,0.2,23.77
9963,CA-2015-168088,CM-12655,FUR-BO-10004218,17,532,First Class,383.47,4,0.32,-67.67
9964,CA-2015-143700,AS-10240,OFF-PA-10003072,12,354,Same Day,10.37,2,0.2,3.63
9965,CA-2016-146374,HE-14800,FUR-FU-10002671,286,6,Second Class,13.4,1,0.0,6.43
9966,CA-2016-146374,HE-14800,OFF-PA-10000349,286,6,Second Class,4.98,1,0.0,2.34
9967,CA-2016-146374,HE-14800,OFF-EN-10004483,286,6,Second Class,109.69,7,0.0,51.55
9968,CA-2017-153871,RB-19435,OFF-BI-10004209,171,158,Standard Class,40.2,5,0.0,18.09
9969,CA-2017-153871,RB-19435,OFF-BI-10004600,171,158,Standard Class,735.98,2,0.0,331.19
9970,CA-2017-153871,RB-19435,OFF-AP-10003622,171,158,Standard Class,22.75,7,0.0,6.6
9971,CA-2015-103772,MP-17470,OFF-BI-10002867,270,1142,Standard Class,119.56,2,0.0,55.0
9972,CA-2015-103772,MP-17470,OFF-AR-10000538,270,1142,Standard Class,140.75,5,0.0,42.22
9973,CA-2016-130225,RC-19960,OFF-EN-10000056,17,109,Standard Class,99.57,2,0.2,33.6
9974,US-2016-103674,AP-10720,TEC-PH-10004080,4,410,Standard Class,271.96,5,0.2,27.2
9975,US-2016-103674,AP-10720,OFF-AR-10004752,4,410,Standard Class,18.69,7,0.0,5.23
9976,US-2016-103674,AP-10720,OFF-PA-10000743,4,410,Standard Class,13.36,2,0.0,6.41
9977,US-2016-103674,AP-10720,TEC-PH-10002496,4,410,Standard Class,249.58,2,0.2,31.2
9978,US-2016-103674,AP-10720,OFF-FA-10003467,4,410,Standard Class,13.86,7,0.0,0.0
9979,US-2016-103674,AP-10720,OFF-BI-10003727,4,410,Standard Class,13.38,4,0.2,4.68
9980,US-2016-103674,AP-10720,OFF-BI-10002026,4,410,Standard Class,437.47,14,0.2,153.12
9981,US-2015-151435,SW-20455,FUR-TA-10001039,300,685,Second Class,85.98,1,0.0,22.35
9982,CA-2017-163566,TB-21055,OFF-LA-10004484,324,647,First Class,16.52,5,0.2,5.37
9983,US-2016-157728,RC-19960,OFF-PA-10002195,438,898,Standard Class,35.56,7,0.0,16.71
9984,US-2016-157728,RC-19960,TEC-PH-10001305,438,898,Standard Class,97.98,2,0.0,27.43
9985,CA-2015-100251,DV-13465,OFF-LA-10003766,256,962,Standard Class,31.5,10,0.0,15.12
9986,CA-2015-100251,DV-13465,OFF-SU-10000898,256,962,Standard Class,55.6,4,0.0,16.12
9987,CA-2016-125794,ML-17410,TEC-AC-10003399,142,322,Standard Class,36.24,1,0.0,15.22
9988,CA-2017-163629,RA-19885,TEC-AC-10001539,507,702,Standard Class,79.99,1,0.0,28.8
9989,CA-2017-163629,RA-19885,TEC-PH-10004006,507,702,Standard Class,206.1,5,0.0,55.65
9990,CA-2014-110422,TB-21400,FUR-FU-10001889,124,1237,Second Class,25.25,3,0.2,4.1
9991,CA-2017-121258,DB-13060,FUR-FU-10000747,147,426,Standard Class,91.96,2,0.0,15.63
9992,CA-2017-121258,DB-13060,TEC-PH-10003645,147,426,Standard Class,258.58,2,0.2,19.39
9993,CA-2017-121258,DB-13060,OFF-PA-10004041,147,426,Standard Class,29.6,4,0.0,13.32
9994,CA-2017-119914,CC-12220,OFF-AP-10002684,280,465,Second Class,243.16,2,0.0,72.95
